date,MarutiSuzuki_avg_sentiment,Open,High,Low,Close,Adj Close,Volume
2021-08-02,0.006542567306214237,7100.0,7107.4501953125,7031.0,7076.9501953125,6856.22900390625,433760
2021-08-03,0.5085144497454166,7124.9501953125,7221.0,7086.10009765625,7199.39990234375,6974.85986328125,470570
2021-08-04,-0.9863015684240963,7220.0,7248.60009765625,7003.5,7102.89990234375,6881.36865234375,484122
2021-08-05,0.002331339113879949,7072.0,7079.9501953125,7006.0,7027.5498046875,6851.7783203125,495133
2021-08-09,-0.9994084106583614,7135.0,7165.0,7038.0,7081.75,6904.62255859375,264983
2021-08-11,-0.9864884610287845,7002.0,7095.0,6925.14990234375,7021.5,6845.8798828125,414311
2021-08-13,0.0008596330881118774,7030.0,7049.89990234375,6973.85009765625,7002.2001953125,6827.06298828125,431784
2021-08-17,-0.9995206988533027,6800.0,6943.0,6746.39990234375,6885.39990234375,6713.18408203125,752517
2021-08-18,-0.9993867299053818,6943.75,6943.75,6820.0,6840.10009765625,6669.01708984375,434144
2021-08-20,-0.9676528461277485,6815.0,6914.64990234375,6780.0,6850.89990234375,6679.546875,657982
2021-08-23,-0.8231931205838918,6905.0,6918.0,6801.0,6825.89990234375,6655.171875,537302
2021-08-24,-0.6763743584035963,6789.5,6852.0,6740.60009765625,6803.2001953125,6633.0400390625,646993
2021-08-25,0.10659869731817809,6838.0,6838.0,6700.0,6711.4501953125,6543.58447265625,722194
2021-08-26,-0.8131294238264672,6700.0,6701.35009765625,6591.0,6608.60009765625,6443.30712890625,1199429
2021-08-27,0.10950974807409304,6629.75,6694.60009765625,6600.0,6624.85009765625,6459.15087890625,1428388
2021-08-30,-0.6486804520619833,6690.0,6810.0,6653.85009765625,6796.89990234375,6626.8974609375,819447
2021-08-31,-0.7700771234168704,6820.0,6872.0,6763.5498046875,6846.10009765625,6674.86669921875,938326
2021-09-01,-0.507145150215365,6799.9501953125,6820.0,6702.35009765625,6784.89990234375,6615.197265625,1108476
2021-09-02,-0.8178559839725494,6852.7001953125,6858.9501953125,6708.2001953125,6792.89990234375,6622.9970703125,741052
2021-09-03,-0.9035218489145682,6770.0,6958.0,6751.60009765625,6863.10009765625,6691.44189453125,1196077
2021-09-06,-0.5329593767201004,6925.0,6954.0,6838.0,6846.89990234375,6675.64697265625,897444
2021-09-07,-0.006725676124915481,6879.89990234375,6929.89990234375,6853.7001953125,6877.14990234375,6705.1396484375,743783
2021-09-08,-0.7144152142864186,6852.10009765625,6858.35009765625,6756.0,6781.25,6611.638671875,847767
2021-09-09,0.4330193614587188,6750.0,6818.4501953125,6740.0,6802.25,6632.11376953125,515702
2021-09-13,-0.8785379128530622,6835.5,6895.4501953125,6813.2998046875,6873.7001953125,6701.7763671875,508397
2021-09-14,-0.1357974212483636,6910.0,6955.0,6851.10009765625,6894.4501953125,6722.0078125,817280
2021-09-15,-0.02101312205195427,6938.0,6938.0,6880.0,6909.0,6736.193359375,310138
2021-09-16,-0.9882178073748946,6913.2998046875,6949.0,6870.0,6930.9501953125,6757.59423828125,556648
2021-09-21,-0.6970718786885429,6912.5,6939.7001953125,6741.0,6777.0,6607.4951171875,1085249
2021-09-22,0.04636588878929615,6820.0,6846.0,6785.0,6831.0,6660.14501953125,548623
2021-09-23,0.0712544597685337,6868.0,6879.89990234375,6821.0,6846.7001953125,6675.45166015625,432740
2021-09-24,0.7119541615247726,6850.0,7037.7998046875,6848.0,6952.25,6778.3623046875,1649962
2021-09-27,-0.9970730236746022,6974.0,7448.0,6974.0,7403.4501953125,7218.27685546875,2646138
2021-09-28,0.19356045266613364,7448.0,7521.5498046875,7333.5,7423.85009765625,7238.166015625,1346961
2021-09-29,0.26871243833253783,7390.5,7465.0,7291.0,7384.0498046875,7199.361328125,643556
2021-09-30,-0.6340641784693368,7384.75,7408.0498046875,7301.0498046875,7338.0498046875,7154.51171875,625717
2021-10-01,-0.37879302432062106,7220.0,7220.0,7090.0,7162.2998046875,6983.15771484375,901588
2021-10-04,-0.003183869193890132,7180.0,7214.9501953125,7131.7998046875,7170.2998046875,6990.95751953125,466994
2021-10-06,0.07557614288008255,7270.89990234375,7281.5,7164.25,7199.25,7019.18408203125,726695
2021-10-07,-0.9994897298165597,7234.9501953125,7555.0,7225.25,7492.5,7305.099609375,1646727
2021-10-08,-0.2287584077450447,7548.7001953125,7571.9501953125,7401.14990234375,7430.0,7244.162109375,630622
2021-10-11,-0.5473204254871235,7420.2001953125,7814.7998046875,7419.7998046875,7700.7998046875,7508.18896484375,1069536
2021-10-12,0.9502873290330172,7687.89990234375,7750.0,7630.0498046875,7693.7998046875,7501.3642578125,406814
2021-10-13,-0.453446330036968,7740.0,7749.9501953125,7436.5498046875,7482.14990234375,7295.0078125,1084436
2021-10-14,-0.9929588980739936,7540.0,7560.0,7445.0,7496.89990234375,7309.3896484375,831546
2021-10-18,-0.4579149965662509,7405.0,7705.2998046875,7405.0,7657.0,7465.48486328125,913963
2021-10-19,0.5477954631205648,7670.2001953125,7768.60009765625,7585.0,7655.64990234375,7464.16845703125,658869
2021-10-20,-0.7660635683860164,7615.0,7667.35009765625,7515.0,7590.75,7400.8916015625,488082
2021-10-21,-0.7915177883114666,7650.0,7650.0,7485.0,7575.25,7385.77978515625,563128
2021-10-22,-0.9798844614997506,7600.0,7625.0,7386.5498046875,7408.89990234375,7223.58984375,224520
2021-10-25,0.9820264357840642,7355.0,7396.0498046875,7219.64990234375,7260.60009765625,7078.99951171875,248058
2021-10-26,-0.797191746532917,7265.0,7337.9501953125,7210.2001953125,7297.35009765625,7114.83056640625,292203
2021-10-27,-0.4431991128314456,7285.0,7461.25,7244.0,7356.25,7172.2568359375,1218064
2021-10-28,-0.05730878015068205,7250.0,7529.7001953125,7235.0498046875,7369.7001953125,7185.37109375,961511
2021-10-29,-0.9657695281086489,7350.0,7550.0,7294.85009765625,7482.39990234375,7295.25146484375,819875
2021-11-01,-0.40460900907055475,7401.0,7666.0,7401.0,7615.5498046875,7425.0712890625,1005690
2021-11-02,0.7800197988482458,7647.9501953125,7910.0,7630.7998046875,7791.75,7596.86474609375,1302733
2021-11-03,0.070877253980143,7791.75,7842.25,7711.60009765625,7734.25,7540.802734375,656492
2021-11-04,0.03188133426010609,7774.7001953125,7819.9501953125,7735.5,7747.39990234375,7553.62353515625,53365
2021-11-08,-0.5560405493403474,7759.9501953125,7882.60009765625,7672.0,7684.60009765625,7492.39453125,428433
2021-11-09,0.2713241350429598,7709.0,7764.5,7538.7001953125,7577.5498046875,7388.021484375,632879
2021-11-10,0.18617078295895173,7570.0,7580.0,7460.0,7511.64990234375,7323.77001953125,562432
2021-11-11,0.3101153393120815,7512.0,7567.5,7442.0,7453.4501953125,7267.02587890625,486991
2021-11-12,0.018904121970990673,7530.0,7544.0,7442.0,7479.85009765625,7292.765625,349666
2021-11-15,-0.3243134438137834,7452.0,7579.85009765625,7452.0,7503.10009765625,7315.43408203125,314414
2021-11-16,-0.1887928919866681,7545.0,8128.75,7535.0498046875,8050.35009765625,7848.99658203125,2619355
2021-11-17,-0.3070359919220209,8035.0,8350.0,8015.0498046875,8274.75,8067.78369140625,2377268
2021-11-18,-0.3618922792375088,8234.0,8368.0,8001.10009765625,8117.14990234375,7914.125,1337493
2021-11-22,0.31010904908180237,8158.0,8187.85009765625,7806.5498046875,7864.39990234375,7667.697265625,672298
2021-11-23,-0.9772429842657099,7849.10009765625,7953.9501953125,7805.0,7854.0,7657.5576171875,567198
2021-11-24,0.9833350796252489,7865.5,7897.9501953125,7636.60009765625,7669.4501953125,7477.62353515625,571078
2021-11-25,-0.16830186591250823,7640.0,7719.39990234375,7435.0,7572.5,7383.09814453125,1007618
2021-11-26,-0.5361521034501493,7520.0,7520.0,7130.0,7170.5,6991.1533203125,1154876
2021-11-29,-0.795768603682518,7166.0,7210.0,6990.7001953125,7149.5,6970.67822265625,733010
2021-11-30,-0.16774024134925145,7149.5,7250.0,7015.5498046875,7067.7998046875,6891.02099609375,1287938
2021-12-01,-0.7386430767863723,7191.0,7380.0,7130.0498046875,7273.25,7091.33349609375,1669583
2021-12-02,-0.7136031672443178,7285.0,7355.4501953125,7245.64990234375,7324.9501953125,7141.74072265625,618573
2021-12-03,-0.8779653354237477,7305.0,7329.0,7148.75,7208.7001953125,7028.3974609375,603798
2021-12-06,-0.903268625959754,7193.0,7200.0,7021.0,7042.85009765625,6866.69580078125,609507
2021-12-07,0.3525808691774728,7129.0,7261.7998046875,7091.2001953125,7186.60009765625,7006.8505859375,637151
2021-12-08,-0.7921673133969307,7225.0,7497.85009765625,7151.10009765625,7434.89990234375,7248.939453125,930339
2021-12-09,-0.2331648818217218,7469.0,7469.0,7325.0,7421.75,7236.11865234375,615037
2021-12-10,0.04011173965409398,7380.0,7475.0,7357.9501953125,7425.64990234375,7239.9208984375,431682
2021-12-13,0.9434316270053387,7485.0,7575.89990234375,7425.0,7516.39990234375,7328.4013671875,883009
2021-12-14,-0.3967942276660604,7516.7998046875,7556.2998046875,7457.7998046875,7493.14990234375,7305.732421875,749704
2021-12-15,-0.3087799960921984,7476.0,7640.0,7453.0498046875,7567.9501953125,7378.66259765625,529018
2021-12-16,-0.9692951017641462,7591.5,7621.0,7406.0,7450.7998046875,7264.44189453125,595582
2021-12-17,0.9716637239422804,7480.0,7480.0,7241.0,7296.60009765625,7114.09912109375,1081907
2021-12-20,0.26743078757343547,7200.0,7321.5498046875,7035.85009765625,7286.60009765625,7104.349609375,867425
2021-12-21,-0.14497627710483763,7306.5,7404.9501953125,7284.0,7315.14990234375,7132.18505859375,415744
2021-12-22,-0.6708931204047985,7305.5,7454.0,7305.5,7423.75,7238.068359375,368978
2021-12-23,-0.22967940531671047,7481.0,7500.0,7355.0,7387.14990234375,7202.3837890625,249919
2021-12-24,-0.010751103609800338,7441.0,7449.85009765625,7252.14990234375,7317.10009765625,7134.08642578125,357447
2021-12-27,-0.6700651687569916,7277.10009765625,7330.0,7186.2001953125,7289.5,7107.17626953125,190180
2021-12-28,0.9910709420219064,7320.0,7359.0,7255.10009765625,7297.4501953125,7114.92822265625,214533
2021-12-29,0.9052019296796061,7297.7001953125,7365.0,7240.4501953125,7350.0498046875,7166.21142578125,287776
2021-12-30,-0.3265726209501736,7350.0,7395.14990234375,7255.39990234375,7282.25,7100.10791015625,296041
2021-12-31,-0.14427535980939865,7290.0498046875,7449.5,7290.0498046875,7426.4501953125,7240.70166015625,313398
2022-01-03,0.11904041143134236,7420.0,7605.9501953125,7420.0,7523.89990234375,7335.71337890625,456599
2022-01-04,0.260590684847557,7600.0,7649.0,7520.0,7630.10009765625,7439.25732421875,495182
2022-01-05,-0.2773032722373803,7624.85009765625,7808.0,7605.60009765625,7775.35009765625,7580.87451171875,710043
2022-01-06,-0.0462038922123611,7782.0,7899.4501953125,7683.9501953125,7882.10009765625,7684.955078125,739981
2022-01-07,-0.014383710455149412,7882.10009765625,7944.7998046875,7835.5,7906.0,7708.25732421875,523116
2022-01-10,0.05971435430304458,7950.0,8232.0,7924.14990234375,8125.60009765625,7922.3642578125,827930
2022-01-11,-0.3233080866513774,8100.0,8162.4501953125,8069.2998046875,8143.85009765625,7940.15771484375,688923
2022-01-12,0.3190289335131335,8200.0,8200.0,8115.0,8170.75,7966.38525390625,288174
2022-01-13,-0.07533146285762389,8175.0,8260.0,7952.0,8077.0498046875,7875.02880859375,684931
2022-01-14,0.5314756761363242,7951.0,8145.0,7951.0,8084.2001953125,7882.0,299536
2022-01-17,-0.5136162764750994,8124.7998046875,8368.900390625,8100.10009765625,8265.5,8058.765625,862249
2022-01-18,-0.667005132684218,8248.9501953125,8248.9501953125,7891.5,7915.14990234375,7717.177734375,785199
2022-01-19,-0.048953286930918695,7929.0,8060.0,7860.0,8015.7001953125,7815.21337890625,681632
2022-01-20,0.4470820724964142,8000.0,8140.0,7997.5498046875,8036.35009765625,7835.3466796875,522850
2022-01-24,0.04524256909886996,8189.0,8332.7998046875,7952.7998046875,8052.2998046875,7850.8974609375,1153538
2022-01-25,-0.5014673245147735,7990.0,8664.0,7887.89990234375,8602.599609375,8387.4326171875,2162832
2022-01-27,0.24193666615368178,8656.0,8971.650390625,8400.0498046875,8820.2001953125,8599.5908203125,2899559
2022-01-28,0.006241903975023888,8795.0,8930.0,8522.349609375,8550.9501953125,8337.0751953125,1045088
2022-01-31,-0.6087805625284091,8625.0,8720.0,8552.7998046875,8597.2998046875,8382.265625,561419
2022-02-01,-0.3313070855413874,8693.0,8790.7998046875,8351.0,8559.400390625,8345.3154296875,819689
2022-02-02,-0.04781106172595173,8579.7001953125,8683.0,8440.25,8515.25,8302.2685546875,580433
2022-02-03,-0.9906358690932393,8550.0,8798.0,8522.7001953125,8593.650390625,8378.7080078125,810019
2022-02-07,0.07741104149156147,8545.0,8615.0,8400.0,8511.650390625,8298.7587890625,446099
2022-02-08,-0.19073128030868247,8616.7001953125,8789.099609375,8436.0498046875,8599.4501953125,8384.3623046875,998182
2022-02-09,0.5006184615194798,8622.0,8989.7998046875,8622.0,8949.4501953125,8725.609375,1403525
2022-02-10,-0.805854968726635,9050.0,9050.0,8789.900390625,8805.4501953125,8585.2099609375,811887
2022-02-11,0.9785235655726865,8738.0,8865.0,8673.2998046875,8737.150390625,8518.619140625,671572
2022-02-14,-0.3806943744421005,8500.0,8615.0498046875,8325.0,8366.400390625,8157.1416015625,995540
2022-02-15,-0.2670614033238962,8410.0,8664.25,8356.5,8622.7001953125,8407.03125,682766
2022-02-16,0.914748111642742,8720.0,8736.400390625,8544.0,8582.9501953125,8368.275390625,422704
2022-02-17,-0.2976648625141631,8575.0,8658.2998046875,8525.0,8552.4501953125,8338.5380859375,305313
2022-02-18,0.30592013290151954,8550.0,8645.9501953125,8520.0498046875,8569.099609375,8354.7705078125,385273
2022-02-21,0.9887667261064053,8544.0498046875,8724.25,8443.599609375,8612.7001953125,8397.28125,626049
2022-02-22,-0.5512685987865552,8495.0,8659.7998046875,8384.849609375,8622.7998046875,8407.1279296875,620828
2022-02-23,0.18650408484141476,8690.0,8789.9501953125,8655.2001953125,8698.849609375,8481.275390625,557954
2022-02-24,-0.1217536392621696,8402.0,8587.25,8155.0,8210.150390625,8004.79931640625,947351
2022-02-25,0.5900729808657031,8260.0,8466.0,8209.5498046875,8356.099609375,8147.0986328125,1344343
2022-02-28,0.976635483338032,8300.0,8339.9501953125,8114.10009765625,8314.150390625,8106.19873046875,961303
2022-03-02,0.27050726128315244,8197.7001953125,8199.0,7764.0,7814.2001953125,7618.7529296875,1783011
2022-03-03,0.28483948414213955,7924.0,7939.9501953125,7558.5,7595.5498046875,7405.5712890625,1050154
2022-03-04,0.9964666224550456,7482.0,7519.2001953125,7130.0,7247.2998046875,7066.03173828125,2511658
2022-03-07,0.3796061314392968,6992.0,7029.85009765625,6730.0,6769.0498046875,6599.74365234375,2469925
2022-03-08,-0.4607463055290282,6705.0,6855.0,6536.5498046875,6806.2998046875,6636.06201171875,2840376
2022-03-09,-0.7400085022673011,6874.0,7078.10009765625,6777.0,7026.85009765625,6851.09619140625,1827539
2022-03-10,0.3394361735554412,7255.0,7399.85009765625,7177.2998046875,7211.7998046875,7031.419921875,1535070
2022-03-11,-0.4993398361693835,7200.0,7200.0,7080.0,7102.5498046875,6924.90234375,1024452
2022-03-14,-0.049788667587563396,7050.0,7335.0,7012.0,7316.75,7133.74462890625,1023874
2022-03-15,-0.08078762523863199,7321.0,7620.0,7318.0,7420.10009765625,7234.51025390625,1586111
2022-03-16,-0.32798092160373926,7570.0,7595.75,7440.0,7485.7998046875,7298.56640625,584457
2022-03-17,0.9301847442984581,7574.0,7741.9501953125,7530.0,7693.0,7500.583984375,1133271
2022-03-21,0.0028788400813937187,7844.0,7940.0,7650.0,7705.5498046875,7512.8203125,1354525
2022-03-22,0.9175980564759811,7714.9501953125,7809.0,7536.64990234375,7766.64990234375,7572.39208984375,1093502
2022-03-23,0.2640098612755537,7800.0,7862.7998046875,7611.0,7644.85009765625,7453.638671875,808597
2022-03-24,0.562666641548276,7599.2998046875,7655.0,7526.35009765625,7556.9501953125,7367.9375,565485
2022-03-25,-0.46135795157169923,7515.0,7542.2998046875,7385.0,7415.4501953125,7229.97705078125,686637
2022-03-28,0.3702974426560104,7425.0,7539.0,7413.0,7477.35009765625,7290.328125,599515
2022-03-29,0.9701470015570521,7535.0,7563.10009765625,7401.0,7439.14990234375,7253.08349609375,446257
2022-03-30,0.0023275110870599747,7521.0,7629.9501953125,7490.0,7598.60009765625,7408.54541015625,589206
2022-03-31,-0.06999399323831312,7598.5498046875,7652.75,7528.0,7561.2998046875,7372.17822265625,434317
2022-04-01,0.36142431957913296,7574.0,7729.0,7517.35009765625,7700.0498046875,7507.4580078125,449386
2022-04-04,-0.9702833006934574,7650.0,7794.0,7631.64990234375,7774.7998046875,7580.33837890625,491029
2022-04-05,0.050706545007415116,7781.0,7900.0,7730.0,7761.85009765625,7567.71240234375,488132
2022-04-06,0.013177983371021513,7739.0,7849.0,7675.0,7744.2001953125,7550.50390625,393628
2022-04-07,-0.33928970018556964,7659.75,7748.0,7621.0498046875,7640.5,7449.3974609375,458566
2022-04-08,-0.10035845142556354,7708.7998046875,7730.5,7515.39990234375,7557.9501953125,7368.912109375,849846
2022-04-11,-0.0007647741585969925,7614.85009765625,7616.5498046875,7485.0,7565.39990234375,7376.17626953125,496254
2022-04-12,0.03787530922272708,7540.0,7711.5,7500.0,7618.35009765625,7427.8017578125,598047
2022-04-13,-0.48717023618519306,7618.35009765625,7704.9501953125,7440.0,7469.5,7282.67431640625,527991
2022-04-18,0.13253644147577384,7374.5,7599.0,7355.0,7573.5,7384.0732421875,551783
2022-04-19,0.31723533974339563,7580.0,7678.0,7350.0,7435.10009765625,7249.13525390625,425990
2022-04-21,0.1760891458397964,7709.7998046875,7899.7998046875,7686.0498046875,7879.2001953125,7682.126953125,772708
2022-04-22,-0.10690490986841421,7789.0,8016.64990234375,7731.0,7904.5,7706.7939453125,960818
2022-04-25,0.7472225204110146,7810.0,7998.0,7810.0,7912.35009765625,7714.44775390625,701521
2022-04-26,-0.5002341298386455,8000.0,8067.5,7830.0,7906.75,7708.98828125,801963
2022-04-27,0.4538594395465528,7851.0,7865.0,7720.0,7788.39990234375,7593.59814453125,570519
2022-04-28,-0.9818570017814636,7844.0,7940.0,7766.7001953125,7888.14990234375,7690.8525390625,561932
2022-04-29,0.33849724661558867,7918.0,7946.5,7626.0,7717.7998046875,7524.763671875,1162749
2022-05-02,-0.47726733941817656,7665.0,7750.0,7544.2998046875,7634.75,7443.79150390625,544053
2022-05-04,-0.31764157824606326,7650.0,7747.0,7356.5,7397.89990234375,7212.865234375,599211
2022-05-05,0.8532093390822411,7450.0,7538.0,7380.14990234375,7407.64990234375,7222.37158203125,524174
2022-05-06,0.9985176117043011,7314.0,7359.89990234375,7156.64990234375,7279.25,7097.1826171875,650559
2022-05-09,-0.848049582389649,7201.5,7424.5,7130.0,7360.2998046875,7176.20556640625,570578
2022-05-11,0.6097635146834364,7519.0,7559.5498046875,7346.60009765625,7396.4501953125,7211.45166015625,605312
2022-05-12,0.05426306650042534,7221.5,7323.9501953125,7210.7998046875,7253.64990234375,7072.22314453125,571754
2022-05-13,-0.23261320474557579,7340.0,7340.0,7062.35009765625,7101.9501953125,6924.3173828125,703097
2022-05-16,0.008066071197390556,7157.0,7305.35009765625,7150.0,7247.60009765625,7066.32421875,369545
2022-05-17,0.5562802009905378,7280.0,7584.64990234375,7255.0498046875,7532.7998046875,7344.390625,811448
2022-05-19,-0.4487700127065182,7450.0,7525.0,7385.0498046875,7404.5498046875,7219.3486328125,363255
2022-05-20,0.5939495497538397,7520.5498046875,7648.89990234375,7450.0,7586.60009765625,7396.845703125,742204
2022-05-23,0.6094212724840165,7800.10009765625,7954.85009765625,7776.10009765625,7897.4501953125,7699.9208984375,1161175
2022-05-24,-0.21642514057457446,7919.0,7941.9501953125,7791.2998046875,7802.64990234375,7607.49169921875,581609
2022-05-25,-0.5130736059509218,7840.0,7859.5,7696.0498046875,7787.25,7592.4765625,454335
2022-05-26,-0.3693847830096881,7800.0,7839.9501953125,7620.0,7805.0,7609.783203125,476799
2022-05-27,0.9575823509730981,7925.0,7965.89990234375,7833.0,7942.9501953125,7744.28271484375,431411
2022-05-30,0.996880189961909,7980.2001953125,8060.0,7951.0,8013.89990234375,7813.4580078125,389517
2022-05-31,0.8945976162794977,8013.89990234375,8100.0,7900.0,7966.35009765625,7767.09765625,2494005
2022-06-01,0.15299324468813008,7975.0498046875,8068.89990234375,7880.10009765625,7939.39990234375,7740.8212890625,522004
2022-06-02,0.6006006571813487,7925.0,7972.0,7855.60009765625,7925.39990234375,7727.17138671875,352848
2022-06-03,-0.9398878416977823,7950.0,7995.0,7681.0,7705.0498046875,7512.33251953125,591905
2022-06-06,0.6205835868604481,7690.0,7776.89990234375,7591.4501953125,7710.5498046875,7517.69482421875,606990
2022-06-08,-0.8468927984358743,7824.0,7921.0,7720.7001953125,7892.4501953125,7695.04541015625,813596
2022-06-09,0.7815786770079285,7848.0,8010.0,7830.10009765625,7929.85009765625,7731.51025390625,687937
2022-06-10,0.956479474902153,7826.0,7988.2001953125,7826.0,7935.10009765625,7736.62890625,442921
2022-06-13,-0.8668191678977261,7849.9501953125,7967.35009765625,7793.75,7901.60009765625,7703.96728515625,565826
2022-06-14,0.5491275639506057,7805.0,7901.39990234375,7750.0,7811.64990234375,7616.2666015625,553462
2022-06-15,-0.9397213477641344,7816.0,7929.0,7816.0,7853.4501953125,7657.021484375,604566
2022-06-17,-0.2897679657617118,7805.0,7849.7001953125,7646.14990234375,7688.14990234375,7495.85595703125,1317656
2022-06-20,0.07015249503052069,7699.7998046875,7784.10009765625,7626.0,7660.9501953125,7469.33642578125,1043423
2022-06-21,-0.17903956452695033,7714.9501953125,7840.0,7625.14990234375,7780.60009765625,7585.99365234375,954884
2022-06-22,0.15130107224519765,7750.0,7869.0,7716.60009765625,7782.75,7588.08935546875,796824
2022-06-23,0.4117475301027298,7810.0,8317.7998046875,7803.0,8271.0,8064.1279296875,1676430
2022-06-24,-0.36235476975950104,8310.0,8390.0,8238.2998046875,8363.2001953125,8154.0224609375,1156788
2022-06-27,-0.3318780018831603,8444.0,8546.7001953125,8391.25,8448.75,8237.431640625,921090
2022-06-28,-0.9728145170568799,8415.25,8539.900390625,8381.0498046875,8489.7001953125,8277.357421875,691242
2022-06-29,0.5013161514398234,8389.9501953125,8530.0,8370.0,8508.900390625,8296.078125,655413
2022-06-30,0.33465176183682194,8500.0,8634.599609375,8435.599609375,8470.75,8258.8818359375,1130302
2022-07-01,0.23395965144866043,8440.0,8450.0,8305.599609375,8402.599609375,8192.435546875,530569
2022-07-04,-0.24327260241261683,8402.599609375,8467.599609375,8320.0,8443.349609375,8232.166015625,625431
2022-07-05,0.4760932787321508,8498.5,8508.5498046875,8335.0,8348.7001953125,8139.88427734375,610290
2022-07-06,0.6992541173572785,8377.0,8652.4501953125,8370.0,8630.0498046875,8414.197265625,976098
2022-07-07,-0.5980915245017968,8695.0,8700.0,8576.2001953125,8606.400390625,8391.1396484375,547662
2022-07-08,-0.5079829662572592,8620.0,8656.9501953125,8445.0,8475.9501953125,8263.951171875,686327
2022-07-11,0.49230680653514963,8451.7001953125,8525.0,8416.099609375,8507.650390625,8294.859375,536114
2022-07-12,0.15249131922610104,8495.0,8497.4501953125,8376.25,8419.7001953125,8209.1083984375,424358
2022-07-13,-0.22061534350117049,8454.0,8488.150390625,8381.0,8440.2001953125,8229.0966796875,413855
2022-07-14,-0.25329333644670743,8464.9501953125,8587.349609375,8450.0,8567.75,8353.455078125,606496
2022-07-15,0.2684815203150113,8596.0,8799.0,8576.2001953125,8778.0498046875,8558.4951171875,631246
2022-07-18,-0.07416142197325826,8802.0,8843.0,8684.0,8704.7998046875,8487.078125,478682
2022-07-19,0.46614523709286004,8699.9501953125,8798.900390625,8667.4501953125,8715.849609375,8497.8505859375,478458
2022-07-20,0.9777840450988151,8775.5,8865.4501953125,8720.2001953125,8749.0498046875,8530.2197265625,398132
2022-07-21,0.28430633421521634,8793.0,8831.900390625,8722.0498046875,8797.0,8576.970703125,421090
2022-07-22,0.4051447759931242,8850.0,8889.0,8791.0,8830.9501953125,8610.072265625,415294
2022-07-25,-0.07691599947533437,8828.5,8858.599609375,8490.0,8621.599609375,8405.9580078125,623462
2022-07-26,0.2222436015261337,8622.0,8625.400390625,8471.349609375,8525.849609375,8312.6025390625,429454
2022-07-27,-0.24326599366031587,8555.5498046875,8707.4501953125,8460.0,8658.099609375,8441.544921875,1298855
2022-07-28,0.42490650760009885,8700.0,8770.150390625,8628.7998046875,8721.0498046875,8502.919921875,725196
2022-07-29,-0.15640588221140206,8764.7001953125,8943.0,8730.0,8773.5498046875,8554.107421875,821432
2022-08-01,0.9869481269270182,8850.0,9085.0,8822.599609375,9003.400390625,8778.2099609375,1009408
2022-08-02,-0.15883874392602593,8985.0,9196.849609375,8954.0,9173.0498046875,8943.615234375,848311
2022-08-03,-0.5740362286451273,9144.75,9144.75,8855.599609375,8959.4501953125,8792.8720703125,753729
2022-08-04,-0.7219249998961459,9024.0,9048.0,8830.0,8966.7001953125,8799.986328125,643264
2022-08-05,0.06998129549901932,8966.7998046875,8985.2001953125,8810.0,8841.2001953125,8676.8193359375,558385
2022-08-08,0.0338407300732797,8841.2001953125,8998.0,8841.0,8921.9501953125,8756.0693359375,520993
2022-08-10,0.2803097731537289,8938.599609375,8999.5,8826.0,8879.7001953125,8714.6044921875,445375
2022-08-11,0.23254224504344165,8955.7001953125,8998.0,8724.0,8813.849609375,8649.978515625,508318
2022-08-12,-0.16642516085671055,8815.0,8815.0,8675.0,8699.2001953125,8537.4599609375,712782
2022-08-16,0.17345134280622004,8737.150390625,9040.0,8705.0498046875,9003.7001953125,8836.298828125,963726
2022-08-17,0.3533576483799455,9010.0,9070.0,8920.0,8944.349609375,8778.0517578125,623749
2022-08-18,0.4397491469106171,8925.0,9012.400390625,8877.0,8947.7001953125,8781.33984375,442229
2022-08-19,0.17863714398117736,8955.4501953125,8968.0,8715.0,8778.9501953125,8615.7275390625,572597
2022-08-22,-0.026502825319767,8751.0,8767.4501953125,8602.2001953125,8628.0,8467.583984375,488485
2022-08-23,-0.386521731192867,8607.0,8757.0,8564.0,8720.5,8558.3642578125,558231
2022-08-24,0.13616217967302707,8660.0,8772.0,8594.0,8704.0,8542.1708984375,442582
2022-08-25,0.6285646872517342,8721.0,8835.0,8680.0,8735.900390625,8573.478515625,525721
2022-08-26,0.7567490851506591,8800.0,8832.75,8706.2001953125,8720.599609375,8558.4619140625,398063
2022-08-29,0.6588056641533816,8602.599609375,8859.900390625,8590.0,8834.2001953125,8669.9501953125,459057
2022-08-30,0.9944853421766311,8884.7998046875,9164.0,8870.0,9082.25,8913.3876953125,1016312
2022-09-01,-0.4145300588570535,8949.9501953125,9233.650390625,8941.0,9024.5,8856.7119140625,888864
2022-09-02,0.11201115173753351,9026.5,9149.900390625,8902.099609375,8919.599609375,8753.76171875,632909
2022-09-05,-0.5401749500771984,8900.0,9016.7998046875,8875.0,8950.0498046875,8783.6455078125,386455
2022-09-06,-0.29426135891117156,8984.2998046875,9022.75,8870.0,8888.75,8723.4853515625,397902
2022-09-07,0.7916733327001566,8864.0,8873.5498046875,8760.0,8784.900390625,8621.5673828125,496785
2022-09-08,-0.8551069274544716,8829.0,8885.099609375,8780.0,8790.650390625,8627.2099609375,428924
2022-09-12,0.19622259996831418,8969.900390625,9012.2998046875,8904.0,8927.650390625,8761.6630859375,383641
2022-09-13,-0.9618040604982525,8972.2998046875,8989.0498046875,8910.900390625,8926.5,8760.5341796875,405093
2022-09-14,0.5888035371220516,8859.849609375,9000.0,8825.7001953125,8967.2001953125,8800.4775390625,509547
2022-09-15,0.2631778884679079,9030.0498046875,9325.0,9030.0,9209.75,9038.517578125,1392132
2022-09-16,-0.5044129478745163,9209.5,9315.900390625,9020.0498046875,9189.650390625,9018.7919921875,1056382
2022-09-19,-0.08465099614113569,9175.2998046875,9343.4501953125,9070.0,9280.849609375,9108.294921875,727024
2022-09-20,-0.21995350367312008,9339.0,9430.0,9250.0,9300.849609375,9127.9228515625,747257
2022-09-21,-0.32740859464198974,9300.0,9398.0,9211.4501953125,9247.900390625,9075.958984375,440725
2022-09-22,0.16273671586532146,9199.0,9435.0,9186.0,9401.849609375,9227.0458984375,511112
2022-09-23,0.017668056301772594,9397.9501953125,9451.0,9277.349609375,9343.4501953125,9169.732421875,574213
2022-09-26,0.18613362208707257,9270.2998046875,9270.2998046875,8800.0,8834.9501953125,8670.6865234375,865432
2022-09-27,0.1742069710356494,8890.0,8908.9501953125,8670.5,8774.0498046875,8610.91796875,686285
2022-09-28,0.24812531471252441,8720.0,8850.0,8660.0498046875,8726.75,8564.498046875,663740
2022-09-29,-0.24239397834753618,8770.400390625,8800.0,8604.099609375,8624.849609375,8464.4921875,817007
2022-10-03,-0.9932704512029886,8970.0,8970.0,8510.0,8547.0,8388.08984375,1123076
2022-10-04,-0.0938287302851677,8699.0,8758.5498046875,8630.0,8690.5,8528.921875,503140
2022-10-06,0.09844414354301989,8734.0,8825.0,8690.5,8703.0,8541.189453125,474445
2022-10-07,-0.0007452791614923626,8750.0,8845.599609375,8711.0,8779.099609375,8615.8740234375,428616
2022-10-10,0.2010469297279737,8675.0,8876.4501953125,8658.0,8862.400390625,8697.6259765625,411218
2022-10-11,-0.0321514924580697,8811.0,8850.0,8665.0,8684.150390625,8522.6904296875,422610
2022-10-12,-0.1453919171326561,8698.0,8720.0,8590.599609375,8686.599609375,8525.09375,380365
2022-10-13,0.9655695817588518,8665.0,8785.4501953125,8592.0,8649.5498046875,8488.7333984375,355605
2022-10-14,-0.962966420641169,8760.0,8766.599609375,8606.2998046875,8617.2998046875,8457.0830078125,274160
2022-10-17,-0.9898184311750811,8610.0,8749.7001953125,8567.0498046875,8723.7998046875,8561.6025390625,304671
2022-10-18,-0.5021242722868919,8765.0498046875,8888.25,8752.0498046875,8807.349609375,8643.599609375,369973
2022-10-19,-0.31289394183356006,8851.400390625,8855.0,8695.0,8719.349609375,8557.2353515625,385416
2022-10-20,0.9970991161535494,8700.0,8739.2001953125,8611.0,8707.400390625,8545.5078125,328270
2022-10-21,-0.7707994940380255,8730.0,8794.0,8641.0,8703.2998046875,8541.4833984375,356203
2022-10-24,0.027733625378459692,8788.7998046875,8788.7998046875,8745.849609375,8765.4501953125,8602.478515625,30052
2022-10-25,-0.25106605763236683,8820.0,9017.0,8797.400390625,9005.0,8837.5751953125,727441
2022-10-27,0.5581554525648244,9050.0,9076.9501953125,8902.0,9041.9501953125,8873.837890625,849108
2022-10-28,-0.17001348943449557,9095.0,9549.9501953125,9051.0,9492.5498046875,9316.0595703125,1873029
2022-10-31,-0.44518858635406516,9650.0,9769.0,9451.099609375,9527.599609375,9350.4580078125,1932020
2022-11-01,-0.17657198734897456,9635.0,9636.900390625,9375.0,9454.599609375,9278.8154296875,805517
2022-11-02,-0.39223464811220765,9445.0,9454.599609375,9210.0,9229.400390625,9057.802734375,788679
2022-11-03,0.15157006471417844,9210.0,9310.0,9164.400390625,9239.099609375,9067.3212890625,616860
2022-11-04,0.5091705134836957,9257.900390625,9324.0,9191.0498046875,9229.5,9057.900390625,465775
2022-11-07,-0.15844860272482036,9277.0,9352.7998046875,9254.2998046875,9333.2998046875,9159.7705078125,469017
2022-11-09,0.061557255079969765,9480.349609375,9480.849609375,9220.0,9253.5,9081.4541015625,617256
2022-11-10,-0.34560972093604503,9201.0,9250.75,9071.0,9097.25,8928.109375,445700
2022-11-14,0.09184229373931885,9100.0,9163.0498046875,8992.5498046875,9152.349609375,8982.1845703125,282822
2022-11-15,-0.01514437902898697,9190.0,9203.5498046875,9130.0,9162.2001953125,8991.8515625,359888
2022-11-16,-0.9949747762875631,9160.0,9252.5,9099.849609375,9134.9501953125,8965.1083984375,350737
2022-11-17,0.998064026935026,9101.0,9169.599609375,8970.0,8986.4501953125,8819.3701171875,409572
2022-11-18,-0.5113382061155369,9010.0,9023.9501953125,8836.0,8848.0498046875,8683.5419921875,515615
2022-11-21,-0.987881189212203,8825.0,8929.2001953125,8786.0,8865.2001953125,8700.3740234375,520644
2022-11-22,0.8576812258979771,8875.0,8934.9501953125,8859.0498046875,8873.75,8708.7646484375,455948
2022-11-23,0.12638571476563812,8940.0,8989.0,8902.0,8934.5,8768.3857421875,621006
2022-11-24,-0.9098158441483974,8968.900390625,8994.900390625,8921.0,8967.099609375,8800.37890625,455343
2022-11-25,0.30128050765294273,9000.0,9080.0,8947.5,9019.5,8851.8046875,545439
2022-11-28,-0.4423166476901517,9028.0,9104.099609375,8950.0,8985.400390625,8818.33984375,439956
2022-11-29,0.3924478182452731,8985.0,9024.75,8888.0,8910.2001953125,8744.537109375,606692
2022-11-30,0.9985936892044265,8924.0,9020.0,8870.0,8974.150390625,8807.2978515625,1087650
2022-12-01,0.5084397458238528,9019.0498046875,9025.0,8930.0,8958.150390625,8791.595703125,694489
2022-12-02,-0.003583245456684381,8820.0,8928.900390625,8754.75,8815.849609375,8651.9404296875,971612
2022-12-05,0.00576894524662445,8844.0,8853.2001953125,8765.0,8792.0498046875,8628.583984375,519621
2022-12-06,-0.5694723794502872,8777.2001953125,8800.0,8694.9501953125,8717.349609375,8555.2724609375,551379
2022-12-07,0.19847194678150118,8720.0,8747.849609375,8641.0,8659.150390625,8498.154296875,546450
2022-12-08,-0.5631724172659839,8665.0,8711.0,8606.0498046875,8682.7001953125,8521.267578125,476001
2022-12-09,-0.3014409819152206,8707.0,8763.75,8545.4501953125,8613.349609375,8453.2060546875,790406
2022-12-12,-0.06073436572720917,8609.0,8693.2998046875,8515.2998046875,8659.75,8498.744140625,445039
2022-12-13,0.3607481480711916,8662.0,8697.349609375,8610.0,8620.7001953125,8460.4189453125,330236
2022-12-14,0.2503936438879464,8650.0,8677.7001953125,8596.0498046875,8641.599609375,8480.9306640625,343670
2022-12-15,0.11929199865553528,8641.0,8673.599609375,8575.0,8584.150390625,8424.548828125,472176
2022-12-16,0.07276161044137552,8559.5,8588.0,8446.0,8485.7998046875,8328.02734375,624222
2022-12-19,0.5217140090135217,8498.7998046875,8621.4501953125,8451.0,8603.849609375,8443.8818359375,464106
2022-12-20,0.46364828862373114,8584.400390625,8584.400390625,8432.0498046875,8524.349609375,8365.8603515625,694906
2022-12-21,0.19067206492181868,8524.349609375,8566.9501953125,8288.2998046875,8350.400390625,8195.1455078125,800720
2022-12-22,0.2889636185071949,8356.650390625,8384.0,8288.0,8334.349609375,8179.39306640625,580858
2022-12-23,0.9309198223054409,8299.7001953125,8329.9501953125,8122.85009765625,8141.60009765625,7990.22705078125,503012
2022-12-26,0.9872654196806252,8147.0,8346.0,8076.0498046875,8256.7998046875,8103.28515625,315102
2022-12-27,0.9820589569862932,8298.9501953125,8315.0,8230.7998046875,8305.4501953125,8151.03125,423308
2022-12-29,0.32855368036932003,8370.0,8449.0,8333.0,8435.7998046875,8278.9580078125,452134
2022-12-30,0.872461587190628,8470.0,8490.0,8362.25,8394.599609375,8238.5234375,433976
2023-01-02,0.9605573173612356,8365.0,8454.0,8337.599609375,8403.2998046875,8247.0615234375,398159
2023-01-03,0.9852198178414255,8380.0,8402.0,8304.150390625,8382.75,8226.8935546875,493207
2023-01-05,-0.8357300528635582,8444.9501953125,8475.0,8390.0498046875,8461.099609375,8303.7861328125,417716
2023-01-06,-0.1217596201846997,8460.0,8483.9501953125,8350.0,8383.0498046875,8227.1875,368978
2023-01-10,0.17653915953511992,8380.0,8410.0,8262.900390625,8293.150390625,8138.95947265625,493677
2023-01-11,0.888253649103544,8334.650390625,8334.650390625,8249.150390625,8284.4501953125,8130.4208984375,327536
2023-01-12,0.7083381073238949,8315.0,8377.0,8260.0,8369.2001953125,8213.595703125,283772
2023-01-13,-0.33011551725212485,8397.0,8500.0498046875,8351.0,8453.400390625,8296.23046875,705220
2023-01-16,-0.23866476980037987,8480.0,8514.2998046875,8343.599609375,8380.099609375,8224.2919921875,500575
2023-01-17,0.49492867663502693,8409.849609375,8493.2998046875,8342.150390625,8479.349609375,8321.697265625,409248
2023-01-18,-0.49162726733266027,8473.0,8537.400390625,8464.2998046875,8494.0498046875,8336.1240234375,402883
2023-01-19,0.2562715806868962,8479.0,8519.0,8456.5,8501.650390625,8343.5830078125,184776
2023-01-20,0.7182292135548778,8462.0498046875,8500.0,8412.0,8439.7998046875,8282.8828125,346337
2023-01-23,-0.18588451800557473,8480.0,8482.0,8377.900390625,8417.099609375,8260.6044921875,410827
2023-01-24,-0.16883484409966817,8450.0,8718.0,8417.0,8698.7998046875,8537.0673828125,1039571
2023-01-25,-0.5891751772336041,8747.900390625,8833.0,8680.2998046875,8784.099609375,8620.78125,1131883
2023-01-27,0.0409269854426384,8828.4501953125,8889.0,8620.099609375,8737.5,8575.0478515625,743546
2023-01-30,-0.6330173503607511,8779.0,8865.0,8718.0,8817.0,8653.0693359375,1036998
2023-01-31,0.30361292022280395,8856.900390625,8943.849609375,8830.2001953125,8895.2998046875,8729.9140625,643670
2023-02-01,0.645991639001295,8937.0,9030.4501953125,8673.900390625,8768.849609375,8605.814453125,707460
2023-02-02,0.2547587100749037,8765.0,8940.0,8751.099609375,8870.150390625,8705.232421875,456995
2023-02-03,0.017053475763532333,8940.0,8963.0,8845.150390625,8942.2998046875,8776.0400390625,351157
2023-02-06,-0.3990756003651768,8926.9501953125,8936.0,8820.0,8908.0,8742.3779296875,205161
2023-02-07,0.7365566482258146,8908.0,8920.0,8752.5498046875,8762.4501953125,8599.5341796875,318669
2023-02-08,0.3022607937067126,8773.0,8854.5,8673.0498046875,8834.7001953125,8670.4404296875,391645
2023-02-09,0.9508508611470461,8802.2998046875,8833.0,8700.0,8801.2001953125,8637.5634765625,392186
2023-02-10,0.24077629034096995,8797.7998046875,8875.0,8772.9501953125,8811.349609375,8647.5244140625,276298
2023-02-13,0.7894555506451676,8787.0,8864.400390625,8755.7001953125,8809.4501953125,8645.6611328125,253037
2023-02-14,-0.31470515753608197,8815.0,8847.0,8765.0,8774.4501953125,8611.3115234375,227030
2023-02-15,0.22211343557379828,8774.4501953125,8895.7001953125,8742.0,8845.349609375,8680.892578125,452568
2023-02-16,-0.007188479867181741,8880.0,8880.0,8790.0,8805.099609375,8641.390625,247514
2023-02-17,-0.8505159020423889,8787.0,8874.0,8749.75,8807.75,8643.9921875,214587
2023-02-20,-0.6474530547857285,8807.75,8849.0,8675.25,8693.650390625,8532.013671875,298434
2023-02-21,0.8092962276035299,8694.0,8720.0,8638.4501953125,8669.849609375,8508.6552734375,323478
2023-02-22,-0.15505793018798744,8675.5,8719.0,8585.0,8658.9501953125,8497.9580078125,363931
2023-02-23,0.1016646218195092,8693.4501953125,8747.4501953125,8616.0,8696.25,8534.564453125,317544
2023-02-24,-0.17590534247990167,8711.0,8740.0,8609.2998046875,8660.5,8499.4794921875,242982
2023-02-27,0.869696004781872,8630.0,8643.0498046875,8530.0,8632.2001953125,8471.7060546875,220225
2023-02-28,-0.7755590723827481,8650.0,8709.0,8605.2998046875,8624.349609375,8464.001953125,370998
2023-03-01,0.3273345614628245,8620.0,8776.25,8620.0,8764.150390625,8601.203125,333441
2023-03-02,-0.9986604958103271,8771.0,8771.0,8509.099609375,8548.75,8389.806640625,603893
2023-03-03,0.34952169470489025,8592.0498046875,8629.0,8550.0,8601.25,8441.3310546875,437977
2023-03-06,0.1141209983106819,8640.0,8663.0,8590.9501953125,8631.4501953125,8470.9697265625,275417
2023-03-08,-0.05444318428635597,8625.0,8712.0498046875,8610.0498046875,8693.900390625,8532.259765625,348171
2023-03-09,0.9989157321397215,8725.0,8737.0,8534.0498046875,8541.9501953125,8383.1337890625,431466
2023-03-10,0.1032338488730602,8530.0,8628.0,8480.099609375,8601.5498046875,8441.625,516128
2023-03-13,0.00013815982674714178,8601.5498046875,8637.2998046875,8481.099609375,8518.400390625,8360.021484375,479314
2023-03-14,0.9283304885029793,8544.9501953125,8544.9501953125,8445.0,8512.150390625,8353.888671875,349510
2023-03-15,0.011365197598934174,8650.0,8704.9501953125,8440.0,8474.9501953125,8317.3798828125,509229
2023-03-16,0.4304920035000477,8460.099609375,8533.400390625,8411.0,8437.4501953125,8280.5771484375,340261
2023-03-17,-0.01645294949412346,8503.0,8510.9501953125,8293.5498046875,8316.849609375,8162.21826171875,471602
2023-03-20,-0.28555955303212005,8316.849609375,8316.849609375,8130.0,8219.599609375,8066.77685546875,488199
2023-03-21,0.9833674868568778,8245.0,8275.0,8215.0,8228.400390625,8075.41357421875,287497
2023-03-22,0.9712115041911602,8236.0,8289.599609375,8217.0,8252.400390625,8098.9677734375,218120
2023-03-24,0.32904688478447497,8353.2001953125,8386.5,8211.0,8242.900390625,8089.64404296875,391840
2023-03-27,-0.20975744724273682,8250.0,8316.7998046875,8229.5498046875,8278.349609375,8124.4345703125,364326
2023-03-28,0.9982150495052338,8305.900390625,8355.599609375,8140.0,8208.7998046875,8056.177734375,360349
2023-03-29,0.907393030077219,8249.849609375,8319.099609375,8187.5,8295.2998046875,8141.0693359375,339851
2023-03-31,-0.9809355949206898,8325.9501953125,8370.0,8257.0498046875,8292.150390625,8137.978515625,478757
2023-04-03,-0.1322354946343694,8412.849609375,8579.0,8390.349609375,8503.0498046875,8344.95703125,627265
2023-04-05,0.9960581155028194,8521.9501953125,8548.0,8430.0,8447.0498046875,8289.998046875,272888
2023-04-06,0.0591152909619268,8464.0,8535.0,8377.099609375,8516.650390625,8358.3046875,309551
2023-04-10,-0.05325860972516239,8456.599609375,8555.7998046875,8403.0498046875,8535.150390625,8376.4609375,308275
2023-04-11,0.13300359062850475,8580.0,8670.9501953125,8545.0,8659.5498046875,8498.5478515625,409240
2023-04-12,-0.007553778575836784,8672.0,8709.9501953125,8591.0,8621.0498046875,8460.7626953125,408458
2023-04-13,0.9662027535960078,8628.0498046875,8704.0,8620.0,8670.7998046875,8509.587890625,480202
2023-04-17,0.2937278187933511,8850.0,8850.0,8650.0,8674.650390625,8513.3662109375,489356
2023-04-18,0.8958526412607171,8692.9501953125,8748.7998046875,8690.0,8732.650390625,8570.2890625,276111
2023-04-19,-0.9904397530481219,8690.0498046875,8741.7998046875,8662.4501953125,8679.9501953125,8518.568359375,280819
2023-04-20,-0.0020775662269443274,8670.0,8739.900390625,8665.150390625,8714.650390625,8552.6240234375,369060
2023-04-21,0.001278239011298865,8679.400390625,8704.0,8550.0,8558.4501953125,8399.3271484375,424157
2023-04-24,-0.270181147144675,8577.0,8577.0,8444.75,8466.150390625,8308.7431640625,543745
2023-04-25,0.08672439066382746,8510.0,8525.0,8420.0,8468.900390625,8311.4423828125,906406
2023-04-26,-0.28681844162444275,8527.0,8550.0,8434.900390625,8506.900390625,8348.736328125,959058
2023-04-27,-0.02480889398915072,8570.0,8570.0,8471.25,8542.9501953125,8384.115234375,536521
2023-04-28,-0.992713180865394,8593.0,8612.4501953125,8535.099609375,8589.5498046875,8429.8486328125,387567
2023-05-02,0.11288183980754443,8622.7001953125,8827.0,8606.0,8776.849609375,8613.666015625,865562
2023-05-03,0.9897082368843257,8770.0,8828.0,8715.0498046875,8797.2998046875,8633.736328125,537008
2023-05-04,-0.9824541117995977,8796.650390625,8822.9501953125,8743.0,8800.599609375,8636.974609375,271926
2023-05-05,-0.1578792469309909,8800.599609375,8988.0,8790.0,8948.650390625,8782.2724609375,951591
2023-05-08,-0.889583382755518,9046.0,9120.9501953125,8960.0,9076.25,8907.4990234375,678780
2023-05-09,0.03855041228234768,9083.0,9140.0,9051.849609375,9111.5498046875,8942.1435546875,415394
2023-05-10,0.0254019383341074,9128.7998046875,9180.0,9060.0,9168.150390625,8997.69140625,366827
2023-05-11,0.23958037614250893,9242.9501953125,9315.0,9142.0498046875,9260.900390625,9088.7177734375,644550
2023-05-12,-0.062256682462667905,9260.9501953125,9329.7998046875,9232.650390625,9295.400390625,9122.5751953125,403028
2023-05-15,0.5129611218799255,9242.0,9307.5,9185.400390625,9207.2998046875,9036.1123046875,259316
2023-05-16,-0.6008972885708014,9219.099609375,9229.2998046875,9057.099609375,9071.349609375,8902.6904296875,448981
2023-05-17,-0.15811884114518762,9080.349609375,9132.0,9032.0498046875,9119.400390625,8949.8486328125,290482
2023-05-18,0.25269975198898464,9144.9501953125,9150.0,9044.099609375,9053.2998046875,8884.9765625,272497
2023-05-19,0.4185700021667539,9060.0,9118.2001953125,8960.5498046875,9105.9501953125,8936.6474609375,543472
2023-05-22,-0.26602784854670364,9090.0,9169.7001953125,9073.849609375,9156.650390625,8986.4052734375,182115
2023-05-23,0.04609123937552795,9169.0,9235.0,9156.75,9200.7001953125,9029.6357421875,269008
2023-05-24,0.3961860028405984,9168.0,9318.2001953125,9159.0,9270.75,9098.3837890625,470365
2023-05-25,0.006119098630733788,9220.75,9293.400390625,9216.0498046875,9281.849609375,9109.27734375,218979
2023-05-26,-0.15203517556656151,9333.0,9415.0,9311.25,9399.9501953125,9225.181640625,346760
2023-05-29,0.0215706570452312,9435.0,9488.7998046875,9312.0498046875,9333.5,9159.966796875,236834
2023-05-30,0.24837107118219137,9380.0,9402.900390625,9300.0,9383.349609375,9208.8896484375,372004
2023-05-31,-0.221550961304456,9449.9501953125,9449.9501953125,9267.599609375,9367.7001953125,9193.53125,1614766
2023-06-01,0.37379912547767163,9337.5,9377.5498046875,9222.0,9328.2998046875,9154.86328125,378706
2023-06-02,0.3905553261200631,9389.0,9525.150390625,9312.7001953125,9485.349609375,9308.9931640625,445105
2023-06-05,0.09899858343932363,9552.5,9640.0,9488.5498046875,9582.099609375,9403.9443359375,434649
2023-06-06,0.3183908483479172,9629.0,9770.0,9611.0,9736.2001953125,9555.1796875,542318
2023-06-07,-0.4685967405384872,9788.0,9800.0,9650.5,9707.5,9527.0126953125,453747
2023-06-08,0.10000945790670812,9733.0,9765.0,9625.5,9658.599609375,9479.021484375,273746
2023-06-09,-0.25218949490226805,9675.5,9713.900390625,9611.099609375,9627.7998046875,9448.794921875,161389
2023-06-12,0.3820064172614366,9625.0,9700.0,9537.650390625,9550.4501953125,9372.8837890625,316879
2023-06-13,0.22707974669590061,9588.0,9618.0498046875,9505.650390625,9517.5,9340.5458984375,561014
2023-06-14,-0.09138100740965456,9520.0,9599.0,9490.5,9532.5,9355.2666015625,328167
2023-06-15,0.003463115484919399,9555.0,9697.7998046875,9543.0,9594.849609375,9416.4580078125,459978
2023-06-16,-0.7175504925350348,9595.0498046875,9643.400390625,9552.0,9603.7001953125,9425.1435546875,682099
2023-06-19,0.1825191116976467,9638.0,9642.150390625,9510.0,9532.0,9354.7763671875,395006
2023-06-20,-0.12160967977251858,9530.0,9538.900390625,9420.0,9492.099609375,9315.6181640625,612713
2023-06-21,0.35686366764518124,9502.0,9537.0,9396.0498046875,9440.849609375,9265.3203125,356331
2023-06-22,-0.5578989445930347,9439.0498046875,9494.349609375,9373.7998046875,9403.0498046875,9228.2236328125,288487
2023-06-23,-0.07328486289562923,9420.0,9427.0,9305.0,9327.2998046875,9153.8818359375,309138
2023-06-26,-0.5145199253456667,9327.2998046875,9520.0,9300.0,9470.2001953125,9294.1259765625,405168
2023-06-28,-0.3083742558956146,9475.4501953125,9575.0,9432.5498046875,9540.650390625,9363.265625,482586
2023-06-30,0.01909451372921467,9569.0,9853.5,9541.0,9789.0498046875,9607.046875,845006
2023-07-03,0.6656765043735504,9742.0498046875,9785.849609375,9656.5498046875,9673.0,9493.1552734375,398066
2023-07-04,0.18133522920543327,9700.0,9716.5,9620.0498046875,9647.400390625,9468.03125,247673
2023-07-05,0.16772385105586557,9697.0,10036.9501953125,9675.0,9992.2998046875,9806.517578125,815044
2023-07-06,-0.05634064249516953,9999.9501953125,10016.2998046875,9815.2001953125,9859.400390625,9676.0888671875,652120
2023-07-07,0.36794113682117313,9854.0,9945.0,9815.0,9850.25,9667.109375,457050
2023-07-10,0.12212472729152068,9854.0,9933.349609375,9719.75,9736.2998046875,9555.27734375,272008
2023-07-11,-0.18989078449667432,9796.0,9956.849609375,9736.2998046875,9900.150390625,9716.08203125,568772
2023-07-12,-0.635861074590745,9895.0,9950.0,9805.0,9835.7998046875,9652.9267578125,552967
2023-07-13,-0.08657332370057702,9852.9501953125,9898.9501953125,9612.0,9647.5498046875,9468.177734375,519564
2023-07-14,0.3144150367588736,9701.9501953125,9727.2998046875,9591.0,9603.650390625,9425.0947265625,498441
2023-07-17,-0.10448138602077961,9647.0,9699.0,9555.0,9689.5498046875,9509.3974609375,444583
2023-07-18,-0.4688146914704703,9710.2001953125,9766.2998046875,9601.7001953125,9665.650390625,9485.9423828125,320985
2023-07-19,0.016936431056819856,9651.0,9666.0,9525.650390625,9607.5498046875,9428.9208984375,450254
2023-07-20,-0.16865023639939652,9620.0,9785.0,9575.4501953125,9772.5,9590.8046875,466813
2023-07-21,-0.8380493500735611,9720.0,9845.0,9703.0,9770.0498046875,9588.400390625,328483
2023-07-24,-0.3443522758971085,9770.0498046875,9815.0,9680.0,9694.7998046875,9514.5498046875,358506
2023-07-25,-0.11766833945148392,9624.0,9774.9501953125,9616.7998046875,9758.599609375,9577.162109375,240998
2023-07-26,-0.4848443771043094,9761.5,9810.0,9725.25,9756.349609375,9574.955078125,209861
2023-07-27,0.9816914761904627,9770.0,9827.150390625,9691.650390625,9753.599609375,9572.255859375,256672
2023-07-28,0.4566914141178131,9739.0,9750.0,9546.400390625,9670.2998046875,9490.50390625,381151
2023-07-31,-0.003757666749879718,9670.2998046875,9837.7001953125,9606.0,9820.75,9638.1572265625,600060
2023-08-01,0.5653057021166509,9760.0,9892.0,9650.0498046875,9716.75,9536.091796875,1394528
2023-08-02,-0.9508272185921669,9715.0,9793.4501953125,9520.349609375,9653.7998046875,9474.3115234375,672815
2023-08-03,-0.0475420158666869,9598.849609375,9659.9501953125,9515.599609375,9543.7001953125,9454.400390625,614897
2023-08-04,0.2174636081714804,9560.0,9616.0,9427.0,9470.400390625,9381.7861328125,540470
2023-08-07,-0.07663456389370064,9490.0,9539.7998046875,9422.0,9523.7998046875,9434.685546875,366329
2023-08-08,0.10140888919480719,9539.9501953125,9623.0,9505.0,9542.5498046875,9453.2607421875,430636
2023-08-09,-0.2586433540730338,9540.0,9540.0498046875,9417.5,9463.099609375,9374.5537109375,404602
2023-08-10,-0.17733815987594426,9463.099609375,9500.0,9342.0498046875,9397.599609375,9309.666015625,523490
2023-08-11,-0.00032733458404739696,9397.599609375,9469.0,9344.0,9356.849609375,9269.2978515625,498504
2023-08-14,-0.8098887968808413,9360.0,9364.0,9257.900390625,9321.650390625,9234.427734375,336864
2023-08-16,-0.7934676161967218,9334.0,9437.75,9254.150390625,9419.5498046875,9331.4111328125,336363
2023-08-17,0.9777993507450446,9414.900390625,9474.75,9350.0,9375.2998046875,9287.5751953125,402798
2023-08-18,-0.020035169320181012,9350.0,9470.0,9336.650390625,9456.0498046875,9367.5693359375,400745
2023-08-21,0.8069709204428364,9455.5498046875,9469.0,9413.25,9438.7998046875,9350.4814453125,375347
2023-08-22,0.5065006607328542,9420.2001953125,9508.0498046875,9409.7001953125,9491.900390625,9403.0849609375,435930
2023-08-23,-0.4031233564019203,9519.0,9640.0,9446.0,9600.9501953125,9511.1142578125,546842
2023-08-24,0.34719759970903397,9661.650390625,9661.650390625,9555.0,9573.7001953125,9484.119140625,385559
2023-08-25,-0.10602528859938805,9554.0,9624.75,9485.0,9505.7001953125,9416.755859375,346449
2023-08-28,-0.8255077451467514,9514.9501953125,9670.0,9510.0,9597.7001953125,9507.89453125,325938
2023-08-29,-0.2706687694246119,9600.0,9684.75,9506.0,9621.25,9531.224609375,317224
2023-08-30,-0.47693486623466014,9660.0,9817.9501953125,9610.0,9796.400390625,9704.7353515625,543634
2023-08-31,-0.18968120613135397,9770.099609375,10065.0,9770.099609375,10003.7998046875,9910.1943359375,1581818
2023-09-01,0.5975777265107767,9999.0,10397.9501953125,9951.349609375,10331.25,10234.5810546875,1193178
2023-09-04,0.6148283676215215,10401.0,10467.9501953125,10286.2998046875,10362.4501953125,10265.4892578125,819552
2023-09-05,0.9673605930060148,10350.0,10412.7001953125,10245.7998046875,10262.099609375,10166.0771484375,507107
2023-09-06,-0.4825993007689249,10260.0,10260.0,10130.150390625,10178.849609375,10083.6064453125,663758
2023-09-07,0.8312257688500851,10150.0,10300.900390625,10150.0,10280.75,10184.5537109375,445805
2023-09-08,-0.2528786361217499,10399.0,10400.0,10300.0,10332.0,10235.3232421875,439721
2023-09-11,0.33435786484430235,10345.0,10550.0,10344.0,10533.849609375,10435.2841796875,598050
2023-09-12,-0.6003064701481807,10544.0,10568.400390625,10405.0,10503.599609375,10405.3173828125,568773
2023-09-13,-0.17920902146336934,10500.0,10536.400390625,10440.0,10473.400390625,10375.4013671875,301707
2023-09-14,-0.2074587790935766,10465.0498046875,10580.0,10431.0498046875,10488.150390625,10390.0126953125,501196
2023-09-15,0.4821282859891653,10489.2998046875,10550.0,10477.400390625,10525.25,10426.765625,544616
2023-09-18,-0.30728446738794446,10500.0498046875,10623.650390625,10494.0498046875,10522.099609375,10423.64453125,430213
2023-09-20,0.9941619345918298,10494.0498046875,10494.0498046875,10337.5498046875,10346.75,10249.935546875,545106
2023-09-21,0.02517841858207248,10343.0498046875,10345.0,10206.5,10284.2998046875,10188.0703125,577252
2023-09-22,-0.1437241380834686,10378.0,10566.75,10308.4501953125,10535.150390625,10436.5732421875,986206
2023-09-25,-0.021500272618141025,10535.150390625,10720.0,10530.0,10588.2001953125,10489.126953125,756801
2023-09-26,0.9840783089675824,10631.900390625,10633.9501953125,10526.5498046875,10556.650390625,10457.8720703125,452503
2023-09-27,-0.27718134969472885,10550.0,10706.0,10525.0,10680.75,10580.810546875,458359
2023-09-28,0.056724402820691466,10650.5,10705.0,10532.0498046875,10565.349609375,10466.490234375,598144
2023-09-29,-0.4875939330086112,10541.0,10705.5,10510.5498046875,10610.599609375,10511.31640625,481725
2023-10-03,0.5742341868724907,10709.7998046875,10709.7998046875,10303.2998046875,10346.900390625,10250.0849609375,623006
2023-10-04,-0.10488093471004893,10283.900390625,10283.900390625,10090.0,10129.849609375,10035.064453125,407793
2023-10-05,0.26194217052398017,10181.9501953125,10270.9501953125,10109.0,10210.150390625,10114.6142578125,377196
2023-10-06,0.9904594570398331,10283.0,10332.9501953125,10260.0,10302.0498046875,10205.6533203125,335700
2023-10-09,-0.5044606032664888,10250.0,10334.400390625,10183.9501953125,10244.7998046875,10148.939453125,230083
2023-10-10,-0.3826514482498169,10290.0,10417.0,10270.099609375,10375.0,10277.9208984375,348342
2023-10-11,-0.08203631029755343,10349.9501953125,10440.0,10340.0498046875,10412.099609375,10314.673828125,193526
2023-10-12,0.10974138916208176,10460.0,10624.5498046875,10420.2001953125,10580.900390625,10481.8955078125,569237
2023-10-13,0.018664142378838733,10534.0498046875,10745.0498046875,10529.7998046875,10727.5498046875,10627.1728515625,625954
2023-10-16,-0.031709764152765274,10729.9501953125,10810.849609375,10665.0,10704.5,10604.337890625,304196
2023-10-17,-0.3066814557274079,10730.0,10797.849609375,10565.2998046875,10750.7998046875,10650.205078125,474718
2023-10-18,0.12760152185801416,10755.0,10809.849609375,10711.0498046875,10788.4501953125,10687.5029296875,267435
2023-10-19,0.6494938771240413,10700.0,10798.7001953125,10700.0,10771.7001953125,10670.9091796875,286284
2023-10-23,0.434376281259271,10681.0,10724.650390625,10530.4501953125,10553.650390625,10454.900390625,227925
2023-10-25,0.732257933332221,10520.0,10647.4501953125,10501.599609375,10588.849609375,10489.76953125,401105
2023-10-26,-0.29303878598148003,10539.0,10594.0,10392.5,10424.150390625,10326.6123046875,506129
2023-10-27,-0.17601123216930623,10440.0498046875,10845.0,10440.0,10560.7001953125,10461.8837890625,1116713
2023-10-30,0.03763505267644567,10700.0,10700.0,10245.0,10397.7001953125,10300.4091796875,991168
2023-10-31,0.9946699624415487,10490.0,10490.0,10321.0,10392.2998046875,10295.0595703125,439996
2023-11-01,-0.9136294024065137,10390.099609375,10422.2001953125,10188.650390625,10227.75,10132.048828125,699116
2023-11-02,0.39173952040437143,10290.2998046875,10345.0,10201.0,10303.599609375,10207.189453125,569194
2023-11-03,-0.01712493986512224,10318.0,10370.0,10241.0,10276.2998046875,10180.14453125,517582
2023-11-06,-0.4365186003916379,10338.9501953125,10338.9501953125,10252.0,10284.849609375,10188.6142578125,490459
2023-11-07,-0.5128123294562101,10300.0,10326.0,10235.849609375,10253.2998046875,10157.3603515625,264935
2023-11-08,0.9781655797414714,10320.0,10340.4501953125,10260.599609375,10322.2998046875,10225.7138671875,287006
2023-11-09,-0.1798090348408247,10349.9501953125,10449.599609375,10316.75,10400.349609375,10303.0341796875,310536
2023-11-10,0.13940309640020132,10375.0,10416.400390625,10320.0,10388.7998046875,10291.591796875,206395
2023-11-13,0.6301487035913548,10429.0,10429.0,10363.650390625,10398.400390625,10301.1025390625,261891
2023-11-15,-0.5885745276231319,10497.0,10497.0,10375.0498046875,10456.0498046875,10358.212890625,436538
2023-11-16,0.506250353064388,10480.0,10543.7001953125,10409.2001953125,10484.5,10386.396484375,488715
2023-11-17,-0.5164057226502337,10500.0,10606.7998046875,10499.150390625,10523.5,10425.0322265625,403772
2023-11-20,-0.9445091327264284,10500.0,10593.349609375,10500.0,10566.25,10467.3818359375,234246
2023-11-21,0.8566515620332211,10619.0,10619.0,10500.0,10535.150390625,10436.5732421875,312242
2023-11-22,-0.35020111314952374,10550.0,10551.25,10420.0,10494.5498046875,10396.3525390625,378891
2023-11-23,-0.06462414134293795,10487.7998046875,10525.0,10394.0498046875,10488.5,10390.359375,453820
2023-11-24,-0.3376167891547084,10505.9501953125,10566.5,10462.0,10515.650390625,10417.255859375,380306
2023-11-28,-0.1509659060878524,10539.9501953125,10556.400390625,10506.0,10537.5498046875,10438.9501953125,268026
2023-11-29,0.9965568000916392,10570.0,10634.5498046875,10525.7001953125,10599.25,10500.0732421875,343341
2023-11-30,-0.036657548315512635,10581.0,10649.0,10546.099609375,10608.7001953125,10509.4345703125,665660
2023-12-01,-0.21639361723209732,10608.0,10759.0,10533.0498046875,10585.7001953125,10486.650390625,591519
2023-12-04,-0.007630800362676382,10695.0,10695.099609375,10425.0,10599.4501953125,10500.271484375,625235
2023-12-05,-0.8282275358214974,10650.900390625,10770.0,10563.400390625,10721.900390625,10621.576171875,580996
2023-12-06,0.49061597489114656,10721.900390625,10748.9501953125,10590.0,10625.75,10526.3251953125,464163
2023-12-07,-0.14870970074220427,10790.0,10932.849609375,10635.0,10696.650390625,10596.5625,704413
2023-12-08,0.23881660843229233,10730.0,10748.0,10551.0,10618.5498046875,10519.1923828125,548373
2023-12-11,0.16598797516780905,10630.0,10638.0,10500.0498046875,10541.75,10443.111328125,579749
2023-12-12,-0.20002099135890603,10620.0,10624.0,10301.099609375,10338.400390625,10241.6640625,1088687
2023-12-13,-0.4189443804323673,10360.0,10412.900390625,10260.0,10380.0498046875,10282.923828125,603469
2023-12-14,0.3285730481147766,10440.0,10495.0,10312.2998046875,10353.2001953125,10256.3251953125,635475
2023-12-15,0.8653873121365905,10459.0,10476.75,9832.599609375,10286.400390625,10190.150390625,1244681
2023-12-18,0.0004631240153685212,10295.0,10350.900390625,10226.2001953125,10319.599609375,10223.0390625,652498
2023-12-19,0.5248896957200486,10319.599609375,10377.0,10206.2001953125,10233.599609375,10137.84375,585734
2023-12-20,0.6721559562283801,10240.0,10309.0498046875,9990.0,10081.25,9986.919921875,964051
2023-12-21,-0.874910406768322,10000.0,10099.25,9900.0,10012.849609375,9919.1591796875,739806
2023-12-22,-0.09161876210580683,10050.0,10318.2998046875,10030.0,10217.150390625,10121.548828125,652545
2023-12-26,-0.49694709312170743,10270.0,10281.2001953125,10114.7001953125,10270.650390625,10174.5478515625,395273
2023-12-27,0.6011313682344431,10286.0,10305.349609375,10230.0,10288.5,10192.23046875,397675
2023-12-28,0.3308576736987258,10310.9501953125,10310.9501953125,10187.0,10271.599609375,10175.48828125,584234
2023-12-29,-0.04405466373178309,10280.4501953125,10396.650390625,10273.0,10302.349609375,10205.951171875,705227
2024-01-01,-0.2517486333788838,10345.0,10345.0,10214.650390625,10283.2998046875,10187.0791015625,411724
2024-01-02,-0.17955908412113786,10283.2998046875,10294.7001953125,10151.0498046875,10197.75,10102.330078125,776837
2024-01-03,-0.005113701336085796,10200.0,10210.0,10065.0,10077.650390625,9983.3544921875,521046
2024-01-04,-0.04171218106057495,10100.0,10120.0,9985.5498046875,10015.2998046875,9921.5869140625,711733
2024-01-05,0.24381341760939299,10010.650390625,10075.0,9970.0,10017.0,9923.271484375,673131
2024-01-08,0.5353269809158518,10005.0,10128.9501953125,9911.900390625,9946.7001953125,9853.62890625,600153
2024-01-09,0.05712805748667701,9975.0,10042.650390625,9890.0,10024.099609375,9930.3046875,666469
2024-01-10,0.25506224651294557,10049.9501953125,10050.75,9950.0,10010.2001953125,9916.53515625,481699
2024-01-11,0.26130248790806426,10025.099609375,10124.099609375,10000.0,10011.099609375,9917.42578125,1024815
2024-01-12,0.33193698881465633,10025.0,10044.9501953125,9935.9501953125,9965.650390625,9872.40234375,850190
2024-01-15,0.5499969310670471,9985.099609375,10098.7998046875,9948.0,10086.900390625,9992.517578125,463380
2024-01-16,-0.5014751295020687,10086.849609375,10240.0,10060.0,10183.5498046875,10088.2626953125,536823
2024-01-17,0.9522186714069297,10124.0,10161.7998046875,9996.4501953125,10051.7001953125,9957.646484375,610250
2024-01-19,0.6869093626737595,9960.0,10051.650390625,9949.0498046875,10037.7001953125,9943.77734375,377018
2024-01-23,-0.8846868500113487,9862.0,9973.0,9832.099609375,9860.4501953125,9768.1865234375,956269
2024-01-24,0.048332631743202605,9860.0,10000.0,9755.0,9988.2001953125,9894.7412109375,459092
2024-01-25,-0.41238306400191505,9988.2001953125,9999.7998046875,9816.5498046875,9881.0,9788.5439453125,718817
2024-01-29,-0.9329799902625382,9931.150390625,10035.0,9875.0498046875,9991.400390625,9897.9111328125,446516
2024-01-30,0.7249013789150922,10010.849609375,10033.5,9931.5,9951.650390625,9858.533203125,399869
2024-01-31,0.21350231715405243,9959.2998046875,10235.599609375,9913.0,10186.900390625,10091.58203125,997024
2024-02-01,0.21863478371365505,10210.0,10699.7998046875,10204.0,10637.9501953125,10538.4111328125,1869594
2024-02-02,0.6928799784751997,10598.0,10711.599609375,10540.400390625,10655.4501953125,10555.7470703125,814940
2024-02-05,0.2309886824223213,10602.0,10759.9501953125,10400.0,10428.5498046875,10330.9697265625,365105
2024-02-06,-0.020367997291032225,10499.9501953125,10856.75,10458.0,10844.849609375,10743.375,829040
2024-02-07,-0.32149872990945977,10860.0,10973.5,10786.7998046875,10935.7001953125,10833.375,560808
2024-02-08,-0.0793261303449981,10951.0,10951.0,10689.9501953125,10743.900390625,10643.3701171875,557082
2024-02-09,0.5900019605760463,10711.25,10770.0,10611.099609375,10732.849609375,10632.4228515625,645489
2024-02-12,0.33581126229061437,10700.0,10748.9501953125,10650.0498046875,10709.7001953125,10609.490234375,190655
2024-02-13,0.9862219284405,10730.0,10830.0,10640.150390625,10794.5,10693.49609375,397979
2024-02-14,-0.03324769693426788,10705.0,11050.0,10703.400390625,11027.9501953125,10924.76171875,354676
2024-02-15,-0.43325854768045247,11040.0,11133.0,10980.0,11090.25,10986.478515625,447248
2024-02-16,-0.480440134415403,11120.0,11480.0,11098.0,11380.400390625,11273.9140625,716486
2024-02-19,0.2871342240832746,11380.400390625,11613.0498046875,11333.0498046875,11483.349609375,11375.900390625,581383
2024-02-20,-0.14604774228064343,11440.0,11479.9501953125,11315.849609375,11446.4501953125,11339.345703125,355044
2024-02-21,0.2713487446308136,11456.0,11521.0,11370.0,11465.849609375,11358.5634765625,348461
2024-02-22,-0.33084480293715995,11500.0,11695.0,11391.25,11657.7998046875,11548.7177734375,584406
2024-02-23,0.2183507444569841,11704.9501953125,11720.0,11475.2001953125,11535.599609375,11427.6611328125,472884
2024-02-26,0.052293453365564346,11505.0,11533.9501953125,11416.4501953125,11467.0,11359.703125,277700
2024-02-27,-0.4763816667255014,11415.0,11562.900390625,11384.25,11500.650390625,11393.0390625,307585
2024-02-28,0.08734949416248128,11471.0,11498.9501953125,11130.0,11152.7998046875,11048.443359375,358812
2024-02-29,-0.15068462413425246,11155.0,11349.0,11129.5,11288.349609375,11182.724609375,943841
2024-03-01,0.9879395557873067,11295.0,11675.0,11295.0,11620.9501953125,11512.212890625,487355
2024-03-04,0.33672939722115797,11600.0,11677.2998046875,11544.150390625,11594.150390625,11485.6640625,369936
2024-03-05,0.037781102957928345,11596.0498046875,11730.0,11561.7998046875,11670.599609375,11561.3984375,320702
2024-03-06,-0.9327322728931904,11670.599609375,11679.0,11518.400390625,11567.0498046875,11458.8173828125,639542
2024-03-07,0.33257001255988144,11571.0498046875,11633.5,11421.150390625,11510.0498046875,11402.3505859375,255325
2024-03-11,0.1333020377496723,11515.150390625,11555.900390625,11350.0498046875,11395.5498046875,11288.921875,525344
2024-03-12,-0.10019935169257224,11400.0,11575.900390625,11381.0,11509.900390625,11402.2021484375,283816
2024-03-13,0.07255477178841829,11510.0,11554.849609375,11267.599609375,11390.150390625,11283.5732421875,385204
2024-03-14,-0.05811667961201498,11401.75,11460.0,11302.0498046875,11404.599609375,11297.88671875,523058
2024-03-15,0.26522195362485945,11380.0,11521.0498046875,11314.0498046875,11476.650390625,11369.263671875,972333
2024-03-18,0.6451529332553037,11436.650390625,11665.400390625,11366.2998046875,11636.2998046875,11527.4189453125,311049
2024-03-19,-0.11453911662101746,11542.099609375,11679.9501953125,11456.150390625,11597.0498046875,11488.5361328125,409259
2024-03-20,-0.26910974745987915,11651.150390625,12025.0,11651.150390625,11941.150390625,11829.4169921875,1031037
2024-03-21,-0.5243219497613609,11999.0,12000.0,11825.349609375,11908.150390625,11796.7265625,544311
2024-03-22,-0.5482843483914621,11890.0498046875,12427.2998046875,11890.0498046875,12337.7001953125,12222.2568359375,1062263
2024-03-26,0.3081557096797042,12285.5498046875,12321.900390625,12141.2001953125,12250.5498046875,12135.921875,507568
2024-03-27,0.7425540887983516,12290.0,12722.7001953125,12285.7001953125,12510.349609375,12393.291015625,878986
2024-03-28,0.5300115986297337,12569.9501953125,12726.7998046875,12385.5,12600.349609375,12482.4482421875,860324
2024-04-01,0.2719038337469101,12613.349609375,12689.0,12506.150390625,12569.599609375,12451.986328125,314676
2024-04-02,0.26791234510892536,12624.9501953125,12648.0,12462.25,12552.4501953125,12434.9970703125,333508
2024-04-03,0.15679740072179507,12450.0,12525.5,12412.5498046875,12427.849609375,12311.5625,271935
2024-04-04,-0.1584982663334813,12490.0,12649.0,12318.0498046875,12567.25,12449.658203125,491166
2024-04-05,0.9986390029225731,12492.0,12557.900390625,12384.5,12421.599609375,12305.37109375,231600
2024-04-08,-0.8922840079758316,12450.0,12927.650390625,12450.0,12865.099609375,12744.720703125,570422
2024-04-09,0.4952588869616323,12865.099609375,12985.7001953125,12780.0,12888.0,12767.4072265625,314466
2024-04-10,-0.14001070358790457,12933.0,12958.0,12600.900390625,12682.75,12564.078125,464239
2024-04-12,-0.44103278615511954,12660.0,12660.0,12225.0,12266.5498046875,12151.7724609375,973366
2024-04-15,0.6350322073073281,12199.5,12510.0,12032.9501953125,12422.849609375,12306.609375,831257
2024-04-16,-0.9762518899515271,12308.0,12549.900390625,12275.349609375,12502.7001953125,12385.712890625,579183
2024-04-18,-0.34713188248376053,12570.0,12602.0,12320.0498046875,12405.0,12288.9267578125,679117
2024-04-19,0.7589933486888185,12399.900390625,12759.400390625,12225.0,12710.9501953125,12592.013671875,635535
2024-04-22,0.4918217964586802,12783.150390625,12879.150390625,12659.0,12785.5,12665.8662109375,342212
2024-04-23,-0.023518064117524773,12845.0,13024.5,12776.2998046875,12996.25,12874.64453125,397281
2024-04-24,0.9391635321080685,13000.0,13073.9501953125,12900.0,12944.0498046875,12822.9326171875,296364
2024-04-25,0.49102510783510905,12964.0,12980.7001953125,12740.349609375,12922.5,12801.5849609375,640725
2024-04-26,0.013827842298067279,12922.0,13045.0,12660.0,12703.349609375,12584.484375,704626
2024-04-29,0.002733193065399643,12800.0498046875,12994.7998046875,12603.0,12689.849609375,12571.111328125,613937
2024-04-30,-0.06051854506949894,12786.0,12996.0,12740.2001953125,12817.5,12697.5673828125,528776
2024-05-02,-0.28598478383459486,12750.0,12844.150390625,12514.7998046875,12805.349609375,12685.5302734375,814923
2024-05-03,0.3490050579421222,12817.9501953125,12830.0,12411.400390625,12492.150390625,12375.26171875,834990
2024-05-06,0.13220891170931282,12550.0,12646.400390625,12372.5,12439.2998046875,12322.9052734375,342231
2024-05-07,0.8418824426674595,12472.400390625,12508.5,12239.0,12364.0498046875,12248.359375,604375
2024-05-08,0.65146930917399,12392.0,12559.9501953125,12325.0,12543.5498046875,12426.1796875,399669
2024-05-09,0.34995875298045576,12540.0,12739.7998046875,12436.75,12504.650390625,12387.64453125,504590
2024-05-10,0.37117273604962975,12505.0,12696.9501953125,12501.0,12675.5,12556.8955078125,328670
2024-05-13,-0.8122624653148126,12660.0,12708.400390625,12477.5498046875,12673.849609375,12555.2607421875,281421
2024-05-14,-0.11181857315823436,12673.849609375,12840.0,12651.400390625,12814.2001953125,12694.2978515625,331037
2024-05-15,-0.4134682764498783,12820.0,12872.400390625,12700.0,12767.2998046875,12647.8369140625,232030
2024-05-16,-0.20609324134420604,12848.0,12848.0,12300.0,12497.650390625,12380.7099609375,914201
2024-05-17,0.5206174715357419,12515.150390625,12665.900390625,12322.2998046875,12641.5,12523.2138671875,809226
2024-05-21,0.9392881877720356,12600.150390625,12678.900390625,12441.7998046875,12473.2998046875,12356.587890625,443136
2024-05-22,0.16601025832018682,12427.7998046875,12563.0,12363.099609375,12531.349609375,12414.09375,280015
2024-05-23,0.05726466060150415,12566.0498046875,12975.099609375,12473.0498046875,12934.900390625,12813.869140625,768732
2024-05-24,0.9481768752448261,12865.0,13034.0,12811.0,13000.4501953125,12878.8056640625,624801
2024-05-27,0.977372360881418,13023.4501953125,13058.5,12777.0,12906.099609375,12785.337890625,464953
2024-05-28,0.4444351508980617,12890.0,12985.9501953125,12800.25,12818.599609375,12698.65625,333806
2024-05-29,0.32691879496754456,12818.0,12850.0498046875,12750.0,12788.650390625,12668.9873046875,353706
2024-05-31,-0.30692853997364483,12598.0,12633.349609375,12330.0,12399.2998046875,12283.2802734375,908304
2024-06-03,0.035426259390078485,12825.0,12825.0,12402.5498046875,12476.150390625,12359.4111328125,485936
2024-06-04,-0.025382131338119507,12596.599609375,12597.2001953125,11561.4501953125,12176.0498046875,12062.119140625,825928
2024-06-05,0.185526402380604,12180.0,12614.099609375,12125.099609375,12502.599609375,12385.61328125,447581
2024-06-06,0.16622417161706834,12511.5498046875,12690.0,12468.0,12673.5,12554.9140625,447536
2024-06-07,0.8611849918961525,12582.349609375,12828.0,12582.349609375,12810.900390625,12691.029296875,532480
2024-06-10,0.08306083038041834,12765.150390625,12920.0,12627.900390625,12717.5498046875,12598.5517578125,293471
2024-06-11,-0.011505754897370934,12743.5,12939.5498046875,12655.2001953125,12863.650390625,12743.28515625,358807
2024-06-12,0.059628453105688095,12863.650390625,12951.599609375,12802.0,12849.349609375,12729.1181640625,302719
2024-06-14,0.12978269539437154,12831.5,12895.0,12778.7998046875,12845.2001953125,12725.0078125,216967
2024-06-18,-0.1509401054820046,12878.400390625,12880.0,12542.0498046875,12560.9501953125,12443.41796875,823306
2024-06-19,-0.4968137873802334,12610.0,12625.0,12200.0,12242.099609375,12127.55078125,694871
2024-06-20,0.326566374336835,12246.0,12305.5,12135.0,12149.5,12035.8173828125,907751
2024-06-21,0.9974249205552042,12220.0,12366.25,12083.5,12201.5,12087.3310546875,947800
2024-06-24,-0.49574194512388203,12181.0,12289.0,12041.0,12183.400390625,12069.400390625,550862
2024-06-25,0.45306267597091693,12201.400390625,12237.7998046875,12072.0498046875,12116.599609375,12003.224609375,594272
2024-06-26,-0.1286392412564185,12117.0,12323.849609375,12067.7001953125,12198.25,12084.111328125,447931
2024-06-27,0.5860550093464554,12200.0,12227.2998046875,12010.0,12178.75,12064.7939453125,1230852
2024-06-28,0.7289354500127956,12184.9501953125,12201.5,12004.150390625,12033.849609375,11921.2490234375,1160395
2024-07-01,0.5419232196041516,12045.0,12260.0,12005.5498046875,12108.650390625,11995.349609375,1134926
2024-07-02,-0.06389591688639484,12149.9501953125,12149.9501953125,11995.0,12042.599609375,11929.9169921875,687181
2024-07-03,-0.01694724914462616,12115.0,12150.0,11960.0,12123.650390625,12010.2099609375,467532
2024-07-04,-0.718445211648941,12135.0,12210.0,12071.7998046875,12089.599609375,11976.4775390625,299684
2024-07-05,0.04733768434380181,12069.150390625,12137.4501953125,12021.900390625,12104.0498046875,11990.79296875,406926
2024-07-08,-0.17024866588568935,12104.0,12112.0,11966.0,12023.599609375,11911.0947265625,496933
2024-07-09,0.5443407852920549,12325.0,12959.9501953125,12264.0498046875,12827.7001953125,12707.671875,2114130
2024-07-10,-0.2542301001350014,12950.0498046875,13300.0,12732.650390625,12772.7998046875,12653.28515625,2070520
2024-07-11,0.19395401910151122,12800.0,12923.7998046875,12695.0498046875,12715.2001953125,12596.224609375,608983
2024-07-12,0.9900456559262238,12620.0,12669.900390625,12475.0,12562.5,12444.953125,674746
2024-07-15,0.2734852433204651,12600.0,12768.5,12590.0,12643.9501953125,12525.640625,697186
2024-07-16,-0.3665432631969452,12643.0,12798.0,12581.75,12639.5498046875,12521.2822265625,347810
2024-07-19,-0.03895985076087527,12650.0,12710.0,12496.4501953125,12524.2998046875,12407.1103515625,351955
2024-07-22,0.7066951335873455,12500.0,12658.9501953125,12400.0498046875,12641.25,12522.9658203125,249631
2024-07-24,-0.938158430159092,12634.0,12663.2001953125,12458.2001953125,12487.25,12370.4072265625,285860
2024-07-25,-0.2290736382619798,12388.0498046875,12525.0,12388.0498046875,12509.2001953125,12392.15234375,396789
2024-07-26,0.06112627708353102,12470.0,12743.099609375,12389.2001953125,12663.7001953125,12545.2060546875,537693
2024-07-29,0.349381769890897,12709.0,12773.7001953125,12603.0,12751.5498046875,12632.2333984375,388263
2024-07-30,0.3351807699849208,12760.0,12968.7998046875,12709.900390625,12873.650390625,12753.1923828125,526539
2024-07-31,0.26511676524443406,12980.0,13375.0,12895.150390625,13115.7998046875,12993.0751953125,836405
2024-08-01,0.6072797431261279,13393.0,13680.0,13112.0,13359.0498046875,13234.0498046875,2040384
2024-08-02,-0.27829691977240145,13126.0,13174.900390625,12673.0498046875,12726.400390625,12726.400390625,1333355
2024-08-05,0.5376915796659887,12490.0,12490.0,12027.650390625,12200.849609375,12200.849609375,1131415
2024-08-06,0.3723859114572406,12390.0,12554.900390625,12110.0,12131.099609375,12131.099609375,623565
2024-08-07,0.01130448882759083,12399.0,12450.0,12265.900390625,12371.5,12371.5,433514
2024-08-08,-0.31576722332586843,12371.0,12392.7001953125,12152.150390625,12218.849609375,12218.849609375,358577
2024-08-09,-0.21069301098274687,12390.0,12390.0,12195.099609375,12224.2001953125,12224.2001953125,320211
2024-08-12,-0.5492805913090706,12200.0,12370.0,12100.0,12273.25,12273.25,291212
2024-08-13,0.23168129995368267,12337.0,12340.0498046875,12122.0,12176.25,12176.25,464483
2024-08-14,0.013708630576729774,12239.0,12239.0,12130.0,12205.650390625,12205.650390625,449827
2024-08-16,0.29962824277269345,12314.9501953125,12343.9501953125,12111.0,12213.2998046875,12213.2998046875,552732
2024-08-19,-0.058516431992757134,12195.0,12244.0498046875,12126.7998046875,12149.7998046875,12149.7998046875,277319
2024-08-20,-0.9975350096356124,12160.5,12310.0,12150.099609375,12214.9501953125,12214.9501953125,471927
2024-08-21,-0.3221223070504493,12214.9501953125,12248.9501953125,12177.0498046875,12220.9501953125,12220.9501953125,295984
2024-08-22,-0.07884703870513476,12280.0,12325.0,12181.0,12276.349609375,12276.349609375,501316
2024-08-23,0.02828143071383238,12300.0,12375.0498046875,12254.400390625,12302.2998046875,12302.2998046875,440809
2024-08-26,0.29576613241806626,12325.0,12334.5,12222.0,12243.7998046875,12243.7998046875,232805
2024-08-27,-0.0961857155256439,12245.0,12530.0,12225.099609375,12496.900390625,12496.900390625,477609
2024-08-28,-0.004863403334942025,12500.0,12519.9501953125,12330.0,12357.5,12357.5,313227
2024-08-29,0.08625163525963823,12343.0,12480.0,12250.0,12453.7998046875,12453.7998046875,608598
2024-08-30,0.9987631103140302,12460.0,12570.0,12316.2001953125,12403.0,12403.0,2271179
2024-09-02,-0.5078381077316104,12373.0,12525.0,12350.400390625,12427.400390625,12427.400390625,331514
2024-09-03,-0.18652498286489086,12474.0,12474.2998046875,12359.900390625,12397.099609375,12397.099609375,445514
2024-09-04,-0.24373618975126496,12325.0498046875,12398.0,12234.099609375,12336.25,12336.25,735076
2024-09-05,0.636068798834458,12337.0,12370.0,12230.0,12298.599609375,12298.599609375,595865
2024-09-06,0.04412540793418884,12250.0,12304.849609375,12094.7001953125,12186.150390625,12186.150390625,733354
2024-09-09,-0.44205628044437617,12197.5,12219.849609375,12102.0,12145.75,12145.75,415790
2024-09-10,-0.2521917386984569,12150.099609375,12288.0498046875,12098.0,12263.400390625,12263.400390625,285122
2024-09-11,0.6742240829160437,12260.0,12334.0,12165.0,12242.599609375,12242.599609375,349799
2024-09-12,-0.4635971129561464,12262.099609375,12427.0,12151.349609375,12400.849609375,12400.849609375,547830
2024-09-13,-0.5063820489303907,12365.0,12395.0,12291.0498046875,12316.0498046875,12316.0498046875,361093
2024-09-16,-0.4808862317974369,12321.9501953125,12364.0,12256.0,12289.0,12289.0,170114
2024-09-17,0.9365504799643531,12285.0,12285.0,12151.650390625,12245.75,12245.75,568161
2024-09-18,0.029233630125721295,12240.0498046875,12337.9501953125,12170.0,12204.099609375,12204.099609375,182282
2024-09-19,-0.3798565369964178,12259.9501953125,12410.0,12206.400390625,12351.5,12351.5,465608
2024-09-20,-0.12367356173053849,12360.400390625,12705.150390625,12360.0498046875,12614.5,12614.5,875654
2024-09-23,0.21062771463766694,12625.0,12749.0,12625.0,12683.099609375,12683.099609375,235586
2024-09-24,-0.42082818335620686,12583.099609375,12778.9501953125,12583.099609375,12738.599609375,12738.599609375,425916
2024-09-25,-0.17723502343605188,12727.25,12816.2001953125,12611.0,12785.2998046875,12785.2998046875,341172
2024-09-26,0.541190471034497,12835.0,13411.0,12830.0,13383.7998046875,13383.7998046875,1471069
2024-09-27,0.012590265279868618,13383.0,13541.650390625,13274.4501953125,13495.599609375,13495.599609375,865698
2024-09-30,-0.9865577726159245,13343.5498046875,13500.0,13208.7001953125,13238.0,13238.0,415743
2024-10-01,-0.5919723045546561,13238.0,13300.4501953125,13000.0498046875,13166.0,13166.0,388888
2024-10-03,-0.27481058292323723,12941.0498046875,13148.0,12592.2998046875,12647.349609375,12647.349609375,863520
2024-10-04,0.0563077533734031,12689.900390625,12877.849609375,12512.5,12605.75,12605.75,679362
2024-10-07,-0.08178473433310335,12626.0498046875,12648.0,12378.0,12527.5,12527.5,465500
2024-10-08,-0.06627678200602531,12502.25,12630.099609375,12462.0498046875,12531.9501953125,12531.9501953125,387060
2024-10-09,-0.23027271618684608,12554.9501953125,12850.0,12540.5,12760.7001953125,12760.7001953125,465231
2024-10-10,-0.00574269807631416,12798.900390625,12965.0,12711.5,12944.099609375,12944.099609375,492698
2024-10-11,-0.10012141446350142,12944.099609375,12980.0,12725.0,12776.650390625,12776.650390625,274243
2024-10-14,-0.19895591841001684,12775.0,12799.0,12462.2998046875,12537.849609375,12537.849609375,488067
2024-10-15,0.0432402664617471,12709.0,12709.0,12355.0,12446.75,12446.75,532135
2024-10-16,0.03296991309616715,12414.0498046875,12454.9501953125,12231.0,12383.900390625,12383.900390625,418138
2024-10-17,-0.12580483777786694,12400.0,12420.099609375,12070.0,12143.75,12143.75,875937
2024-10-18,-0.4686422170392082,12070.0,12141.25,11844.4501953125,12105.099609375,12105.099609375,506871
