date,TataMotors_avg_sentiment,Open,High,Low,Close,Adj Close,Volume
2021-08-02,0.2251528871245682,299.1499938964844,299.3999938964844,295.6000061035156,296.8500061035156,295.0173034667969,19273390
2021-08-03,-0.3241653291042894,298.5,304.5,297.70001220703125,303.70001220703125,301.82501220703125,31063992
2021-08-04,0.41694898215549375,304.75,306.45001220703125,297.20001220703125,298.1499938964844,296.3092346191406,26186248
2021-08-05,-0.9435937963426113,295.5,300.8999938964844,292.75,299.70001220703125,297.8497009277344,20704901
2021-08-06,0.9608957581222057,300.04998779296875,303.3999938964844,297.6499938964844,300.04998779296875,298.197509765625,16001898
2021-08-09,0.9395004436373711,300.75,304.20001220703125,296.04998779296875,298.1000061035156,296.2595520019531,16985859
2021-08-10,0.5755975124840107,297.8999938964844,300.20001220703125,291.0,294.20001220703125,292.3836364746094,15173990
2021-08-11,-0.011855727061629295,295.29998779296875,297.79998779296875,286.45001220703125,295.45001220703125,293.6259460449219,20802022
2021-08-12,-0.021279109952350456,297.29998779296875,307.3999938964844,297.29998779296875,306.0,304.1107788085937,33652880
2021-08-13,-0.2287602446973324,308.79998779296875,311.5,303.04998779296875,307.25,305.35308837890625,34922863
2021-08-16,0.6536123227948943,305.95001220703125,307.8500061035156,303.04998779296875,303.70001220703125,301.82501220703125,14348786
2021-08-17,0.8977566796044508,302.79998779296875,302.79998779296875,292.79998779296875,297.70001220703125,295.862060546875,25539214
2021-08-18,0.9806719742648836,296.8999938964844,297.75,292.6000061035156,293.3500061035156,291.5389099121094,18004320
2021-08-20,0.001066923541657161,289.5,290.70001220703125,281.0,283.1000061035156,281.3521728515625,32578752
2021-08-23,-0.15023708531953162,287.20001220703125,288.29998779296875,275.0,276.95001220703125,275.2401733398437,24498294
2021-08-24,0.9818544200388715,278.5,281.5,268.45001220703125,279.79998779296875,278.072509765625,37589121
2021-08-25,0.26637540172669105,282.79998779296875,289.20001220703125,282.45001220703125,284.3999938964844,282.6441345214844,31538128
2021-08-26,-0.2802375482133357,284.8500061035156,287.3500061035156,281.6499938964844,284.29998779296875,282.54473876953125,17864053
2021-08-27,-0.2873109548454522,282.8999938964844,286.79998779296875,281.70001220703125,285.75,283.9858093261719,13477390
2021-08-30,0.08798717032186687,290.1000061035156,293.5,289.8999938964844,291.95001220703125,290.14752197265625,17217097
2021-08-31,0.44650291871429154,291.75,291.95001220703125,286.1000061035156,287.29998779296875,285.5262451171875,36951003
2021-09-01,0.01609051337800338,289.0,297.3999938964844,287.29998779296875,295.25,293.4271545410156,33103168
2021-09-02,-0.6030006334884093,295.25,296.29998779296875,291.70001220703125,293.1499938964844,291.3401184082031,14907001
2021-09-03,0.9820634187448637,292.5,296.45001220703125,292.0,295.54998779296875,293.7253112792969,16594135
2021-09-06,0.9583933440347513,297.5,298.95001220703125,296.0,297.45001220703125,295.61358642578125,16622865
2021-09-07,0.011963868513703346,297.3500061035156,297.79998779296875,290.8999938964844,294.6000061035156,292.7811889648437,14325904
2021-09-08,-0.3516514334827662,293.5,298.79998779296875,291.6000061035156,295.25,293.4271545410156,14920479
2021-09-09,0.01970065853674896,294.0,303.5,293.54998779296875,298.95001220703125,297.1043395996094,34020970
2021-09-13,-0.9396626076971492,299.0,302.0,295.5,301.20001220703125,299.3404541015625,16339860
2021-09-14,0.22742776002269238,302.25,307.20001220703125,302.20001220703125,306.1000061035156,304.2101745605469,23234649
2021-09-15,0.43026566218551515,306.1000061035156,313.0,306.1000061035156,311.95001220703125,310.0240478515625,26808872
2021-09-16,0.3417805802697937,313.3999938964844,315.0,307.6499938964844,311.6499938964844,309.7259216308594,26249369
2021-09-17,0.6864519461135691,312.0,315.3500061035156,306.0,308.6000061035156,306.6947326660156,24972069
2021-09-20,-0.2448479135055095,304.8999938964844,310.25,297.29998779296875,298.95001220703125,297.1043395996094,19632688
2021-09-21,-0.025125955887646836,298.6000061035156,302.70001220703125,293.1000061035156,301.95001220703125,300.0857849121094,19439330
2021-09-22,0.045131389051675797,303.1499938964844,313.79998779296875,303.0,310.1000061035156,308.1854858398437,29545253
2021-09-23,0.628636623499915,313.20001220703125,324.0,313.20001220703125,321.5,319.5151062011719,52701665
2021-09-24,0.832414399243943,325.1000061035156,326.95001220703125,316.04998779296875,317.95001220703125,315.98699951171875,28901243
2021-09-27,-0.10526623304920374,323.1499938964844,333.6000061035156,323.1499938964844,331.6499938964844,329.6024475097656,56305136
2021-09-28,0.22183412524827872,334.0,336.0,324.5,329.29998779296875,327.2669372558594,28497009
2021-09-29,0.5799100347794592,325.0,333.0,324.0,330.25,328.2110595703125,19740150
2021-09-30,0.42795509261001524,331.25,337.8999938964844,329.1000061035156,333.3500061035156,331.2919311523437,30268517
2021-10-01,0.2848071140081932,332.6499938964844,337.29998779296875,325.70001220703125,333.29998779296875,331.24224853515625,29877695
2021-10-04,0.6121889669836188,336.79998779296875,343.25,335.1499938964844,342.0,339.8885498046875,29553072
2021-10-05,0.8408657892917594,340.45001220703125,351.5,338.8500061035156,344.95001220703125,342.8203125,31861985
2021-10-06,0.9976845479104668,347.0,348.70001220703125,335.0,336.04998779296875,333.97528076171875,25272592
2021-10-07,-0.065018826542655,341.1000061035156,383.0,339.25,376.5,374.1755065917969,163238084
2021-10-08,-0.2593014726193029,385.8999938964844,397.5499877929688,380.0,382.9500122070313,380.5857238769531,93728117
2021-10-11,0.3891412336212982,390.1499938964844,420.8999938964844,388.0,415.75,413.1831970214844,113404983
2021-10-12,-0.12942366608275244,423.0,435.7000122070313,413.6000061035156,420.8500061035156,418.2517395019531,97349265
2021-10-13,0.1386369837837816,462.8999938964844,523.8499755859375,462.8999938964844,506.8999938964844,503.77044677734375,197949387
2021-10-14,-0.3094341655669268,530.0,530.0,492.0,497.6000061035156,494.5278625488281,103630901
2021-10-18,-0.1919177369127283,507.0,525.0,503.6000061035156,509.6000061035156,506.4537963867188,72322623
2021-10-19,-0.47739262570394203,512.4500122070312,517.4000244140625,476.0499877929688,481.8999938964844,478.9247741699219,57428637
2021-10-20,-0.7096101343631744,481.7999877929688,497.0,471.25,486.8999938964844,483.8939208984375,55444814
2021-10-21,-0.5461768308499207,491.75,510.3999938964844,485.75,508.0,504.8636474609375,52608672
2021-10-25,0.674230121774599,493.8999938964844,496.0,473.25,479.8999938964844,476.9371337890625,33107841
2021-10-27,0.9531284645199776,505.75,506.5499877929688,496.0,497.8999938964844,494.8260192871094,30361263
2021-10-28,0.6503924660889121,493.8999938964844,493.8999938964844,478.5499877929688,481.0499877929688,478.0800476074219,25182748
2021-10-29,0.7400159726385027,482.0,491.6000061035156,467.7000122070313,483.7000122070313,480.7136840820313,31054342
2021-11-01,-0.5557788332007476,486.4500122070313,489.7000122070313,469.7999877929688,485.7000122070313,482.7013549804688,34315690
2021-11-02,0.24490502791741164,506.5,510.0,486.5,487.8500061035156,484.8380737304688,51580720
2021-11-03,0.4925538109091576,483.7999877929688,495.0,481.6000061035156,484.8999938964844,481.9062805175781,22950198
2021-11-04,0.9600666407495737,489.7999877929688,493.5499877929688,488.0,489.7000122070313,486.6766357421875,5531940
2021-11-08,0.5684514418244362,493.8999938964844,504.8500061035156,490.25,501.3999938964844,498.3044128417969,31736426
2021-11-09,0.31122854164069785,505.0,520.6500244140625,503.5,509.6499938964844,506.5034790039063,50458762
2021-11-10,0.5856341400649399,506.25,515.9500122070312,500.2000122070313,510.75,507.5966796875,26615777
2021-11-11,0.18686749320477247,510.0,519.0,501.0,503.4500122070313,500.3417663574219,29256213
2021-11-12,0.8481480255723,506.9500122070313,509.5499877929688,497.3500061035156,507.0499877929688,503.9195251464844,20731808
2021-11-15,0.36603623109404,506.25,514.9000244140625,504.5,505.4500122070313,502.3294372558594,18014977
2021-11-16,-0.1572621516068466,506.8999938964844,526.8499755859375,506.2000122070313,519.0499877929688,515.845458984375,55897781
2021-11-17,-0.3638401123836437,520.25,536.7000122070312,520.25,530.1500244140625,526.876953125,48463415
2021-11-18,-0.9805613411823287,531.4500122070312,534.2000122070312,501.2999877929688,509.7000122070313,506.5531921386719,47197742
2021-11-22,0.857172591611743,512.25,512.25,478.3999938964844,486.1000061035156,483.098876953125,40044849
2021-11-23,0.05441857024561614,484.3999938964844,499.3500061035156,477.0,495.5,492.44085693359375,27553684
2021-11-24,-0.18621110192034393,499.0,501.7999877929688,485.2999877929688,488.6499938964844,485.6331176757813,20915837
2021-11-25,0.4959328080294654,490.7999877929688,495.1499938964844,486.5,492.75,489.7078247070313,15336539
2021-11-26,-0.8992970064282417,486.0,486.75,458.0,460.2000122070313,457.3587951660156,51787989
2021-11-29,0.975635438811878,457.0,470.75,443.1000061035156,461.4500122070313,458.60107421875,42819150
2021-11-30,0.9051311085931957,466.5499877929688,478.0,455.6499938964844,458.6000061035156,455.7686767578125,35471800
2021-12-01,0.5418941086067611,467.8500061035156,478.3999938964844,463.5499877929688,475.25,472.3158874511719,28256188
2021-12-02,-0.20243726077023894,479.3999938964844,480.4500122070313,471.7000122070313,479.1000061035156,476.1421203613281,21012008
2021-12-03,0.4214684197213501,480.0,484.7000122070313,477.2999877929688,480.1000061035156,477.1359252929688,20948900
2021-12-06,-0.2726539361756295,480.1000061035156,480.8999938964844,466.0,467.2000122070313,464.3155822753906,17473075
2021-12-07,0.37039957415496855,476.8500061035156,484.8999938964844,471.0,481.7999877929688,478.8254089355469,21280797
2021-12-08,0.970609787851572,484.5,495.9500122070313,483.5,493.8999938964844,490.8507080078125,20581817
2021-12-09,0.7602315694093704,498.0,498.5,489.5499877929688,493.9500122070313,490.9004211425781,16951593
2021-12-10,0.23388095968402922,487.75,496.7999877929688,486.5499877929688,494.4500122070313,491.3973388671875,14567815
2021-12-13,0.021868432027986273,499.4500122070313,506.3999938964844,494.2000122070313,495.3500061035156,492.2917785644531,21921272
2021-12-15,-0.1389135153964162,487.7999877929688,497.7000122070313,487.25,491.6499938964844,488.6145935058594,16263723
2021-12-16,0.40148184867575765,495.0,496.5,487.3999938964844,491.9500122070313,488.9127502441406,13581352
2021-12-17,-0.47733144951052964,488.0,488.8500061035156,468.2000122070313,470.2000122070313,467.2970581054688,27341178
2021-12-20,-0.9992238354752772,459.8999938964844,460.0,440.0,447.0499877929688,444.28997802734375,33007516
2021-12-21,0.07677337899804115,452.1000061035156,460.8999938964844,449.8500061035156,453.6000061035156,450.7995300292969,18838054
2021-12-22,0.815645451657474,458.1499938964844,472.1499938964844,458.1499938964844,470.5,467.5951843261719,22730750
2021-12-23,0.30686201468342916,476.0,478.0,470.9500122070313,472.3500061035156,469.4337768554688,12116814
2021-12-24,-0.05763684958219528,474.8999938964844,474.8999938964844,460.0,467.6000061035156,464.7130737304688,15487368
2021-12-27,-0.15706469988193325,465.7000122070313,472.4500122070313,460.1000061035156,471.1499938964844,468.2411804199219,12557565
2021-12-28,-0.07541236996185034,475.2000122070313,482.7999877929688,472.6499938964844,480.2000122070313,477.2353210449219,22860916
2021-12-29,-0.020460337037494516,478.75,481.6000061035156,474.25,476.0,473.0612182617188,10263884
2021-12-30,0.9730860684067011,472.5499877929688,476.3999938964844,468.6000061035156,470.3999938964844,467.4957885742188,11923961
2021-12-31,0.5369144678115845,472.7000122070313,483.6000061035156,471.8500061035156,482.3999938964844,479.4217224121094,15541446
2022-01-03,0.5704093964749892,493.5,500.8500061035156,492.0,497.6000061035156,494.5278625488281,32748423
2022-01-04,-0.0715345201198943,496.7999877929688,499.0,484.0499877929688,489.6000061035156,486.5772705078125,24100985
2022-01-05,0.12703219056129456,486.9500122070313,492.75,483.5499877929688,489.75,486.726318359375,15420105
2022-01-06,0.6801789621822536,481.5,492.9500122070313,477.1000061035156,488.8500061035156,485.8319091796875,16563230
2022-01-07,-0.5704266196116805,490.0499877929688,495.5,483.75,490.6000061035156,487.5711059570313,15532165
2022-01-10,-0.8825166318565607,493.1000061035156,504.8999938964844,491.2999877929688,503.7000122070313,500.5902099609375,25193771
2022-01-13,-0.19426670218235814,504.0,513.7999877929688,494.7999877929688,511.9500122070313,508.7892761230469,27572553
2022-01-14,-0.4174562686821446,509.0,515.4000244140625,505.6499938964844,509.8999938964844,506.7519226074219,12655602
2022-01-17,-0.3175661852583289,514.7999877929688,526.9000244140625,512.0,525.0,521.7587280273438,27942414
2022-01-18,-0.6051610822118271,527.9000244140625,528.5,507.1499938964844,510.7999877929688,507.6463623046875,19353195
2022-01-19,-0.1087249023039476,510.0,522.2000122070312,504.7999877929688,520.8499755859375,517.63427734375,21799071
2022-01-20,-0.7153365844860673,519.9500122070312,523.2000122070312,512.0,515.7000122070312,512.51611328125,18364451
2022-01-21,0.04356668358377647,510.3999938964844,513.8499755859375,494.25,501.8500061035156,498.7516174316406,17946821
2022-01-24,0.25754078570753336,499.7000122070313,504.2999877929688,473.3500061035156,478.4500122070313,475.4961242675781,25228959
2022-01-25,-0.25974175333976746,473.7999877929688,492.5,467.6499938964844,490.5499877929688,487.5213928222656,22565698
2022-01-27,0.9937598707620054,480.75,502.7000122070313,476.6000061035156,494.3999938964844,491.3476257324219,26676094
2022-01-28,0.9956743441289291,500.5,509.3500061035156,495.2999877929688,497.2999877929688,494.229736328125,21784640
2022-01-31,-0.8804377041986513,505.0,520.0,498.2000122070313,517.75,514.553466796875,27306578
2022-02-01,-0.009050134944118327,508.0,514.75,493.0,504.2999877929688,501.1864929199219,48030231
2022-02-02,-0.9676278174932426,508.6000061035156,514.4500122070312,505.1499938964844,506.3999938964844,503.2735290527344,14311040
2022-02-03,-0.33854427832799655,509.1000061035156,514.2999877929688,502.8500061035156,504.5,501.3852844238281,15249245
2022-02-07,0.8096281327307224,502.8999938964844,504.3500061035156,492.5,494.6000061035156,491.5464172363281,13392910
2022-02-08,0.047262287116609514,498.0,498.5,479.1499938964844,492.75,489.7078247070313,23378623
2022-02-09,-0.36794479994568974,496.5,503.7000122070313,494.7000122070313,501.25,498.15533447265625,12430730
2022-02-10,0.47215119167231023,506.7000122070313,510.5,504.2000122070313,507.4500122070313,504.3170776367188,14537945
2022-02-11,0.2983112691727001,503.25,507.0,497.0,498.8500061035156,495.7701721191406,13534899
2022-02-14,-0.979250556230545,487.0,488.5,468.7999877929688,471.4500122070313,468.539306640625,22157389
2022-02-15,-0.3040225734002888,476.1499938964844,505.5,467.2999877929688,504.0,500.8883361816406,30623088
2022-02-16,-0.4753704883623868,504.0,507.8999938964844,496.6000061035156,498.4500122070313,495.3726501464844,20176993
2022-02-17,-0.12739821650838065,505.8999938964844,511.5,498.2999877929688,499.9500122070313,496.8633728027344,27943077
2022-02-18,0.2752260041888803,498.0,502.6499938964844,491.5,493.1499938964844,490.1053466796875,15476803
2022-02-21,0.9993424247077201,490.1499938964844,500.3999938964844,486.1000061035156,494.4500122070313,491.3973388671875,22592161
2022-02-22,-0.15514854279657206,480.5499877929688,486.2999877929688,471.4500122070313,478.25,475.2973327636719,27957544
2022-02-23,0.1744152531027794,481.75,485.3999938964844,475.2999877929688,477.0,474.0550537109375,17703998
2022-02-24,-0.06971882237121463,455.9500122070313,461.5499877929688,405.4500122070313,427.9500122070313,425.3078918457031,57265685
2022-02-25,-0.1754906379741014,444.8500061035156,465.7000122070313,441.6000061035156,459.75,456.91156005859375,48876182
2022-02-28,0.028612505515209503,445.0,457.3500061035156,440.4500122070313,454.0499877929688,451.2467346191406,34475468
2022-03-02,0.23409004509449005,452.9500122070313,454.25,444.5499877929688,447.6000061035156,444.8365783691406,25791134
2022-03-03,0.6454744717339054,458.5,458.5,435.0,437.1000061035156,434.4013977050781,29599672
2022-03-04,-0.024837731616571546,431.8500061035156,431.8500061035156,414.75,417.25,414.6739501953125,38765185
2022-03-07,-0.27036213172998813,401.75,401.75,387.5,394.0,391.5675048828125,44836205
2022-03-08,0.29409768898040056,390.5,395.4500122070313,376.3500061035156,391.75,389.3313903808594,55543383
2022-03-09,0.9587385207414627,394.9500122070313,409.25,389.5,405.8999938964844,403.3940124511719,48376222
2022-03-10,0.03916964534437284,427.0,434.9500122070313,414.0,419.6000061035156,417.0094299316406,59776817
2022-03-11,-0.01601007697172463,413.6000061035156,421.1499938964844,407.3999938964844,418.1499938964844,415.5683898925781,51510243
2022-03-14,0.19961858512154626,418.75,419.0,404.0,411.7000122070313,409.1582336425781,40721277
2022-03-15,-0.21219803210855884,409.8500061035156,424.2000122070313,408.0,413.6499938964844,411.0961608886719,47706136
2022-03-16,-0.49309130468671875,427.0499877929688,428.5499877929688,420.7000122070313,424.8999938964844,422.2767333984375,27191170
2022-03-17,-0.36326767443097197,432.0,435.7000122070313,429.5499877929688,433.7999877929688,431.1217651367188,26704541
2022-03-21,-0.3177839573472738,435.5,436.2999877929688,427.1000061035156,427.9500122070313,425.3078918457031,18270995
2022-03-22,-0.2106397934616185,428.1000061035156,441.4500122070313,421.2000122070313,440.3500061035156,437.63134765625,30441493
2022-03-23,-0.941970131546259,443.5,447.0,434.6000061035156,435.7999877929688,433.1094055175781,25466395
2022-03-24,0.5982515521813184,430.0,435.3999938964844,427.5499877929688,433.2000122070313,430.5254821777344,17109723
2022-03-25,-0.9947080246638507,437.0,437.0,427.6499938964844,432.1000061035156,429.4322814941406,15104414
2022-03-28,0.966665705665946,432.0,434.9500122070313,426.5,432.7000122070313,430.0285949707031,16757901
2022-03-29,0.9559711951762437,436.0,439.3500061035156,431.3999938964844,433.7000122070313,431.02239990234375,18710736
2022-03-30,0.3310558263522883,438.4500122070313,442.5,434.25,435.6499938964844,432.9603271484375,18149488
2022-03-31,0.5998499706086781,436.0,438.2999877929688,432.6000061035156,433.75,431.0720825195313,14248045
2022-04-01,-0.12805614111130126,434.0,442.25,430.8500061035156,441.1499938964844,438.4263610839844,19380324
2022-04-04,0.01782206416828558,444.3999938964844,449.5,441.2999877929688,446.75,443.9918212890625,18657201
2022-04-06,0.6393068082218704,455.8999938964844,462.7000122070313,452.6000061035156,456.1499938964844,453.3337707519531,24974477
2022-04-07,-0.5192191809829738,456.5,459.1000061035156,448.5,449.5,446.7248229980469,19950241
2022-04-11,-0.9714494049549103,457.0,458.8999938964844,451.0,452.0499877929688,449.2590942382813,14339854
2022-04-12,-0.507632203202229,450.7999877929688,450.7999877929688,435.0,438.2999877929688,435.5939636230469,22698696
2022-04-13,-0.005681925089447759,441.7999877929688,442.8500061035156,430.1000061035156,431.0499877929688,428.38873291015625,16817981
2022-04-20,-0.15355351223843172,431.0,441.7000122070313,428.25,440.5499877929688,437.830078125,19639290
2022-04-21,0.16767065966770792,444.5,449.3500061035156,441.0499877929688,448.0499877929688,445.2837829589844,14124872
2022-04-22,0.3563384711742401,442.0499877929688,447.25,438.0,438.8500061035156,436.1405944824219,14362036
2022-04-25,-0.14362401850521564,432.75,436.0,423.1499938964844,425.1499938964844,422.525146484375,14729009
2022-04-26,0.1826208494603634,433.8999938964844,437.4500122070313,431.6000061035156,434.8999938964844,432.2149963378906,13577513
2022-04-27,-0.8437617588788271,429.25,432.9500122070313,425.1000061035156,430.25,427.59368896484375,13701069
2022-04-28,0.3549421966696779,434.7999877929688,439.2000122070313,430.7999877929688,436.0499877929688,433.3578796386719,13875650
2022-04-29,0.5716639455407858,440.2000122070313,447.75,436.0,437.6000061035156,434.8983154296875,21991752
2022-05-02,-0.11642801610287279,437.9500122070313,442.9500122070313,428.5,432.8500061035156,430.1776428222656,18945234
2022-05-05,0.6147561371132421,429.0,434.0,423.7000122070313,426.2999877929688,423.6680603027344,12240729
2022-05-06,0.3079762690564773,418.8500061035156,420.2000122070313,407.0,408.5499877929688,406.0276489257813,25142225
2022-05-10,0.02313749051245395,400.0,408.5,389.6000061035156,391.75,389.3313903808594,16540303
2022-05-11,0.12599068119501075,396.0,397.0,377.5499877929688,388.1499938964844,385.7536010742188,29215175
2022-05-12,-0.6215882538424066,382.0,384.6499938964844,366.2000122070313,372.2999877929688,370.00146484375,33511538
2022-05-13,0.04274471876754736,387.0,419.3500061035156,387.0,404.2999877929688,401.8038940429688,71425747
2022-05-16,0.6753056179732084,411.8999938964844,411.8999938964844,396.25,405.3500061035156,402.847412109375,24938704
2022-05-17,-0.0629671179340221,408.3999938964844,425.6499938964844,405.0,424.1499938964844,421.5313415527344,24651585
2022-05-18,-0.9626639354974031,424.0,427.3500061035156,414.0499877929688,415.1499938964844,412.5868835449219,20490516
2022-05-23,0.7664559961042621,421.6499938964844,431.1499938964844,419.5499877929688,421.4500122070313,418.8480224609375,16345308
2022-05-24,-0.5621615660687288,423.8999938964844,427.5,416.0,425.75,423.1214599609375,14525617
2022-05-25,0.005914317618589848,428.4500122070313,429.0,413.4500122070313,417.0,414.4254760742188,13540006
2022-05-27,0.3566216734969722,426.0499877929688,433.25,425.2000122070313,429.6000061035156,426.94769287109375,16867431
2022-05-30,-0.35055610350488375,437.0,445.2000122070313,436.0,442.3999938964844,439.6686706542969,18500266
2022-05-31,0.051615814939092765,443.9500122070313,449.5,440.3999938964844,443.5499877929688,440.8115539550781,22308219
2022-06-01,0.9735109218454454,445.1000061035156,446.0,439.6000061035156,444.6000061035156,441.8551025390625,11930669
2022-06-02,0.9937589262844995,445.0,445.6000061035156,435.6499938964844,439.1499938964844,436.438720703125,12742438
2022-06-06,0.062197374273091556,427.8999938964844,433.9500122070313,424.6000061035156,432.3500061035156,429.68072509765625,11896105
2022-06-07,-0.35566197063114185,432.5,438.2000122070313,429.1000061035156,435.8500061035156,433.15911865234375,11153869
2022-06-08,-0.0048378839856013656,438.7000122070313,440.3999938964844,432.0,435.6499938964844,432.9603271484375,12844475
2022-06-09,-0.5189778087369632,431.8999938964844,435.6499938964844,426.1000061035156,428.5,425.8544921875,13043367
2022-06-10,0.9976819036528468,423.0,428.8500061035156,422.0,428.0499877929688,425.4072570800781,11914234
2022-06-13,0.4318188701290637,414.8999938964844,418.1499938964844,405.6000061035156,406.7000122070313,404.1891174316406,17442641
2022-06-14,0.12487649265676737,403.0,411.8500061035156,397.7000122070313,405.1499938964844,402.6486206054688,19626627
2022-06-16,-0.7775036074512173,420.0,420.8999938964844,390.1000061035156,392.9500122070313,390.5239868164063,22261032
2022-06-17,-0.9767925282940269,387.9500122070313,394.4500122070313,382.6499938964844,388.9500122070313,386.5486755371094,24824899
2022-06-20,-0.6084998834878206,390.5499877929688,392.9500122070313,376.6499938964844,382.7000122070313,380.3372497558594,17049013
2022-06-21,-0.06010232741634051,389.0,399.0,387.0,397.6000061035156,395.145263671875,14743366
2022-06-22,0.3304166857463618,396.3999938964844,397.0,390.5,393.1000061035156,390.6730346679688,12426604
2022-06-23,-0.10004753537941724,396.2999877929688,409.8999938964844,394.5499877929688,407.2000122070313,404.6860046386719,26514004
2022-06-24,-0.39632777409860864,410.0,412.8500061035156,406.1499938964844,409.2999877929688,406.7730102539063,14806456
2022-06-27,0.08806938654258072,417.5499877929688,419.4500122070313,412.3500061035156,414.5,411.9409484863281,12018949
2022-06-28,0.25243704740635375,411.2999877929688,418.2000122070313,409.1499938964844,417.1000061035156,414.5248718261719,13238339
2022-06-29,0.6170137790389932,412.0499877929688,419.8999938964844,411.5499877929688,416.9500122070313,414.3757934570313,13104313
2022-07-01,0.7192086086475423,410.6499938964844,414.6000061035156,402.2999877929688,412.7000122070313,410.1520690917969,14725989
2022-07-04,0.026058932649903,411.5499877929688,414.8999938964844,405.0,408.4500122070313,405.9282836914063,11525133
2022-07-05,-0.24194266858976335,415.0,418.7999877929688,410.2000122070313,412.0,409.4563598632813,16771012
2022-07-06,0.32131626504997257,414.0,417.2999877929688,410.6499938964844,416.3500061035156,413.7795104980469,12196920
2022-07-07,-0.10931521968450397,419.8999938964844,432.9500122070313,419.2999877929688,430.8500061035156,428.1900024414063,17616800
2022-07-08,0.08075526040712637,436.25,443.8500061035156,429.2999877929688,441.5499877929688,438.8239135742188,23730027
2022-07-11,-0.32662669212246936,438.0499877929688,441.2000122070313,433.4500122070313,437.0499877929688,434.3516845703125,12619654
2022-07-12,-0.027356990651848417,433.0,435.0,428.1499938964844,430.5499877929688,427.8918151855469,9518822
2022-07-13,-0.12828607355745938,432.7000122070313,435.8500061035156,425.6499938964844,427.1000061035156,424.463134765625,10181698
2022-07-14,0.8440282349474728,428.0,431.25,423.2999877929688,428.0499877929688,425.4072570800781,10744547
2022-07-15,0.024571500020101666,430.6499938964844,441.75,429.7000122070313,440.2000122070313,437.4822692871094,15774084
2022-07-18,0.8255826532840729,443.9500122070313,453.7999877929688,443.2000122070313,450.8999938964844,448.1162109375,21185764
2022-07-19,-0.6259947860574661,446.75,451.8500061035156,444.4500122070313,449.0499877929688,446.2776184082031,11553440
2022-07-20,-0.7482648214354413,454.3500061035156,460.75,451.75,453.4500122070313,450.65045166015625,17154184
2022-07-21,0.14306771144038066,452.9500122070313,455.5,450.1000061035156,454.8500061035156,452.0418090820313,10931800
2022-07-22,-0.6216282608608404,456.6000061035156,459.9500122070313,452.2999877929688,454.8999938964844,452.0914916992188,10340910
2022-07-25,0.025560303416568786,456.0,457.6000061035156,446.2999877929688,449.5499877929688,446.7745056152344,12505062
2022-07-26,0.9291544941564401,448.7000122070313,448.7000122070313,439.75,441.1499938964844,438.4263610839844,11563528
2022-07-27,-0.6306886861745554,441.1499938964844,445.0,436.1000061035156,444.0499877929688,441.3084716796875,10081023
2022-07-28,-0.5573284676531329,440.25,449.25,427.3999938964844,442.25,439.51959228515625,36380444
2022-08-01,0.7452660901203322,451.9500122070313,481.0,451.0499877929688,479.2000122070313,476.2414855957031,43084536
2022-08-02,0.22800568107049912,478.8999938964844,479.8999938964844,469.25,476.25,473.3096923828125,19065689
2022-08-03,-0.542174417215089,475.0,476.25,459.6000061035156,467.7999877929688,464.9118347167969,19125906
2022-08-04,0.96056111715734,473.1499938964844,473.9500122070313,456.4500122070313,468.8999938964844,466.0050659179688,18540405
2022-08-05,0.17108363662846388,468.8999938964844,472.8999938964844,464.0,465.25,462.3776245117188,11917799
2022-08-08,-0.23494527671589618,466.0,471.8999938964844,464.4500122070313,468.25,465.3590698242188,10561754
2022-08-10,0.015583803877234459,470.0,477.2000122070313,463.3500061035156,475.5499877929688,472.6139831542969,13360759
2022-08-11,0.24926177992407852,482.5499877929688,485.0,475.6000061035156,476.6499938964844,473.7072143554688,12777503
2022-08-12,-0.7338397949934006,475.75,481.4500122070313,470.0,477.5499877929688,474.60162353515625,13482890
2022-08-16,0.06915380991995335,479.6000061035156,491.3999938964844,478.2000122070313,489.8500061035156,486.8257141113281,16796376
2022-08-17,-0.8371452018618584,490.8999938964844,494.3999938964844,484.2000122070313,485.3999938964844,482.4031982421875,15948755
2022-08-18,-0.3909841365754031,484.0,486.7999877929688,479.25,484.7999877929688,481.806884765625,12070974
2022-08-19,-0.6724231539022488,486.75,488.1000061035156,468.1000061035156,471.0,468.0921020507813,16636593
2022-08-22,-0.9887742637656629,468.5,468.9500122070313,452.5499877929688,454.6000061035156,451.7933654785156,15050653
2022-08-23,0.4995060451794416,449.0,462.1000061035156,447.6000061035156,460.4500122070313,457.6072387695313,17779238
2022-08-24,-0.967442661523819,459.0,464.8999938964844,457.7000122070313,463.2000122070313,460.34027099609375,12214113
2022-08-25,-0.31308045657351613,466.0,468.7999877929688,457.3999938964844,459.2000122070313,456.364990234375,11255809
2022-08-26,-0.2976010773951809,465.0,470.4500122070313,463.9500122070313,465.0499877929688,462.1788330078125,11252560
2022-08-29,-0.7392709979176288,451.0,456.8999938964844,450.1499938964844,453.3500061035156,450.5510559082031,11647725
2022-08-30,0.9606035444885492,458.6499938964844,472.3999938964844,457.1000061035156,471.1000061035156,468.1914978027344,14421066
2022-09-01,0.5838201803504489,462.5,474.3999938964844,462.1499938964844,466.8999938964844,464.0174255371094,13385159
2022-09-02,0.298698623975118,470.8500061035156,471.7999877929688,460.1499938964844,461.75,458.8992004394531,10806707
2022-09-05,0.9182630852446891,459.75,463.9500122070313,457.0,459.0,456.1661987304688,9378108
2022-09-07,-0.9675592631101608,453.2000122070313,456.5,443.6499938964844,445.8500061035156,443.0973815917969,20764508
2022-09-08,0.9669804982841015,452.4500122070313,452.5499877929688,440.0,442.2000122070313,439.4699096679688,19336014
2022-09-09,0.8236091798068682,447.5,449.6499938964844,440.6000061035156,445.8999938964844,443.1470642089844,14294289
2022-09-12,0.9951668153516948,447.7000122070313,453.0,447.0,451.0,448.215576171875,8962633
2022-09-13,-0.13898447557734564,454.2999877929688,458.9500122070313,453.5499877929688,456.7999877929688,453.9797668457031,10661280
2022-09-14,0.2965526274444225,447.6000061035156,454.7000122070313,447.0,450.2000122070313,447.4205322265625,10360461
2022-09-15,-0.2952577829904233,452.3999938964844,455.8500061035156,446.0499877929688,447.25,444.48870849609375,10356713
2022-09-16,-0.028833174301932257,446.0,446.3999938964844,429.1000061035156,432.5,429.8298034667969,20992324
2022-09-19,0.6791191600495949,431.5,431.6000061035156,424.0499877929688,425.4500122070313,422.8233337402344,15236142
2022-09-20,-0.9091748101636767,430.6000061035156,443.3500061035156,430.6000061035156,434.25,431.5690002441406,17557661
2022-09-21,0.4671764876693487,433.9500122070313,436.0,425.5,427.6499938964844,425.0097351074219,10831068
2022-09-22,-0.34541137669293676,425.0,434.6000061035156,422.5499877929688,432.2000122070313,429.5316467285156,13600786
2022-09-26,-0.30723567050881684,416.0,417.8999938964844,393.1499938964844,397.5,395.0458679199219,33230938
2022-09-27,0.3293307809702431,403.8999938964844,404.0,390.3500061035156,398.7999877929688,396.33782958984375,21932747
2022-09-28,0.24165879518477595,394.8999938964844,406.6000061035156,392.8500061035156,399.1000061035156,396.635986328125,18114880
2022-09-29,0.29298132968445617,411.0,413.25,399.6000061035156,402.25,399.7665710449219,20725995
2022-09-30,0.995310282567516,398.0,408.25,392.5,404.6000061035156,402.10205078125,20951277
2022-10-03,-0.178884976437654,405.5,406.5499877929688,395.5,397.6499938964844,395.1949462890625,20332430
2022-10-04,-0.9525798037648201,406.0,408.9500122070313,402.8999938964844,407.8999938964844,405.3816528320313,12761425
2022-10-07,-0.04687651386484504,413.3999938964844,414.0,408.7000122070313,412.1499938964844,409.6054382324219,10670854
2022-10-10,-0.3028077330535253,403.3999938964844,403.3999938964844,393.0499877929688,395.9500122070313,393.5054626464844,32914630
2022-10-11,0.021363344912130672,397.0,399.5,391.2999877929688,393.3500061035156,390.9215087890625,14641301
2022-10-12,-0.24954515251049184,394.5499877929688,398.2000122070313,391.1000061035156,396.5499877929688,394.1017456054688,14287344
2022-10-13,0.010487896797712892,396.5499877929688,403.5,394.5499877929688,399.0,396.53662109375,12584114
2022-10-17,0.35450714485098916,394.0,398.8999938964844,392.5,396.1000061035156,393.654541015625,9543556
2022-10-18,-0.31161479000002146,401.0,406.7000122070313,400.7000122070313,404.25,401.7542114257813,14215544
2022-10-19,-0.0023874714970588684,406.2000122070313,406.9500122070313,397.2999877929688,399.0499877929688,396.5863037109375,8648435
2022-10-20,0.12810086021199824,397.0,399.8999938964844,393.1000061035156,398.1000061035156,395.6421813964844,10747183
2022-10-21,-0.7530090808868408,397.0,402.25,394.7000122070313,398.0499877929688,395.5924682617188,10279618
2022-10-25,-0.9736769897863269,404.3500061035156,410.5,403.2000122070313,404.5499877929688,402.0523681640625,17979661
2022-10-27,0.05169254541397095,408.5499877929688,411.7000122070313,404.0,407.7000122070313,405.1829223632813,14614841
2022-10-28,-0.002717450261116028,408.0,411.2000122070313,406.1000061035156,409.8999938964844,407.3693237304688,12488938
2022-10-31,-0.5689066213866075,414.3500061035156,416.2999877929688,411.6000061035156,412.75,410.2017517089844,9928218
2022-11-01,-0.11488347444409396,414.8999938964844,422.3999938964844,412.7999877929688,421.3500061035156,418.7486267089844,17324893
2022-11-02,0.00346252165036276,423.0499877929688,425.1000061035156,420.1499938964844,422.1499938964844,419.543701171875,12433578
2022-11-03,-0.58463961124653,419.3999938964844,423.2999877929688,414.5,416.25,413.68011474609375,10987519
2022-11-04,0.9670863319188356,418.2000122070313,426.0,416.8999938964844,425.3500061035156,422.7239379882813,12277023
2022-11-07,0.4090727162102292,428.25,437.5,428.25,435.0,432.3143615722656,15058076
2022-11-09,-0.8798483259044587,439.2000122070313,441.2000122070313,432.0,433.1499938964844,430.4757690429688,14471443
2022-11-10,-0.5804528062416163,420.5,420.5499877929688,409.2000122070313,412.2000122070313,409.6551513671875,26251660
2022-11-14,0.46010928559634423,424.0,437.7000122070313,423.5,433.7000122070313,431.02239990234375,17996083
2022-11-15,-0.08487002511974424,434.8999938964844,438.5,434.1000061035156,437.1499938964844,434.4510803222656,10696024
2022-11-16,-0.854590732392223,436.9500122070313,438.2000122070313,429.6000061035156,431.5499877929688,428.8856506347656,8206169
2022-11-17,-0.7903168768940592,422.0,427.5499877929688,419.6000061035156,423.1499938964844,420.5375061035156,15621809
2022-11-18,-0.9800087786279619,424.0,426.4500122070313,421.1499938964844,423.7999877929688,421.1835021972656,9851962
2022-11-21,0.9856967963278294,425.6000061035156,427.6000061035156,420.0,421.1000061035156,418.5001831054688,9497812
2022-11-22,-0.4686508925631642,421.0,426.3999938964844,420.5,424.7000122070313,422.0779724121094,6407614
2022-11-23,0.6272164466273453,426.8500061035156,429.2999877929688,422.8500061035156,424.0499877929688,421.4319458007813,6568241
2022-11-24,-0.3246035539583924,424.5,425.25,420.7000122070313,423.3999938964844,420.7859497070313,6768613
2022-11-25,-0.5045617270283401,425.0,435.1499938964844,424.0,433.2000122070313,430.5254821777344,18764073
2022-11-29,0.23026000997051596,432.5,437.8999938964844,429.5499877929688,433.1499938964844,430.4757690429688,8630105
2022-11-30,-0.9959548078477383,435.0,441.0,433.2999877929688,439.3999938964844,436.6871643066406,14727892
2022-12-01,0.9980901862145402,443.0,443.6000061035156,436.8500061035156,438.25,435.5443115234375,8909310
2022-12-02,0.9820147370919585,439.0,441.1499938964844,435.0,435.3999938964844,432.7118835449219,8352658
2022-12-05,-0.6378067317651585,435.5,437.5,427.7999877929688,428.75,426.10296630859375,12857807
2022-12-06,-0.40094637870788574,428.7999877929688,431.3500061035156,425.3500061035156,427.1000061035156,424.463134765625,8461831
2022-12-07,-0.32365822690189816,428.0,428.0,419.1000061035156,420.1000061035156,417.50634765625,12133315
2022-12-08,0.3016424678644398,421.0,421.3999938964844,415.3500061035156,417.2000122070313,414.624267578125,9539923
2022-12-09,0.9930069341789931,419.2999877929688,420.9500122070313,409.5499877929688,413.2999877929688,410.7483215332031,9920219
2022-12-12,-0.6130054112058133,412.0,416.8999938964844,408.0,414.1499938964844,411.5930786132813,8009229
2022-12-13,-0.3615846898901509,419.9500122070313,421.5,417.25,418.5,415.9162292480469,9717894
2022-12-14,-0.33133146935142577,420.5499877929688,421.3500061035156,417.3500061035156,417.8999938964844,415.3199157714844,6314883
2022-12-15,-0.018155236612074077,418.8500061035156,422.7999877929688,415.7000122070313,416.7000122070313,414.12738037109375,7542601
2022-12-16,-0.4619625791092403,417.3500061035156,427.7999877929688,413.1000061035156,421.6000061035156,418.9971008300781,50949198
2022-12-19,0.5517735436093062,421.8999938964844,422.8500061035156,415.5,418.0,415.4193115234375,9809103
2022-12-20,-0.7940671204269165,418.0,418.0,408.0,410.5,407.9656372070313,12341042
2022-12-21,0.0017332572722807526,412.6000061035156,414.3999938964844,401.0,402.6000061035156,400.1144104003906,11606059
2022-12-22,-0.4250654499315155,404.1000061035156,404.7000122070313,390.2000122070313,394.4500122070313,392.0147399902344,14908929
2022-12-23,-0.3932795761696373,390.0,390.0,377.0,378.3500061035156,376.0141296386719,19902886
2022-12-26,0.8222253035304935,380.25,390.7000122070313,375.2000122070313,384.7999877929688,382.42425537109375,16979026
2022-12-27,0.2131179814459756,390.0,397.4500122070313,388.5,394.1499938964844,391.716552734375,14372461
2022-12-28,0.9926137034005175,394.0,395.8999938964844,390.3999938964844,391.2999877929688,388.8841552734375,8443917
2022-12-29,-0.12400967220310122,389.0,390.0,383.0499877929688,385.8999938964844,383.5174865722656,15627403
2022-12-30,0.4318667186331974,391.0,392.2000122070313,387.0,387.9500122070313,385.5548706054688,9198673
2023-01-02,0.4789816186918567,392.5,396.0,391.0,394.7999877929688,392.3625183105469,10501357
2023-01-03,0.9372568026495477,396.0,398.3500061035156,393.0,393.8999938964844,391.4681091308594,9431220
2023-01-04,0.9647488728062146,394.7999877929688,394.7999877929688,385.0,385.6000061035156,383.2193603515625,16121049
2023-01-05,0.9963096260325983,387.8999938964844,388.75,382.5,386.8999938964844,384.5113220214844,10443908
2023-01-06,0.9975443860748783,386.1000061035156,388.3999938964844,381.0,382.0,379.6415710449219,8715469
2023-01-09,0.11677898280322552,386.3500061035156,392.7000122070313,385.0,389.4500122070313,387.0455932617188,14693099
2023-01-10,0.12460207665571943,400.0,417.75,400.0,412.8999938964844,410.3507690429688,54021379
2023-01-11,0.5556818746435629,415.75,420.0,413.5499877929688,418.2000122070313,415.61810302734375,22224361
2023-01-12,0.5831567645655014,420.2999877929688,420.5,410.0499877929688,412.25,409.704833984375,12479034
2023-01-13,0.8183769342314917,413.0,416.3500061035156,408.0,411.5,408.9594421386719,10449630
2023-01-16,0.011956123111303896,413.5,414.8999938964844,407.6000061035156,413.0,410.4501647949219,11462140
2023-01-18,-0.15080635133199394,415.8999938964844,415.9500122070313,407.4500122070313,408.3999938964844,405.8786010742188,13310316
2023-01-19,0.10605203653020519,406.5,407.7999877929688,400.1000061035156,400.75,398.2757873535156,13126520
2023-01-20,0.11364223803892466,404.0,412.5,401.2000122070313,403.1499938964844,400.6609802246094,23906114
2023-01-23,0.03859822631420684,407.0,410.9500122070313,405.0,408.3999938964844,405.8786010742188,13113183
2023-01-24,0.8275224932779869,410.0,424.0,410.0,422.1499938964844,419.543701171875,30197475
2023-01-25,0.07774691743014212,423.75,427.25,417.7000122070313,419.0499877929688,416.4627990722656,22975581
2023-01-27,-0.4285571673706941,438.0,453.3999938964844,435.1499938964844,445.6000061035156,442.8489074707031,63360467
2023-01-30,-0.905725859105587,445.6000061035156,450.0,437.6499938964844,443.6499938964844,440.9109497070313,18316743
2023-01-31,0.4185159554084142,443.7000122070313,454.7999877929688,440.8999938964844,452.1000061035156,449.3087768554688,25154475
2023-02-01,0.025209464598447084,456.7999877929688,461.5,437.6499938964844,446.6499938964844,443.8924255371094,23798589
2023-02-02,0.47331587225198746,446.75,449.2000122070313,440.7000122070313,444.7999877929688,442.0538635253906,11344554
2023-02-03,-0.5715617042034864,447.0,450.7999877929688,442.3500061035156,445.4500122070313,442.6998291015625,13067403
2023-02-06,0.7997668437601533,444.4500122070313,447.0,439.5499877929688,442.0,439.2711486816406,6795084
2023-02-07,-0.9961567067075521,441.7000122070313,443.3999938964844,432.8999938964844,435.4500122070313,432.7615966796875,9023645
2023-02-09,-0.4498191090921561,440.0,440.7000122070313,433.5499877929688,436.75,434.0535583496094,7349418
2023-02-10,-0.6420345758553594,437.9500122070313,447.7999877929688,431.2000122070313,445.8500061035156,443.0973815917969,14798390
2023-02-13,0.37461526949191465,445.5,446.8999938964844,438.8999938964844,441.0499877929688,438.3269958496094,8333767
2023-02-14,-0.5067950487136841,442.0,444.2999877929688,434.3999938964844,440.5499877929688,437.830078125,8565559
2023-02-16,-0.2976527659688145,445.0,448.25,440.5,441.6000061035156,438.8735961914063,7670688
2023-02-17,0.9788462151773274,436.0,442.4500122070313,436.0,439.8999938964844,437.1841125488281,6955445
2023-02-20,-0.21414801047649235,441.7999877929688,445.2999877929688,436.25,443.0,440.2649841308594,9717197
2023-02-21,0.5094497287895398,445.2000122070313,445.2000122070313,435.25,436.5,433.80511474609375,8957930
2023-02-22,0.20425251871347427,435.2999877929688,435.8500061035156,428.25,429.4500122070313,426.7986145019531,7209130
2023-02-23,-0.19874489675405332,428.6499938964844,436.4500122070313,427.2000122070313,433.2000122070313,430.5254821777344,9278920
2023-02-24,0.001637898540745179,435.3999938964844,436.7000122070313,427.0,427.75,425.109130859375,7895024
2023-02-27,-0.3225442735905138,427.75,428.0499877929688,413.0499877929688,417.9500122070313,415.36962890625,10438928
2023-02-28,-0.04153206734918058,419.0,424.7999877929688,419.0,420.7000122070313,418.1026611328125,9652088
2023-03-01,0.4383020999812288,421.5,428.0,421.5,426.0,423.3699340820313,7595114
2023-03-02,-0.0024741187371546403,426.0,426.25,419.5499877929688,420.4500122070313,417.8542175292969,5661103
2023-03-03,0.9692243893659906,422.6000061035156,430.5,421.9500122070313,428.0,425.3575744628906,8027522
2023-03-06,0.7225932881701738,430.9500122070313,441.4500122070313,430.0,440.1000061035156,437.38287353515625,11307064
2023-03-08,-0.3485883856968333,439.0,441.25,436.1000061035156,439.2999877929688,436.5877990722656,7850052
2023-03-09,-0.9837329741955424,439.1000061035156,442.0499877929688,431.2999877929688,432.2000122070313,429.5316467285156,5696737
2023-03-10,-0.6113159178989008,433.0,437.7999877929688,430.7999877929688,435.8500061035156,433.15911865234375,10417015
2023-03-13,0.29082469268385985,436.1000061035156,437.0,419.1000061035156,422.3999938964844,419.7921447753906,8780169
2023-03-14,0.05653223190789244,422.8500061035156,424.2000122070313,413.3999938964844,416.6499938964844,414.0776672363281,9189043
2023-03-15,-0.9990055112284608,422.0,425.0,410.1000061035156,411.3500061035156,408.8103637695313,7681009
2023-03-16,-0.3922941982746124,413.2999877929688,418.5,405.0,415.7000122070313,413.1335144042969,11854885
2023-03-17,0.0452202592859976,419.0,423.4500122070313,414.5499877929688,419.0,416.4131164550781,8658701
2023-03-20,-0.00412015016991063,415.6000061035156,416.9500122070313,405.5,410.75,408.2140808105469,10075022
2023-03-21,-0.16812496209660402,412.8500061035156,413.8999938964844,407.7000122070313,412.5499877929688,410.0029602050781,7391950
2023-03-22,-0.008246025769039989,416.0,418.3999938964844,413.75,416.1000061035156,413.5310668945313,5728054
2023-03-27,-0.35139827826060355,416.0,418.5,410.25,412.0499877929688,409.5060424804688,7433933
2023-03-28,0.466885706409812,414.1499938964844,414.5,400.4500122070313,401.6000061035156,399.1205749511719,9553659
2023-03-29,-0.2688037351084252,401.6000061035156,410.6000061035156,401.6000061035156,409.2000122070313,406.6736450195313,10478506
2023-03-31,0.006152531452244148,411.3500061035156,421.75,411.0,420.7999877929688,418.2020263671875,11037881
2023-04-03,0.9915745881638335,423.0,424.9500122070313,419.5,424.25,421.6307373046875,6948329
2023-04-05,-0.12410444021224976,424.25,428.75,423.1499938964844,426.5499877929688,423.9165344238281,8821326
2023-04-06,0.48600528611568733,426.5,439.2999877929688,423.75,437.6499938964844,434.947998046875,10907492
2023-04-10,0.2752075085538143,452.0499877929688,473.2999877929688,452.0,461.2999877929688,458.4519653320313,50462653
2023-04-11,0.684089254583038,463.75,463.75,455.7999877929688,458.7000122070313,455.8680725097656,14495222
2023-04-12,0.7875379324056363,459.3500061035156,468.6000061035156,458.2000122070313,465.5,462.62603759765625,13552440
2023-04-13,0.023521201757830568,464.9500122070313,472.0,463.25,469.5,466.6013488769531,12733670
2023-04-17,0.3353281628030042,471.0,473.0,465.7999877929688,472.1499938964844,469.2349853515625,10710167
2023-04-18,-0.2038651506882161,475.0,483.3500061035156,468.1000061035156,473.0,470.0797729492188,16140056
2023-04-19,0.1259701324161142,473.0,475.5,467.8500061035156,469.3999938964844,466.501953125,7368610
2023-04-20,-0.4839197573665943,473.7000122070313,479.7000122070313,469.3999938964844,476.7999877929688,473.8562927246094,14264206
2023-04-21,0.17790257843444124,476.7000122070313,476.7000122070313,467.2000122070313,471.2000122070313,468.2908935546875,8478118
2023-04-24,0.0019633955671451986,471.2000122070313,476.0,468.2999877929688,475.2000122070313,472.2662048339844,8020593
2023-04-25,0.9326049610972404,475.2000122070313,476.3999938964844,471.8999938964844,473.5499877929688,470.6263427734375,6888352
2023-04-26,0.4143578400617116,473.0,479.5,472.6000061035156,478.2000122070313,475.2476501464844,7791425
2023-04-27,0.4755766572197899,478.5,482.0,476.5,481.6000061035156,478.6266479492188,7085793
2023-04-28,-0.9325661398470402,481.3999938964844,488.0,478.3500061035156,484.9500122070313,481.95599365234375,9947813
2023-05-02,-0.30204662747564726,482.5,484.0,474.5499877929688,480.25,477.2849731445313,11542592
2023-05-03,-0.4139685097252368,480.25,485.1000061035156,477.75,483.7000122070313,480.7136840820313,8529233
2023-05-04,-0.9690516289556399,483.6000061035156,486.3999938964844,478.75,480.7999877929688,477.8315734863281,5650101
2023-05-05,0.25761646358296275,481.6499938964844,484.7000122070313,476.1499938964844,477.1000061035156,474.1544494628906,4830674
2023-05-08,-0.9755799751728773,480.0,502.2999877929688,478.1000061035156,500.5,497.4099731445313,23515333
2023-05-09,0.4159979096148163,502.0,512.7999877929688,501.5499877929688,503.6499938964844,500.54052734375,19818780
2023-05-10,0.008635017729829997,508.0,512.9000244140625,504.3500061035156,509.5,506.35443115234375,12481404
2023-05-11,0.16102571731400012,512.0,514.1500244140625,505.5,511.6000061035156,508.44146728515625,11454020
2023-05-12,-0.33790652862722603,513.9000244140625,520.5,510.2999877929688,515.9500122070312,512.7645874023438,19766717
2023-05-15,0.03567949399995782,523.8499755859375,537.1500244140625,521.5,530.8499755859375,527.5725708007812,38270067
2023-05-16,-0.9682149644941092,533.9500122070312,535.9500122070312,518.8499755859375,521.1500244140625,517.9324951171875,16514882
2023-05-17,0.06819754827301949,522.5,523.9500122070312,512.5,515.5,512.3173217773438,13684847
2023-05-18,-0.6994298409554176,518.7999877929688,520.9000244140625,507.1000061035156,508.4500122070313,505.3108825683594,12293322
2023-05-19,0.529319223901257,509.7999877929688,526.4000244140625,504.75,524.9500122070312,521.708984375,19343560
2023-05-22,-0.6828928720206022,524.9500122070312,527.0,519.3499755859375,522.5,519.274169921875,9978339
2023-05-23,0.45911028848495333,522.5,531.0,521.1500244140625,528.5,525.2371215820312,12256902
2023-05-24,-0.09308796562254429,527.1500244140625,529.6500244140625,519.1500244140625,520.2000122070312,516.9883422851562,7648284
2023-05-25,-0.6598714778374415,518.0,518.0,509.1000061035156,514.8499755859375,511.67132568359375,11543712
2023-05-26,0.4635010938392952,514.9000244140625,519.75,512.2000122070312,518.4500122070312,515.2491455078125,8360570
2023-05-29,0.17630890139844269,525.0,525.0999755859375,519.7000122070312,521.4500122070312,518.2305908203125,6596504
2023-05-30,0.20005567029251584,521.4500122070312,523.5,518.0,518.7999877929688,515.5969848632812,5134688
2023-05-31,-0.8613796792924404,519.9500122070312,527.5,516.4000244140625,526.2999877929688,523.0507202148438,12327284
2023-06-01,0.09911851317156106,527.5,536.25,522.8499755859375,535.2000122070312,531.8956909179688,12511265
2023-06-02,0.27581017873931807,537.0,541.25,532.75,535.9000244140625,532.5914306640625,12294728
2023-06-05,-0.5056905252975412,539.0,548.7999877929688,537.9000244140625,546.25,542.8775024414062,15008325
2023-06-06,-0.9480021802475675,549.4500122070312,557.0,545.3499755859375,555.75,552.31884765625,15395092
2023-06-07,0.35860850696917623,558.7999877929688,575.0,552.1500244140625,567.9500122070312,564.4435424804688,20855239
2023-06-08,0.2028736338019371,570.0,576.5499877929688,557.0,559.7000122070312,556.2444458007812,21527339
2023-06-09,-0.35886119589122245,564.4000244140625,566.4500122070312,559.2999877929688,562.2999877929688,558.8284301757812,9361533
2023-06-12,0.15411291328362292,567.0,568.9000244140625,560.6500244140625,564.1500244140625,560.6670532226562,7599572
2023-06-13,0.14068264523909116,567.7000122070312,571.0499877929688,560.75,562.2000122070312,558.7290649414062,12845897
2023-06-14,-0.549559709956936,566.0,571.2000122070312,564.0,570.2999877929688,566.779052734375,12713256
2023-06-15,0.5697938857600093,571.7999877929688,575.0,567.75,568.4500122070312,564.9404907226562,12475759
2023-06-16,-0.34451081852118176,569.6500244140625,572.2000122070312,566.0499877929688,569.7999877929688,566.2821044921875,8736313
2023-06-19,0.24359609745442867,570.6500244140625,573.2000122070312,564.2000122070312,566.0499877929688,562.5552368164062,6280388
2023-06-20,0.35059394954441814,566.0499877929688,583.9500122070312,562.5,583.25,579.6490478515625,18074902
2023-06-21,0.2823969324609997,584.9500122070312,585.9000244140625,574.5,581.4000244140625,577.810546875,9146332
2023-06-22,-0.6230565062089061,584.0,584.7000122070312,568.2000122070312,569.3499755859375,565.8348388671875,11229179
2023-06-26,0.11822283898945898,560.0,569.0,557.7999877929688,567.8499755859375,564.3441162109375,6986621
2023-06-27,0.1318119149639786,570.0,576.9000244140625,568.4500122070312,573.0999755859375,569.5617065429688,9404450
2023-06-28,0.02614962506534842,579.0,590.0,575.5,586.6500244140625,583.028076171875,16720940
2023-06-30,0.9923012720537372,588.3499755859375,599.0,588.0,595.5499877929688,591.8731079101562,12488047
2023-07-03,-0.41891548546846025,600.0,602.2999877929688,590.0,590.7999877929688,587.1524658203125,11131048
2023-07-04,-0.24618265200115275,594.4000244140625,596.4000244140625,589.5,591.4500122070312,587.7984619140625,6917886
2023-07-05,0.9957351621706039,592.0,593.0,584.9500122070312,588.25,584.6182250976562,8715919
2023-07-06,-0.35819774443128455,590.7999877929688,604.9500122070312,588.5499877929688,600.7999877929688,597.0906982421875,14356681
2023-07-07,-0.2036425963276997,600.0,624.7999877929688,592.2000122070312,618.2000122070312,614.38330078125,21066726
2023-07-10,-0.33029221996548586,624.0,634.7999877929688,617.5499877929688,618.6500244140625,614.8305053710938,23802524
2023-07-11,-0.4972706010254721,624.9500122070312,630.4500122070312,622.1500244140625,628.5,624.6196899414062,12051173
2023-07-12,0.23563264831900596,629.9500122070312,630.7999877929688,619.3499755859375,621.4500122070312,617.61328125,10785502
2023-07-13,-0.9219467190559953,625.0,626.5,615.5,620.6500244140625,616.8182373046875,9689708
2023-07-14,0.9941588127840078,623.0,626.0,619.5,624.9000244140625,621.0419311523438,7010179
2023-07-17,-0.12641520891338587,626.9000244140625,627.0,617.1500244140625,618.5,614.6814575195312,7580645
2023-07-18,-0.11208060368371661,620.4000244140625,620.8499755859375,607.0,612.0999755859375,608.3209228515625,10359400
2023-07-19,-0.17498360353056341,614.0,625.2999877929688,610.1500244140625,620.5999755859375,616.7684326171875,11128348
2023-07-20,-0.4998555935971025,622.6500244140625,623.5999755859375,616.2000122070312,621.6500244140625,617.8120727539062,7834891
2023-07-21,-0.6866641978558619,621.0,631.0,617.7000122070312,625.75,621.88671875,12914610
2023-07-24,-0.8452231592964381,627.9500122070312,634.4500122070312,626.25,629.25,625.3651123046875,12247844
2023-07-25,0.09816152030382203,636.0,642.5,633.3499755859375,639.4500122070312,635.5021362304688,13988137
2023-07-26,0.10701457826144178,640.0,665.4000244140625,639.0,641.0999755859375,637.1419067382812,31673714
2023-07-27,0.06769965717103332,647.0,648.4500122070312,636.75,643.7000122070312,639.7258911132812,11696851
2023-07-28,0.06338539083953947,646.0,646.0,631.7999877929688,635.2999877929688,633.3455200195312,9299530
2023-07-31,-0.3081942929753235,640.2000122070312,645.5499877929688,635.9000244140625,644.2999877929688,642.31787109375,7502361
2023-08-01,0.5128279516065959,645.0,652.9000244140625,642.0,643.6500244140625,641.6698608398438,8924219
2023-08-02,-0.33507365607268486,644.0,644.2999877929688,616.4500122070312,622.6500244140625,620.7344970703125,15762687
2023-08-03,0.013260721849898497,623.0,626.4500122070312,614.1500244140625,618.9500122070312,617.0458374023438,11458920
2023-08-04,-0.3876995522475157,624.8499755859375,625.0,613.2999877929688,615.0,613.1079711914062,11806739
2023-08-07,-0.12843984771253808,619.0,619.0,608.5,609.5,607.6249389648438,9893466
2023-08-08,-0.37839679045428054,612.5499877929688,614.75,605.25,607.2999877929688,605.431640625,8863640
2023-08-09,0.7007303073557771,610.5999755859375,624.0,605.3499755859375,622.5499877929688,620.634765625,13362350
2023-08-10,-0.8978456218028441,623.0,628.2999877929688,598.0,618.25,616.3480224609375,53116980
2023-08-11,-0.42804384456637007,619.75,624.75,610.0,611.7999877929688,609.9178466796875,9347707
2023-08-14,-0.3454052614203344,612.0,612.0,594.5,607.3499755859375,605.4815063476562,14492164
2023-08-16,0.9327000156821063,606.7000122070312,621.3499755859375,597.2999877929688,618.75,616.846435546875,14562074
2023-08-17,0.3977907408649723,620.0,622.0,611.0,613.75,611.86181640625,12119293
2023-08-18,-0.007908793981187046,612.7999877929688,620.0999755859375,610.9000244140625,615.7999877929688,613.905517578125,11190760
2023-08-21,-0.05102270069931235,617.0,623.2999877929688,614.7999877929688,620.5,618.591064453125,9580365
2023-08-22,0.08871473492631181,621.7999877929688,626.5,618.5999755859375,620.2000122070312,618.2919921875,8534395
2023-08-23,-0.20228618798622242,622.75,622.75,613.1500244140625,613.9000244140625,612.0114135742188,8248333
2023-08-24,-0.15719830691814424,618.0,619.0,609.6500244140625,610.9500122070312,609.0704345703125,7096025
2023-08-25,0.2398221019830089,610.8499755859375,616.7000122070312,593.2999877929688,605.0999755859375,603.2384033203125,16075509
2023-08-28,-0.6604701657342957,605.4000244140625,608.5,601.5499877929688,602.4000244140625,600.5467529296875,7479254
2023-08-29,0.7557017939980142,603.5999755859375,610.5,603.5999755859375,607.1500244140625,605.2821655273438,6956667
2023-08-30,-0.5923710133647546,611.2000122070312,612.9000244140625,605.0,605.5499877929688,603.6870727539062,5676055
2023-08-31,-0.9328447401834031,608.7999877929688,609.6500244140625,599.0499877929688,601.0,599.1510620117188,10544271
2023-09-01,-0.04672837106940838,604.2000122070312,614.9000244140625,601.9000244140625,611.2000122070312,609.3197021484375,10297492
2023-09-04,0.45271141016855837,615.5999755859375,615.5999755859375,606.0,609.0,607.12646484375,8392665
2023-09-05,-0.006038538366556168,610.0,618.9000244140625,608.0499877929688,611.1500244140625,609.2698364257812,8560651
2023-09-06,0.18995527216555694,611.1500244140625,612.5499877929688,605.5999755859375,610.25,608.3726196289062,6520064
2023-09-07,0.7272210765775526,610.9000244140625,616.5,609.0499877929688,614.9000244140625,613.00830078125,6520293
2023-09-08,0.4029431185600432,617.9500122070312,628.9000244140625,614.2000122070312,627.25,625.3203125,16190749
2023-09-11,0.05783115637799104,634.6500244140625,635.4000244140625,630.5,634.8499755859375,632.8969116210938,8780510
2023-09-12,-0.5257488911988081,638.0,639.0,615.25,620.7999877929688,618.89013671875,12541377
2023-09-13,0.45592309747007675,621.0,628.5,619.5499877929688,625.9000244140625,623.9744873046875,6988358
2023-09-14,-0.10798832105972585,628.0999755859375,630.7999877929688,623.2999877929688,624.5999755859375,622.6784057617188,5722295
2023-09-15,0.22327359684859402,628.7000122070312,636.5,627.1500244140625,634.25,632.2987670898438,18917805
2023-09-18,-0.13069853384513408,635.9000244140625,644.2000122070312,633.1500244140625,640.6500244140625,638.6790771484375,11108349
2023-09-20,0.10443921585101634,640.7000122070312,647.0,637.0,638.5,636.5357055664062,11777925
2023-09-21,-0.9811294302344322,638.5,641.7000122070312,624.0,627.0499877929688,625.1209106445312,9266854
2023-09-22,0.4525102499257108,628.0,630.7999877929688,619.0,620.4500122070312,618.541259765625,6551917
2023-09-25,0.6301740445196629,623.8499755859375,625.2000122070312,617.9000244140625,618.7000122070312,616.796630859375,6390681
2023-09-26,-0.1915170944528654,618.7000122070312,625.7000122070312,617.9500122070312,619.7999877929688,617.8931884765625,6271108
2023-09-27,-0.996733276406303,619.9500122070312,621.9000244140625,616.75,620.1500244140625,618.2421875,5960490
2023-09-28,0.4013120132731274,622.9000244140625,623.7999877929688,612.25,614.0999755859375,612.2107543945312,6768196
2023-09-29,0.41268586086913606,618.7000122070312,633.0,617.0,630.2000122070312,628.26123046875,8969405
2023-10-03,-0.690318139257475,632.5999755859375,632.6500244140625,618.5999755859375,620.4500122070312,618.541259765625,6894577
2023-10-04,-0.1374006373807788,620.7999877929688,620.7999877929688,608.2999877929688,613.5999755859375,611.7122802734375,7612709
2023-10-05,0.0218647793003851,619.0,621.3499755859375,614.6500244140625,619.5999755859375,617.6937866210938,7893892
2023-10-06,0.28063835153847727,627.0,627.3499755859375,620.0,622.4500122070312,620.5350952148438,7922379
2023-10-09,0.2693736585885442,620.7999877929688,622.0,613.7000122070312,617.3499755859375,615.4507446289062,6381189
2023-10-10,0.19615454570157453,620.0,632.5,617.5999755859375,630.5499877929688,628.6101684570312,9833429
2023-10-12,0.23276441435640058,637.0,640.2000122070312,635.0499877929688,636.9500122070312,634.990478515625,5928732
2023-10-13,-0.1641036607325077,633.9500122070312,669.0,633.0,667.0999755859375,665.0476684570312,28011678
2023-10-16,0.2279796369257383,668.5499877929688,677.7999877929688,661.25,666.2000122070312,664.1505126953125,20005816
2023-10-17,0.4186345257943398,670.0,670.9000244140625,654.6500244140625,655.7000122070312,653.6828002929688,10263992
2023-10-18,-0.0763443739164028,658.5999755859375,672.25,653.7999877929688,668.5,666.4434204101562,14908778
2023-10-19,0.08296352652877641,662.9500122070312,672.2999877929688,658.5999755859375,668.7999877929688,666.7424926757812,10633043
2023-10-20,0.9891378160876533,666.6500244140625,676.4000244140625,660.5,663.2000122070312,661.1597290039062,11759568
2023-10-23,0.3450619622308295,663.6500244140625,667.25,645.0,647.3499755859375,645.3584594726562,8564004
2023-10-25,0.9969286435516551,650.0,651.9000244140625,636.0499877929688,637.8499755859375,635.8876953125,8229559
2023-10-27,0.9784416109323502,630.0,643.9500122070312,628.4500122070312,641.0499877929688,639.0778198242188,10232856
2023-10-30,-0.4268237542869015,643.7999877929688,643.7999877929688,621.8499755859375,628.5,626.5664672851562,12786883
2023-10-31,-0.22367131786553987,642.0,642.0,627.2999877929688,628.6500244140625,626.7160034179688,11395766
2023-11-01,0.25917559150839226,630.0,633.7999877929688,626.2999877929688,627.7000122070312,625.7689208984375,8785264
2023-11-02,-0.482003130549856,632.0,638.2000122070312,630.0999755859375,636.4500122070312,634.4920043945312,9934305
2023-11-03,0.14338636212050915,662.0,666.0,646.2000122070312,647.5,645.5079956054688,23087856
2023-11-06,-0.25680087510004845,652.8499755859375,652.8499755859375,643.2000122070312,646.0499877929688,644.0624389648438,10801301
2023-11-07,-0.04145471757510677,645.0,649.9000244140625,643.2999877929688,645.0,643.0156860351562,6588073
2023-11-08,-0.974761824356392,648.0,649.0499877929688,641.9000244140625,642.5499877929688,640.5732421875,6551864
2023-11-09,-0.6487726869277789,644.0,653.6500244140625,642.7000122070312,649.3499755859375,647.352294921875,10155047
2023-11-10,-0.36795689220161876,649.3499755859375,652.9500122070312,644.0,651.0499877929688,649.0470581054688,6425792
2023-11-13,-0.9517799820750952,653.0,654.0,649.2999877929688,653.25,651.2402954101562,3279829
2023-11-15,0.32324860990047455,660.0,673.5,656.5499877929688,671.5499877929688,669.4840087890625,11324434
2023-11-16,-0.04746058751230261,674.0,685.5,670.9000244140625,680.4000244140625,678.3068237304688,17501373
2023-11-17,0.19632160235196353,682.5,687.6500244140625,679.5999755859375,681.5499877929688,679.4532470703125,9563220
2023-11-20,-0.4798330286866985,682.0,686.75,670.7000122070312,674.2999877929688,672.2255249023438,8324354
2023-11-21,0.015868877270258964,677.0,683.2999877929688,675.0,681.7000122070312,679.602783203125,7291057
2023-11-22,-0.317692185829704,683.9500122070312,687.3499755859375,676.0499877929688,681.2000122070312,679.1043701171875,9279642
2023-11-23,-0.5250026321607746,683.2000122070312,685.9000244140625,677.0499877929688,679.9500122070312,677.8582153320312,5885370
2023-11-24,-0.4866037734609563,681.4000244140625,681.9500122070312,671.25,673.7000122070312,671.62744140625,6951690
2023-11-28,-0.21372981970621782,677.4500122070312,699.4500122070312,674.25,697.5,695.3541870117188,16015860
2023-11-29,-0.38420996058994206,702.75,714.4000244140625,694.3499755859375,712.3499755859375,710.1585083007812,16122864
2023-11-30,0.31282795761556675,716.2999877929688,717.25,697.0,706.4000244140625,704.226806640625,24275245
2023-12-01,0.5635633721249178,708.0,711.0,703.0,705.4500122070312,703.2797241210938,10565415
2023-12-04,0.9950782773084939,716.0,717.0,704.7999877929688,705.5999755859375,703.4292602539062,9348036
2023-12-05,-0.12746777012944221,705.9000244140625,714.9000244140625,705.0,708.9500122070312,706.7689819335938,9601509
2023-12-06,-0.0225087464787066,709.0499877929688,724.7999877929688,709.0,722.4500122070312,720.2274169921875,12148825
2023-12-07,-0.10371202835166413,725.0,727.5,716.0,721.9500122070312,719.72900390625,10451801
2023-12-08,-0.18144233605319945,722.0499877929688,727.5999755859375,707.5,714.5499877929688,712.3517456054688,8557203
2023-12-11,-0.08661803118884563,717.7999877929688,726.5,716.5499877929688,720.7999877929688,718.58251953125,6403209
2023-12-12,0.36811691045824607,724.7999877929688,724.7999877929688,713.0,715.4000244140625,713.1991577148438,6461539
2023-12-13,0.29203928652471706,716.0,721.4500122070312,713.5,720.2999877929688,718.0840454101562,5807736
2023-12-14,-0.28926512042526153,724.0,724.7000122070312,718.5999755859375,719.75,717.5357666015625,6732352
2023-12-15,0.9908326576696709,723.9000244140625,734.0,721.25,732.4000244140625,730.1468505859375,12082079
2023-12-18,0.2932864183385391,732.9000244140625,734.75,728.0999755859375,730.7999877929688,728.5517578125,5450397
2023-12-19,-0.47460495796985924,732.5999755859375,732.5999755859375,726.0,728.9500122070312,726.7074584960938,4511101
2023-12-20,0.05648359366638873,730.9500122070312,733.0,703.0499877929688,705.25,703.080322265625,8107602
2023-12-21,0.13805262185633183,703.0,711.9000244140625,696.25,708.8499755859375,706.6692504882812,7702232
2023-12-22,-0.07786905680404743,716.7999877929688,731.0,712.0,724.7000122070312,722.4705200195312,12062238
2023-12-26,-0.24708118687637828,727.4000244140625,727.5,716.5999755859375,719.5499877929688,717.3363647460938,7229143
2023-12-27,0.3904671197524294,728.0,741.8499755859375,725.1500244140625,740.9000244140625,738.6206665039062,15052800
2023-12-28,0.6322291501928703,742.6500244140625,757.9500122070312,739.0499877929688,753.9000244140625,751.5806884765625,14906199
2023-12-29,-0.23588186947052323,755.0,802.9000244140625,754.0,779.9500122070312,777.550537109375,41170191
2024-01-01,-0.15481215000100848,785.0,798.7000122070312,781.0499877929688,790.5999755859375,788.167724609375,12570717
2024-01-02,0.37841734398534754,800.5,804.0,779.0,784.4000244140625,781.9868774414062,13791090
2024-01-03,-0.026645862497389317,786.0499877929688,790.0,776.25,781.4500122070312,779.0459594726562,8559060
2024-01-04,0.2020744739798829,798.0,801.7999877929688,791.2999877929688,795.75,793.3019409179688,14298444
2024-01-05,0.6988398427783977,799.0,805.9000244140625,787.0999755859375,790.9500122070312,788.5167236328125,11091198
2024-01-08,0.49879610784895095,798.4000244140625,800.3499755859375,787.5,789.0999755859375,786.67236328125,7668471
2024-01-09,-0.5682095720299652,799.9500122070312,809.2000122070312,793.1500244140625,799.7999877929688,797.3394775390625,12872757
2024-01-10,0.030457444430794567,800.0,811.0,792.6500244140625,808.4500122070312,805.962890625,9980044
2024-01-11,0.053612773306667805,813.5,817.5,808.4500122070312,815.6500244140625,813.1407470703125,11075167
2024-01-12,0.9345840780151775,818.1500244140625,818.5499877929688,809.1500244140625,816.4500122070312,813.938232421875,7664094
2024-01-15,-0.9946954238694161,820.0,820.4000244140625,810.2999877929688,812.4500122070312,809.9505615234375,4835856
2024-01-16,-0.9963966223876923,812.4500122070312,827.0,812.4500122070312,818.8499755859375,816.330810546875,10159066
2024-01-17,0.30771381488635335,811.0,813.7000122070312,804.0,805.5499877929688,803.07177734375,7895439
2024-01-18,-0.26155523223463784,807.0,822.9500122070312,797.0,819.0499877929688,816.5302124023438,11500495
2024-01-19,0.9846998574212193,823.8499755859375,826.0,819.5,823.5499877929688,821.0164184570312,5706888
2024-01-23,0.015762527074132646,824.9000244140625,827.5999755859375,796.2999877929688,800.4500122070312,797.9874877929688,9436209
2024-01-24,-0.24454087608804306,802.4000244140625,812.0,788.5,810.9000244140625,808.4053344726562,7217542
2024-01-25,0.9419780509197153,814.0,814.1500244140625,800.2999877929688,811.8499755859375,809.3523559570312,10109720
2024-01-29,0.654376964410767,811.8499755859375,843.7999877929688,811.0499877929688,841.0,838.4127197265625,12823686
2024-01-30,0.3418465582981298,843.0,885.9500122070312,842.8499755859375,858.8499755859375,856.207763671875,19734613
2024-01-31,0.4006306845345534,865.2000122070312,896.5,865.2000122070312,884.2000122070312,881.4798583984375,24562392
2024-02-01,0.40263001346546745,900.0,900.1500244140625,876.2999877929688,878.5,875.79736328125,14505885
2024-02-02,0.3868107141037895,886.0,895.75,876.8499755859375,878.75,876.0465698242188,13003437
2024-02-05,0.31119511833336827,934.0,950.0,915.3499755859376,926.7999877929688,923.94873046875,38686871
2024-02-06,0.2379246806667652,936.4000244140624,941.2999877929688,928.4000244140624,939.5499877929688,936.6595458984376,12714803
2024-02-07,-0.15744381258264184,944.0,944.0,928.0499877929688,933.7999877929688,930.9271850585938,7913010
2024-02-08,-0.39356298660501265,937.0,939.7000122070312,918.7999877929688,924.2999877929688,921.4564208984376,11576253
2024-02-09,-0.2014923917595297,926.0,927.4000244140624,906.0499877929688,915.0,912.18505859375,7904881
2024-02-12,0.21609522022481542,916.0999755859376,925.0,908.0,911.5999755859376,908.7954711914062,7286778
2024-02-13,-0.35081671300577,911.5999755859376,919.0999755859376,894.0,906.9000244140624,904.1099853515624,8574218
2024-02-14,-0.5141548075946047,900.0,919.9500122070312,894.3499755859375,918.2999877929688,915.4749145507812,6570939
2024-02-15,-0.4307371828472242,923.7000122070312,927.0,916.3499755859376,920.5499877929688,917.7179565429688,6430799
2024-02-16,0.002084759878925979,925.0,948.7999877929688,924.0999755859376,938.5999755859376,935.7124633789062,12826164
2024-02-19,0.7465865577905788,942.9500122070312,942.9500122070312,931.0499877929688,932.5999755859376,929.7308959960938,4632214
2024-02-20,-0.08024426681222394,934.4500122070312,934.6500244140624,920.4000244140624,926.3499755859376,923.5001220703124,4733639
2024-02-21,-0.9487809482961893,926.3499755859376,937.2000122070312,916.5,921.0499877929688,918.2164306640624,6011018
2024-02-22,0.3045652136206627,924.6500244140624,933.8499755859376,914.5999755859376,932.2999877929688,929.4318237304688,6437014
2024-02-23,0.9778711060062051,933.0999755859376,939.7999877929688,929.4000244140624,937.4000244140624,934.5161743164062,7047473
2024-02-26,0.9630805179476738,937.0999755859376,945.0,930.7000122070312,936.9500122070312,934.0675659179688,5600234
2024-02-27,-0.43574979616096243,936.75,965.0,935.5,962.7000122070312,959.7383422851562,12810206
2024-02-28,0.7449090277310461,966.1500244140624,976.0,950.2999877929688,958.0499877929688,955.1026000976562,15219187
2024-02-29,-0.27298037205279496,959.0,959.25,942.9000244140624,950.2000122070312,947.2767944335938,10346657
2024-03-01,0.9455550676211715,958.9500122070312,980.4000244140624,956.7000122070312,977.4000244140624,974.3931274414062,10645369
2024-03-04,-0.18485836780873005,993.25,995.0,980.0999755859376,987.2000122070312,984.1629638671876,6084495
2024-03-05,-0.40365093972151433,1027.0,1065.5999755859375,1005.3499755859376,1021.9000244140624,1018.7562255859376,59811033
2024-03-06,-0.656264987361448,1025.0,1030.6500244140625,1009.0,1017.6500244140624,1014.519287109375,14214823
2024-03-07,-0.14493671282737827,1025.0,1047.0,1014.0499877929688,1039.300048828125,1036.1026611328125,16877082
2024-03-11,-0.516809856321197,1034.75,1035.949951171875,1021.0,1028.0,1024.83740234375,7502450
2024-03-12,-0.13191323184097806,1027.800048828125,1037.0,1011.2999877929688,1016.5,1013.372802734375,8763820
2024-03-13,-0.2524864666112181,1019.0,1021.0,963.5499877929688,973.2000122070312,970.2060546875,16564155
2024-03-14,0.15451954139603508,964.9500122070312,982.0,955.4000244140624,967.75,964.7727661132812,22931801
2024-03-15,-0.9892387404106557,968.4000244140624,979.75,940.0,945.8499755859376,942.9401245117188,23390913
2024-03-18,-0.1876995354735603,945.8499755859376,974.7999877929688,936.6500244140624,972.4500122070312,969.4583129882812,12121719
2024-03-19,-0.6129912803939078,968.5499877929688,970.5999755859376,951.5999755859376,957.75,954.8035278320312,9483750
2024-03-20,-0.40518751823269256,960.9000244140624,965.1500244140624,921.2000122070312,940.4500122070312,937.5567626953124,13900321
2024-03-21,0.08645717985928059,951.0,969.25,946.0,964.9000244140624,961.9315795898438,11074207
2024-03-26,-0.2949190024131288,977.0,995.0,976.0,986.2000122070312,983.166015625,9461531
2024-03-27,-0.308635646593757,991.5999755859376,995.0,976.7000122070312,978.6500244140624,975.6392822265624,6640537
2024-03-28,-0.9947125575854443,982.5,999.9000244140624,979.0,992.7999877929688,989.7457275390624,9862996
2024-04-01,-0.012864443007856607,1000.0,1009.8499755859376,987.4500122070312,992.25,989.1973876953124,8629407
2024-04-02,0.929691971745342,999.0,1008.0,993.4000244140624,1004.6500244140624,1001.5592651367188,7995931
2024-04-03,0.7030135892398123,1004.0,1014.4500122070312,992.5499877929688,1009.1500244140624,1006.0454711914062,8040366
2024-04-04,0.2603987792506814,1016.0,1017.0,998.1500244140624,1011.5999755859376,1008.4878540039062,9138276
2024-04-05,0.600664456145023,1011.5999755859376,1012.5,1004.4000244140624,1007.0999755859376,1004.001708984375,4519120
2024-04-08,-0.2728154712988596,1010.0499877929688,1016.4000244140624,1004.0,1013.2000122070312,1010.0829467773438,5188052
2024-04-09,0.25108154315967113,1021.0,1029.5,1005.0,1008.5,1005.3973999023438,8539041
2024-04-10,-0.0030539637996948193,1012.25,1021.0,1010.0,1013.5,1010.3820190429688,4554077
2024-04-12,-0.5460258312879078,1014.0,1029.0,1013.5,1018.5,1015.3666381835938,11575194
2024-04-15,-0.49178065507350344,998.0999755859376,1006.9500122070312,978.5,998.7999877929688,995.7272338867188,12632409
2024-04-16,-0.9739528237842023,990.0,1004.9000244140624,982.0999755859376,992.7999877929688,989.7457275390624,9574762
2024-04-18,-0.23382274603220418,996.3499755859376,1003.0999755859376,966.25,971.3499755859376,968.3616943359376,13540490
2024-04-19,-0.7684843736616048,964.0,967.9500122070312,944.0,963.2000122070312,960.23681640625,15381310
2024-04-22,0.544191424647579,978.75,978.75,966.0,973.5499877929688,970.554931640625,7187959
2024-04-23,0.31298527829349043,976.0,994.5,974.0499877929688,986.75,983.71435546875,7994116
2024-04-24,0.4023076331608796,992.4000244140624,995.9000244140624,988.0,991.6500244140624,988.5993041992188,4671450
2024-04-25,0.33464233212483424,992.5,1003.2999877929688,989.5,1001.25,998.1697387695312,8366455
2024-04-26,-0.3289505754946731,1007.7999877929688,1008.9500122070312,996.5999755859376,999.5,996.4251098632812,7937500
2024-04-29,0.22988693193266435,1003.0499877929688,1005.75,999.0,1000.5999755859376,997.5216674804688,4764750
2024-04-30,0.3050893572702383,1005.0,1019.4500122070312,997.5,1007.9000244140624,1004.79931640625,9047011
2024-05-02,0.6303761765674507,1020.0,1030.0,1011.5499877929688,1027.800048828125,1024.6380615234375,12695047
2024-05-06,0.9979145725956187,1015.0,1019.7999877929688,1005.0,1016.2000122070312,1013.07373046875,5724760
2024-05-07,0.3254333698194906,1016.2000122070312,1017.9500122070312,982.0499877929688,988.5499877929688,985.5087890625,8877426
2024-05-08,0.39559115562587976,986.9500122070312,1015.0,977.0,1012.0999755859376,1008.986328125,7519352
2024-05-09,0.005287803336977958,1011.0,1043.199951171875,1007.2999877929688,1030.300048828125,1027.13037109375,19189798
2024-05-10,-0.07983213361585513,1037.0,1050.3499755859375,1030.4000244140625,1046.6500244140625,1043.4300537109375,13383183
2024-05-13,-0.4371546711689526,1005.0,1008.7000122070312,947.2000122070312,959.75,956.79736328125,58974762
2024-05-14,-0.4648174730973551,965.0999755859376,968.0,953.25,964.6500244140624,961.6823120117188,16325689
2024-05-15,-0.20467655238462612,970.9500122070312,972.9500122070312,945.0999755859376,947.2999877929688,944.3856811523438,19668239
2024-05-16,0.25520746121183036,953.2000122070312,954.4000244140624,919.0,936.4000244140624,933.5192260742188,31240770
2024-05-17,0.3095929203943039,944.0,953.4000244140624,941.0,945.7000122070312,942.7906494140624,13205512
2024-05-21,0.6079252910567448,954.0,956.6500244140624,948.7000122070312,951.2999877929688,948.3733520507812,10055258
2024-05-22,-0.9904804648831487,952.0,954.9000244140624,942.5499877929688,947.5,944.5850830078124,9495279
2024-05-23,0.9939403776079416,950.0,963.4500122070312,945.0499877929688,962.3499755859376,959.3893432617188,11211074
2024-05-24,0.990277813107241,962.5,970.9500122070312,958.0,960.5499877929688,957.5949096679688,9590588
2024-05-27,0.6172051504254341,964.9000244140624,966.4500122070312,952.0,958.5,955.5512084960938,6916555
2024-05-28,0.04462807448580861,959.0,961.9000244140624,946.0,947.5499877929688,944.6348876953124,6618946
2024-05-29,-0.9087916910648346,946.9500122070312,950.5,938.7999877929688,943.5999755859376,940.6970825195312,8184019
2024-05-30,0.13380578798907145,943.5,951.4500122070312,921.0,923.9500122070312,921.1075439453124,10170912
2024-05-31,0.703079887575263,931.6500244140624,937.25,920.0999755859376,923.0,920.1604614257812,14289102
2024-06-03,0.3498152079603945,963.0,963.0,934.0,950.4500122070312,947.5260009765624,12314329
2024-06-04,-0.5200997389853,948.0,948.0,855.4000244140625,903.9000244140624,901.1192626953124,26554598
2024-06-05,-0.6223848417401314,924.9500122070312,933.75,890.0,929.9500122070312,927.089111328125,13752553
2024-06-06,0.255196437984705,940.0,946.0,931.2000122070312,938.25,935.363525390625,11792640
2024-06-07,0.04255299943033606,940.0,973.0,935.25,970.5,967.5143432617188,15577866
2024-06-10,-0.02022421628741237,977.0,984.9000244140624,969.0999755859376,975.1500244140624,972.1500244140624,9258931
2024-06-11,0.3726445876638857,973.7999877929688,992.5499877929688,966.6500244140624,987.0999755859376,987.0999755859376,14828702
2024-06-12,-0.0030749184952583164,994.5,1010.25,987.0,988.7000122070312,988.7000122070312,17527993
2024-06-13,0.45517772654420696,1002.0,1002.0,980.75,985.8499755859376,985.8499755859376,12157226
2024-06-14,0.35489912174775134,990.0,997.25,981.4000244140624,993.4000244140624,993.4000244140624,11591421
2024-06-18,-0.6573026112455409,1000.0,1003.5499877929688,984.0,985.9000244140624,985.9000244140624,9845075
2024-06-19,-0.0204266164525363,990.0,994.9000244140624,975.1500244140624,977.3499755859376,977.3499755859376,7605719
2024-06-20,0.5554170242182657,980.0,988.4000244140624,976.3499755859376,978.25,978.25,7299571
2024-06-21,0.5697220138972625,979.0,980.9000244140624,958.0999755859376,961.7999877929688,961.7999877929688,14303735
2024-06-24,0.2007077229907736,960.9000244140624,963.5,950.0499877929688,958.0499877929688,958.0499877929688,6655577
2024-06-26,-0.17403843404026703,956.0,962.5,950.0999755859376,951.8499755859376,951.8499755859376,6908988
2024-06-27,0.4190162545835067,952.5,974.8499755859376,948.0499877929688,972.0999755859376,972.0999755859376,19385412
2024-06-28,0.9792608057032339,975.0,998.5,972.5499877929688,989.75,989.75,23025267
2024-07-01,-0.0027452739886939526,989.75,1005.5,985.2000122070312,1002.0499877929688,1002.0499877929688,14006105
2024-07-02,-0.06160443833020205,1004.0499877929688,1005.0,979.0999755859376,981.2999877929688,981.2999877929688,12284132
2024-07-03,0.33935382125976804,984.9500122070312,987.3499755859376,973.5,975.6500244140624,975.6500244140624,7346258
2024-07-04,0.38890055887168273,984.0,1004.0,979.5999755859376,998.2000122070312,998.2000122070312,12139832
2024-07-05,-0.5161123848520219,1005.0,1006.5999755859376,989.9500122070312,993.6500244140624,993.6500244140624,9050375
2024-07-08,-0.03181799307848061,1005.0,1016.5999755859376,996.2000122070312,1002.5999755859376,1002.5999755859376,13312085
2024-07-09,-0.47215066501667025,1000.9500122070312,1017.0,998.0999755859376,1014.9500122070312,1014.9500122070312,10948094
2024-07-10,-0.505165250004211,1015.0,1019.8499755859376,986.0499877929688,1005.5,1005.5,13412206
2024-07-11,-0.10896845636630638,1008.0,1025.5,1007.0499877929688,1020.7999877929688,1020.7999877929688,11983571
2024-07-12,-0.19305651169270277,1023.8499755859376,1025.9000244140625,1015.0,1016.75,1016.75,7339644
2024-07-15,0.7543237539182883,1021.3499755859376,1029.800048828125,1017.2999877929688,1024.449951171875,1024.449951171875,5847297
2024-07-16,0.541063969861716,1025.5,1029.5999755859375,1019.2000122070312,1021.1500244140624,1021.1500244140624,4824555
2024-07-18,-0.437924303940963,1022.9500122070312,1027.0,1008.0,1024.550048828125,1024.550048828125,8010324
2024-07-19,0.20520712125653517,1024.0,1024.0,986.6500244140624,990.0,990.0,7400178
2024-07-22,-0.9956359411589801,990.0,1008.0,976.5499877929688,1003.1500244140624,1003.1500244140624,7396198
2024-07-23,0.9204501492592195,1007.9000244140624,1008.6500244140624,967.2000122070312,1001.7999877929688,1001.7999877929688,10384177
2024-07-24,0.6595209613442421,997.7999877929688,1034.25,995.1500244140624,1027.699951171875,1027.699951171875,11469098
2024-07-25,-0.179311529566933,1029.0,1094.0,1024.3499755859375,1090.949951171875,1090.949951171875,32766835
2024-07-26,0.4595346300788647,1111.949951171875,1120.5,1083.5999755859375,1118.300048828125,1118.300048828125,21232845
2024-07-29,0.5364398707752116,1124.0,1139.9000244140625,1118.5999755859375,1124.0,1124.0,11850624
2024-07-30,0.5837913677096367,1125.800048828125,1179.0,1118.5999755859375,1161.8499755859375,1161.8499755859375,28592304
2024-07-31,0.5141967431700323,1164.0,1167.9000244140625,1145.300048828125,1156.6500244140625,1156.6500244140625,10860623
2024-08-01,-0.016994305794166092,1167.0,1176.0,1136.5,1144.4000244140625,1144.4000244140625,14375948
2024-08-02,-0.21949869500046285,1120.0,1120.0,1090.050048828125,1096.6500244140625,1096.6500244140625,21967812
2024-08-05,-0.46128250658512115,1059.949951171875,1065.0,1014.0499877929688,1016.4500122070312,1016.4500122070312,26651144
2024-08-06,0.15751569083129818,1030.0,1060.6500244140625,1008.4000244140624,1013.75,1013.75,16726393
2024-08-07,0.4824794546565196,1036.050048828125,1040.199951171875,1015.0499877929688,1025.300048828125,1025.300048828125,9978703
2024-08-08,-0.23585414945955563,1034.949951171875,1056.4000244140625,1027.0,1041.75,1041.75,19529790
2024-08-09,-0.3261793813435361,1055.0,1082.949951171875,1052.050048828125,1068.0999755859375,1068.0999755859375,15443008
2024-08-12,-0.38639264420172287,1065.0,1079.9000244140625,1055.0,1076.1500244140625,1076.1500244140625,11311050
2024-08-13,-0.11275071976706386,1074.8499755859375,1075.5,1048.199951171875,1053.449951171875,1053.449951171875,7508231
2024-08-14,0.15249995747581124,1057.0,1067.050048828125,1047.0,1062.3499755859375,1062.3499755859375,8211830
2024-08-16,-0.0038201020021612444,1072.0,1099.949951171875,1070.0,1098.3499755859375,1098.3499755859375,11435650
2024-08-19,-0.8836157247424126,1105.9000244140625,1107.0,1085.0,1087.699951171875,1087.699951171875,6911441
2024-08-20,0.023624878842383623,1097.0,1098.050048828125,1082.050048828125,1086.9000244140625,1086.9000244140625,5625723
2024-08-21,-0.4628650081285741,1089.0,1095.300048828125,1083.300048828125,1085.199951171875,1085.199951171875,4869876
2024-08-22,0.12033906107535586,1090.0,1094.75,1064.949951171875,1068.449951171875,1068.449951171875,9377476
2024-08-23,-0.964856818318367,1073.0,1092.5999755859375,1071.0,1085.1500244140625,1085.1500244140625,10179655
2024-08-26,0.019481776282191277,1089.0,1103.3499755859375,1082.8499755859375,1092.4000244140625,1092.4000244140625,9415039
2024-08-27,-0.02563784411177039,1093.050048828125,1096.6500244140625,1075.0,1077.25,1077.25,8813305
2024-08-28,0.2675061244808603,1082.949951171875,1088.699951171875,1070.0999755859375,1074.550048828125,1074.550048828125,8145376
2024-08-29,0.569156710980072,1079.050048828125,1142.0,1066.0,1121.6500244140625,1121.6500244140625,40658159
2024-08-30,0.31562385702272877,1113.949951171875,1115.0,1097.449951171875,1111.3499755859375,1111.3499755859375,17647545
2024-09-02,-0.3205044778416563,1105.0,1105.0,1087.3499755859375,1092.6500244140625,1092.6500244140625,8116675
2024-09-03,-0.052711464290041476,1097.5999755859375,1100.0,1082.199951171875,1085.0999755859375,1085.0999755859375,5088731
2024-09-04,0.20319534093141556,1079.0,1085.0,1072.0999755859375,1080.449951171875,1080.449951171875,4665908
2024-09-05,-0.8330752847250551,1081.0,1085.8499755859375,1066.949951171875,1069.1500244140625,1069.1500244140625,7900593
2024-09-06,-0.30778762449820835,1068.800048828125,1072.949951171875,1040.5,1049.3499755859375,1049.3499755859375,8717377
2024-09-09,-0.4703943530201084,1049.3499755859375,1049.949951171875,1026.25,1038.699951171875,1038.699951171875,7206054
2024-09-10,0.04997727980102914,1049.0,1049.0,1032.199951171875,1035.800048828125,1035.800048828125,6919238
2024-09-11,-0.2256456497889303,1000.0,1011.5499877929688,971.25,976.2999877929688,976.2999877929688,36140411
2024-09-12,0.4191215734463185,976.2999877929688,988.0,958.0,986.1500244140624,986.1500244140624,25675836
2024-09-13,-0.16639368896457282,994.9000244140624,1006.0,988.0,992.0999755859376,992.0999755859376,13203676
2024-09-16,0.48508553771534935,997.0,999.9000244140624,984.5,988.4000244140624,988.4000244140624,5836274
2024-09-17,-0.2080716625593292,995.0,995.0,960.0,974.9500122070312,974.9500122070312,44516613
2024-09-18,0.8339679738273844,978.2000122070312,983.7000122070312,957.1500244140624,962.0499877929688,962.0499877929688,12044431
2024-09-19,0.7970711288799066,970.4000244140624,978.9500122070312,956.3499755859376,967.0,967.0,13466770
2024-09-20,0.11308493775626023,967.0,977.5,949.2000122070312,970.8499755859376,970.8499755859376,16764981
2024-09-23,-0.9391502942889929,973.5,979.2000122070312,966.0499877929688,971.7999877929688,971.7999877929688,10254297
2024-09-24,0.010359731628201328,974.0,985.0,972.5999755859376,977.2999877929688,977.2999877929688,12755422
2024-09-25,-0.5282209056636525,982.4000244140624,982.5,959.25,963.5999755859376,963.5999755859376,12959075
2024-09-26,0.9539226683118613,970.7999877929688,994.9500122070312,965.5999755859376,993.1500244140624,993.1500244140624,21640021
2024-09-27,-0.01936569344252348,996.0,1000.4000244140624,989.1500244140624,993.0,993.0,10360030
2024-09-30,0.3693847988732159,993.0,996.9500122070312,971.7999877929688,974.6500244140624,974.6500244140624,12225895
2024-10-01,-0.12117751970072277,976.9000244140624,984.5,958.9000244140624,965.2000122070312,965.2000122070312,10085203
2024-10-03,-0.4510398315189657,939.0,950.1500244140624,925.0,925.7000122070312,925.7000122070312,24418517
2024-10-04,0.4026481403104429,930.0,949.2000122070312,920.0,930.75,930.75,19187758
2024-10-07,-0.5949827158280337,942.0,944.4500122070312,915.0,927.8499755859376,927.8499755859376,11772546
2024-10-08,-0.06542561641669765,916.0,924.7999877929688,893.8499755859375,919.7999877929688,919.7999877929688,21177886
2024-10-09,-0.08170418480294757,926.7999877929688,948.4500122070312,925.5,939.1500244140624,939.1500244140624,11557737
2024-10-10,0.16136456909892635,933.75,943.5999755859376,912.3499755859376,928.5,928.5,13249851
2024-10-11,0.6123106408534417,932.0,937.0,928.5,930.7000122070312,930.7000122070312,4459529
2024-10-14,-0.11252721681375988,930.0,940.0,925.3499755859376,928.25,928.25,5740649
2024-10-15,0.5908075258318733,932.9500122070312,935.3499755859376,913.0,917.2999877929688,917.2999877929688,9058919
2024-10-16,-0.07362240180373192,917.0499877929688,923.0,900.0,907.4500122070312,907.4500122070312,10298258
2024-10-17,0.49737650211900475,914.9500122070312,914.9500122070312,890.0499877929688,891.5999755859375,891.5999755859375,13864583
2024-10-18,-0.42136312957683747,894.2999877929688,917.7000122070312,886.7999877929688,910.1500244140624,910.1500244140624,11527914
