date,Infosys_avg_sentiment,Open,High,Low,Close,Adj Close,Volume
2021-08-02,0.6802961598150432,1627.449951171875,1634.75,1619.199951171875,1631.550048828125,1520.4117431640625,5553389
2021-08-03,-0.10969209113682155,1647.0,1658.6500244140625,1635.5999755859375,1655.199951171875,1542.45068359375,5513668
2021-08-04,0.8515919652168772,1669.0999755859375,1679.9000244140625,1639.050048828125,1649.25,1536.906005859375,6740391
2021-08-09,-0.5551043637096882,1661.0,1667.449951171875,1646.4000244140625,1663.300048828125,1549.9989013671875,5018477
2021-08-10,-0.9800787912681699,1668.0,1680.0,1661.050048828125,1677.25,1562.9986572265625,6846517
2021-08-13,0.9978080184664577,1697.0,1722.5,1691.300048828125,1712.199951171875,1595.56787109375,5612790
2021-08-16,-0.48687025350227486,1707.699951171875,1719.949951171875,1690.0999755859375,1704.4000244140625,1588.2991943359375,4564109
2021-08-17,-0.5390758123248816,1703.9000244140625,1748.9000244140625,1686.550048828125,1741.6500244140625,1623.0118408203125,9510390
2021-08-20,-0.9881522847572342,1716.0999755859375,1745.0,1716.0999755859375,1732.949951171875,1614.904296875,6206972
2021-08-23,-0.8667920518564642,1735.75,1753.1500244140625,1732.0,1738.75,1620.3094482421875,6189051
2021-08-24,-0.2714512574893888,1750.0,1757.0,1712.699951171875,1720.8499755859375,1603.628662109375,7602939
2021-08-25,0.1891957774059847,1718.0,1746.9000244140625,1718.0,1735.550048828125,1617.3275146484375,6153253
2021-08-26,0.6640480289388506,1734.0,1746.0,1720.0,1727.699951171875,1610.011962890625,5302248
2021-08-27,-0.7610494134326776,1725.0,1727.699951171875,1705.199951171875,1708.800048828125,1592.3995361328125,6698514
2021-09-01,0.00013340797158889472,1709.5,1709.5,1673.1500244140625,1677.75,1563.464599609375,7801974
2021-09-02,-0.21354489837540314,1677.3499755859375,1694.300048828125,1662.6500244140625,1689.0999755859375,1574.0413818359375,6830050
2021-09-03,-0.9985009205411188,1696.050048828125,1705.949951171875,1684.4000244140625,1700.6500244140625,1584.8046875,5339139
2021-09-06,-0.45871679689298617,1705.1500244140625,1732.0,1699.3499755859375,1730.4000244140625,1612.528076171875,4876026
2021-09-07,0.060310558998025954,1730.0,1734.9000244140625,1704.0,1706.6500244140625,1590.39599609375,3520341
2021-09-08,-0.5058978030089444,1700.8499755859375,1700.8499755859375,1682.949951171875,1693.25,1577.9088134765625,4584896
2021-09-09,0.07954299818569173,1685.9000244140625,1694.9000244140625,1682.1500244140625,1691.5999755859375,1576.3712158203125,3331674
2021-09-13,-0.2917798235679844,1683.0,1701.5,1675.199951171875,1691.9000244140625,1576.650634765625,4662374
2021-09-14,0.1259071684035007,1695.949951171875,1695.949951171875,1678.5999755859375,1686.1500244140625,1571.2923583984375,4945167
2021-09-15,0.04721920015031679,1693.25,1715.0999755859375,1690.199951171875,1711.449951171875,1594.868896484375,4062344
2021-09-16,0.25218020759833354,1715.199951171875,1719.25,1691.449951171875,1702.25,1586.2957763671875,3246568
2021-09-21,0.6904749199748039,1700.0,1726.75,1684.6500244140625,1718.449951171875,1601.39208984375,4672222
2021-09-22,0.07133655498425166,1717.0,1738.9000244140625,1713.050048828125,1716.9000244140625,1599.94775390625,4553892
2021-09-23,-0.37244623852166114,1732.0,1745.0,1721.0999755859375,1742.550048828125,1623.8505859375,3826090
2021-09-24,-0.9436000902205706,1758.0,1788.0,1752.449951171875,1763.8499755859375,1643.69970703125,8280446
2021-09-27,-0.981315775308758,1768.75,1769.0,1718.0999755859375,1721.1500244140625,1603.908203125,5045337
2021-09-28,-0.8145107559447008,1710.0,1710.0,1675.0,1687.0999755859375,1572.1776123046875,6557197
2021-09-29,-0.6929129511505986,1659.25,1701.4000244140625,1655.0,1692.25,1576.97705078125,7792548
2021-09-30,-0.9764651110162959,1703.0,1703.0,1670.0999755859375,1675.199951171875,1561.0882568359375,6914031
2021-10-01,-0.9881473127752542,1665.0999755859375,1678.949951171875,1661.25,1665.1500244140625,1551.722900390625,5733906
2021-10-04,-0.7797543779015541,1672.5,1688.0,1665.4000244140625,1678.75,1564.3966064453125,2947154
2021-10-05,-0.9961201621918008,1671.0,1702.949951171875,1663.0,1692.800048828125,1577.4893798828125,4373310
2021-10-06,0.4955788259394467,1702.0999755859375,1709.0,1670.0,1673.550048828125,1559.55078125,4271698
2021-10-07,0.9895440529605063,1687.0,1704.199951171875,1676.6500244140625,1691.0,1575.8121337890625,5476108
2021-10-08,0.9985447911603842,1705.25,1731.5,1698.4000244140625,1723.8499755859375,1606.4244384765625,4738376
2021-10-11,-0.9947100534482161,1682.0,1730.0,1663.699951171875,1690.949951171875,1575.765380859375,8840633
2021-10-12,-0.6567030943309268,1677.0,1689.0,1662.0,1685.1500244140625,1570.360595703125,7439300
2021-10-13,0.1378405250183682,1695.949951171875,1713.6500244140625,1680.050048828125,1709.199951171875,1592.7720947265625,7104171
2021-10-14,0.1286716592908108,1754.0,1783.5999755859375,1698.199951171875,1715.75,1598.8760986328125,19655776
2021-10-18,-0.26678598873938125,1740.0,1799.0,1740.0,1792.1500244140625,1670.0718994140625,13438109
2021-10-19,0.3285438287615155,1814.0,1834.5,1782.300048828125,1822.1500244140625,1698.0283203125,10324260
2021-10-20,-0.6014710925519466,1829.4000244140625,1848.0,1794.050048828125,1802.3499755859373,1679.5771484375,5876115
2021-10-21,-0.1355175980383397,1814.0,1814.0,1746.8499755859375,1753.6500244140625,1634.1943359375,8779629
2021-10-22,-0.6005257579672616,1749.9000244140625,1763.199951171875,1707.0,1719.800048828125,1602.6502685546875,7369809
2021-10-25,-0.2076854369021021,1722.050048828125,1729.75,1687.199951171875,1707.550048828125,1591.2347412109375,5905209
2021-10-26,0.10990262938301182,1710.050048828125,1726.5999755859375,1695.9000244140625,1703.699951171875,1601.7171630859375,5871709
2021-10-27,0.7460255020065233,1709.0999755859375,1734.1500244140625,1701.1500244140625,1728.949951171875,1625.455810546875,5090259
2021-10-28,0.28471831838154077,1719.3499755859375,1724.75,1692.050048828125,1703.9000244140625,1601.9053955078125,5329972
2021-10-29,0.015102496952749789,1699.0,1712.5999755859375,1661.050048828125,1667.75,1567.919189453125,5875091
2021-11-01,0.10957029217388481,1677.5,1707.199951171875,1676.0,1700.050048828125,1598.2857666015625,3636806
2021-11-02,-0.03302129916846752,1695.0,1706.449951171875,1686.3499755859375,1697.9000244140625,1596.2646484375,3471772
2021-11-03,0.7367940419353545,1709.0,1717.449951171875,1699.0,1702.5,1600.589111328125,3530713
2021-11-04,-0.08102697553113103,1715.0,1717.0,1705.0,1708.699951171875,1606.4178466796875,483407
2021-11-08,-0.6893267929553986,1730.0,1741.0,1703.0,1737.5,1633.494140625,5245903
2021-11-09,-0.003874931950122118,1734.75,1750.0,1726.0,1742.5,1638.1947021484375,4016134
2021-11-10,0.04894323647022247,1726.0,1750.949951171875,1721.949951171875,1740.1500244140625,1635.9854736328125,4780368
2021-11-11,0.001470810195314698,1732.949951171875,1739.75,1709.0,1733.300048828125,1629.54541015625,4731349
2021-11-12,0.5340108644450083,1743.0,1782.8499755859375,1738.050048828125,1780.199951171875,1673.6378173828125,5069009
2021-11-15,-0.2679757613999148,1782.0999755859375,1800.0,1775.5,1787.1500244140625,1680.172119140625,4354074
2021-11-16,0.5672877357380154,1790.0,1808.949951171875,1777.0,1792.300048828125,1685.0137939453125,6034233
2021-11-17,0.2466860573675314,1792.550048828125,1802.0,1780.699951171875,1787.449951171875,1680.4539794921875,4732492
2021-11-18,0.5215142003532188,1781.5999755859375,1789.449951171875,1759.0,1779.4000244140625,1672.8858642578125,4326924
2021-11-22,0.013883850479032844,1784.0,1785.4000244140625,1751.1500244140625,1759.4000244140625,1654.083251953125,6621839
2021-11-23,-0.31197533135612804,1735.0999755859375,1747.25,1710.0,1736.9000244140625,1632.9300537109375,8436160
2021-11-24,-0.1674964748963248,1740.0,1740.5,1688.0,1696.0,1594.478271484375,7333061
2021-11-25,0.23102104370482265,1700.0,1726.199951171875,1696.949951171875,1722.4000244140625,1619.298095703125,4476260
2021-11-26,0.3453467336172859,1702.550048828125,1718.3499755859375,1684.0,1691.6500244140625,1590.388671875,4494181
2021-11-29,-0.9585987888276577,1691.0,1712.0,1669.1500244140625,1696.3499755859375,1594.8072509765625,3942776
2021-11-30,0.4246887585863338,1704.550048828125,1729.9000244140625,1700.050048828125,1712.6500244140625,1610.1314697265625,14808963
2021-12-01,0.6253699600541344,1715.0,1741.9000244140625,1713.0,1714.9000244140625,1612.246826171875,5193264
2021-12-02,0.6520708051975816,1715.0,1750.5,1711.3499755859375,1748.25,1643.6005859375,5559574
2021-12-03,0.49608258751039913,1771.0999755859375,1786.6500244140625,1732.550048828125,1735.550048828125,1631.66064453125,6754012
2021-12-06,-0.3294835081663526,1730.0,1733.949951171875,1691.5,1695.300048828125,1593.820068359375,3991449
2021-12-07,0.5836248555195718,1701.0999755859375,1724.9000244140625,1694.0,1711.6500244140625,1609.1915283203125,4202122
2021-12-08,0.5392918692033907,1733.0,1759.800048828125,1732.5999755859375,1753.3499755859375,1648.395263671875,3029169
2021-12-09,0.16954826677101664,1759.0,1769.4000244140625,1742.0,1763.449951171875,1657.8905029296875,2082171
2021-12-10,-0.23287092674789683,1760.0,1763.75,1746.0,1759.25,1653.9420166015625,1823469
2021-12-14,0.54272397319437,1730.9000244140625,1763.0,1710.3499755859375,1752.1500244140625,1647.26708984375,4768144
2021-12-15,-0.6414489803316358,1745.0,1747.949951171875,1721.199951171875,1734.199951171875,1630.391357421875,3053149
2021-12-16,0.30602063088293147,1762.6500244140625,1777.5999755859375,1758.0,1771.5999755859375,1665.5528564453125,4481031
2021-12-17,-0.370606723894889,1820.0,1842.0,1806.75,1820.8499755859373,1711.8546142578125,18887243
2021-12-20,-0.09594450036335427,1801.699951171875,1829.6500244140625,1787.300048828125,1798.9000244140625,1691.2186279296875,5773891
2021-12-21,0.46158274265326327,1801.0,1838.0,1801.0,1811.5999755859373,1703.1583251953125,5353584
2021-12-22,-0.7842062635657688,1825.0,1829.1500244140625,1812.3499755859373,1824.699951171875,1715.474365234375,4156428
2021-12-23,0.21109971993913254,1831.25,1861.5999755859373,1827.0,1857.5999755859373,1746.40478515625,4112933
2021-12-24,0.1223858590496497,1872.949951171875,1875.75,1854.0,1863.5,1751.95166015625,3780347
2021-12-27,-0.9992799516185187,1860.0,1874.5,1845.050048828125,1866.1500244140625,1754.4429931640625,2647733
2021-12-28,0.26645786891987716,1880.699951171875,1895.9000244140625,1878.4000244140625,1888.0,1774.9852294921875,3340933
2021-12-29,0.7507082000374794,1883.5,1893.800048828125,1876.4000244140625,1885.550048828125,1772.681884765625,3236635
2021-12-30,-0.6257593041518703,1884.5,1909.800048828125,1874.3499755859373,1892.8499755859373,1779.544677734375,4584738
2021-12-31,0.002357038203626871,1890.0,1898.3499755859373,1871.6500244140625,1887.75,1774.7501220703125,4619420
2022-01-03,0.3399300857369478,1887.75,1914.050048828125,1887.75,1898.449951171875,1784.8095703125,3329616
2022-01-04,0.9977402240037918,1898.449951171875,1906.6500244140625,1878.0,1899.1500244140625,1785.4677734375,3921999
2022-01-05,-0.4921837020519888,1900.0,1902.9000244140625,1840.0,1844.6500244140625,1734.2301025390625,6995719
2022-01-06,-0.4994969887047773,1828.0,1828.0,1800.0,1817.800048828125,1708.9873046875,6449205
2022-01-07,0.0034329850847522416,1815.449951171875,1836.0,1806.800048828125,1814.300048828125,1705.6968994140625,4834389
2022-01-10,-0.9868617728352547,1815.0,1869.9000244140625,1813.0,1850.75,1739.9649658203125,7857560
2022-01-11,-0.4029948856138314,1855.0,1870.0,1850.1500244140625,1855.5999755859373,1744.5245361328125,5142287
2022-01-12,0.1991212575667305,1868.9000244140625,1889.0,1860.0,1877.449951171875,1765.0665283203125,5362535
2022-01-13,-0.08105417693933795,1905.0,1912.5,1866.3499755859373,1896.800048828125,1783.2584228515625,14277630
2022-01-14,-0.3164906467621525,1882.0,1933.0,1881.0,1929.3499755859373,1813.85986328125,7688506
2022-01-17,0.5205785063832687,1938.550048828125,1953.9000244140625,1930.5,1939.5,1823.4022216796875,5262464
2022-01-20,-0.001512254671251867,1844.0,1848.0,1815.5,1823.699951171875,1714.5340576171875,5533463
2022-01-21,-0.6510216456372291,1795.0,1808.0,1776.0,1785.699951171875,1678.8087158203125,8252758
2022-01-24,-0.6709209554246627,1765.0,1768.6500244140625,1728.0,1736.800048828125,1632.8359375,7116712
2022-01-25,-0.008104725449811667,1726.5999755859375,1740.0,1700.5,1722.1500244140625,1619.06298828125,9137653
2022-01-27,0.9828862751543056,1702.0,1709.699951171875,1665.0,1678.5999755859375,1578.1197509765625,11231734
2022-01-28,0.2495940089225769,1681.0,1727.550048828125,1679.5,1686.199951171875,1585.264892578125,10998502
2022-01-31,0.5630445499361182,1718.0,1749.5,1715.3499755859375,1736.199951171875,1632.2718505859375,8788872
2022-02-01,0.4648960694644807,1766.0999755859375,1780.0,1734.699951171875,1772.050048828125,1665.9759521484375,5119935
2022-02-02,-0.12488021854854499,1789.0,1792.800048828125,1772.0,1787.0999755859375,1680.125,4253717
2022-02-03,-0.994536841288209,1779.0,1779.0,1734.0,1738.550048828125,1634.481201171875,3832922
2022-02-04,-0.5941474690102041,1732.0,1753.949951171875,1710.1500244140625,1741.0999755859375,1636.8785400390625,4700077
2022-02-07,-0.943371597599859,1722.199951171875,1732.0,1695.4000244140625,1715.0,1612.3408203125,4310209
2022-02-08,-0.7828133629402145,1710.0,1725.0,1696.0,1717.300048828125,1614.503173828125,6053401
2022-02-09,0.009327993902843446,1735.0,1743.0,1725.0,1737.300048828125,1633.30615234375,3867244
2022-02-10,0.6986218412639573,1755.6500244140625,1773.9000244140625,1748.75,1769.5999755859375,1663.6724853515625,4334630
2022-02-11,-0.9762599932437297,1740.0,1745.949951171875,1713.0,1721.3499755859375,1618.3106689453125,7551371
2022-02-14,0.9850356327369809,1690.0,1718.550048828125,1678.25,1682.199951171875,1581.504150390625,7459637
2022-02-15,0.026246183936018498,1699.0,1746.75,1690.449951171875,1738.25,1634.19921875,4669915
2022-02-16,0.0126219681231305,1738.25,1755.449951171875,1726.8499755859375,1733.300048828125,1629.54541015625,5350642
2022-02-17,0.40505681179153424,1744.0,1749.0,1720.300048828125,1724.800048828125,1621.55419921875,3937950
2022-02-18,0.08847012759199263,1710.0,1722.5,1703.5,1706.949951171875,1604.7725830078125,5602215
2022-02-21,0.2888622209429741,1701.0,1737.300048828125,1691.5,1730.699951171875,1627.10107421875,5120890
2022-02-22,-0.9910833481699228,1699.9000244140625,1751.0,1691.050048828125,1734.3499755859375,1630.532470703125,8878515
2022-02-23,-0.9937183452420868,1750.0,1758.25,1733.4000244140625,1742.8499755859375,1638.5238037109375,5478811
2022-02-24,0.676574180423308,1690.0999755859375,1714.949951171875,1670.5,1678.1500244140625,1577.6966552734375,13592379
2022-02-25,0.23309818947018357,1715.0,1728.1500244140625,1677.0,1694.5999755859375,1593.1619873046875,9737281
2022-02-28,0.4843960382277146,1682.199951171875,1728.050048828125,1665.0,1715.5999755859375,1612.9049072265625,15076542
2022-03-02,0.9216798978159204,1710.0,1714.4000244140625,1691.0,1702.800048828125,1600.8712158203125,6771489
2022-03-03,0.16649858178359203,1720.199951171875,1733.9000244140625,1705.550048828125,1720.8499755859375,1617.8406982421875,7344147
2022-03-04,0.8453831300139427,1695.25,1736.0,1681.0,1723.300048828125,1620.144287109375,9074499
2022-03-07,0.5689737756167434,1697.0,1751.0,1696.0,1739.8499755859375,1635.7032470703125,9742588
2022-03-08,0.6466054737131344,1718.449951171875,1800.0,1718.449951171875,1778.199951171875,1671.7576904296875,10984500
2022-03-09,-0.2844071475168069,1791.0,1831.5999755859373,1791.0,1813.3499755859373,1704.8037109375,10193515
2022-03-10,0.9909449692640919,1844.75,1844.75,1810.199951171875,1825.9000244140625,1716.6024169921875,6547182
2022-03-11,-0.4338345837313682,1814.0,1831.4000244140625,1811.0,1822.0,1712.935791015625,4758657
2022-03-14,-0.3298053456625591,1831.550048828125,1895.0,1831.550048828125,1890.699951171875,1777.5235595703125,10289724
2022-03-15,-0.3093225340708159,1888.3499755859373,1888.3499755859373,1830.0,1839.300048828125,1729.2003173828125,7140443
2022-03-16,0.9330438117031008,1865.0,1893.949951171875,1849.0,1889.4000244140625,1776.3013916015625,5233979
2022-03-21,0.9669868770142784,1861.0,1886.9000244140625,1841.0999755859373,1853.050048828125,1742.127197265625,8362085
2022-03-22,-0.061608135467395186,1850.0,1890.0,1839.0,1887.4000244140625,1774.4208984375,5709382
2022-03-23,0.6356755208266391,1897.0,1900.0,1857.0,1872.4000244140625,1760.3189697265625,6192824
2022-03-24,-0.5635980072644694,1856.1500244140625,1894.5999755859373,1856.1500244140625,1886.699951171875,1773.762939453125,3784303
2022-03-25,-0.692449005041999,1892.0,1894.0,1858.0,1876.550048828125,1764.220703125,3438588
2022-03-28,-0.22680498585881045,1866.0,1880.9000244140625,1852.6500244140625,1873.9000244140625,1761.729248046875,4008555
2022-03-29,-0.09734813822433352,1873.9000244140625,1889.4000244140625,1860.550048828125,1886.0,1773.1048583984375,3917785
2022-03-30,-0.9832422921899706,1910.0,1919.0,1895.0,1903.949951171875,1789.9803466796875,7795839
2022-03-31,-0.4003901953276779,1900.0,1913.0,1894.199951171875,1906.8499755859373,1792.706787109375,5399145
2022-04-01,-0.642252565098008,1886.8499755859373,1910.300048828125,1878.300048828125,1903.550048828125,1789.6044921875,6171518
2022-04-05,0.8316313549876213,1883.800048828125,1889.5999755859373,1857.1500244140625,1861.0999755859373,1749.6953125,5472024
2022-04-06,0.9972155256352077,1855.0,1857.5,1822.1500244140625,1828.8499755859373,1719.3758544921875,5407453
2022-04-07,0.09207818498336044,1821.050048828125,1828.1500244140625,1807.550048828125,1811.0,1702.59423828125,5797544
2022-04-08,-0.9336581897611419,1823.0,1838.0,1808.0,1814.5999755859373,1705.9786376953125,5131446
2022-04-11,-0.9497699104249477,1814.0,1814.0,1762.550048828125,1766.550048828125,1660.8050537109375,8248407
2022-04-12,-0.9207654781639576,1757.5,1757.5,1727.75,1742.449951171875,1638.147705078125,6456184
2022-04-13,-0.08164480284984973,1754.949951171875,1757.5,1732.0,1748.550048828125,1643.882568359375,6257693
2022-04-18,-0.769198466442672,1605.5,1650.0,1590.0,1621.4000244140625,1524.34375,30523965
2022-04-19,-0.4962432480970165,1636.6500244140625,1636.6500244140625,1550.0,1562.0,1468.4993896484375,17044923
2022-04-20,-0.6736014954512939,1575.0,1596.300048828125,1563.0,1587.699951171875,1492.660888671875,10678747
2022-04-21,-0.12447256746236235,1595.0,1627.199951171875,1589.25,1618.800048828125,1521.8994140625,7766514
2022-04-22,-0.9826094899326563,1604.3499755859375,1610.699951171875,1582.4000244140625,1585.449951171875,1490.5455322265625,8134245
2022-04-25,-0.998636648117099,1572.800048828125,1572.800048828125,1554.0999755859375,1561.0999755859375,1467.6531982421875,7000570
2022-04-26,0.6685109003446996,1577.199951171875,1592.0,1566.550048828125,1581.0,1486.362060546875,5345435
2022-04-27,0.0947315642843023,1572.75,1572.75,1550.3499755859375,1552.800048828125,1459.8499755859375,8819356
2022-04-28,0.05940493511817684,1570.0,1601.800048828125,1557.449951171875,1582.5999755859375,1487.8662109375,9245177
2022-04-29,-0.5669799945317209,1590.0,1597.300048828125,1560.800048828125,1567.550048828125,1473.717041015625,9831395
2022-05-02,0.22694848223727604,1550.9000244140625,1552.75,1531.0,1541.0,1448.7564697265625,7072627
2022-05-04,-0.39708420634269714,1547.25,1570.0,1530.1500244140625,1535.550048828125,1443.6328125,6220959
2022-05-05,0.0036372679751366377,1560.050048828125,1589.4000244140625,1557.449951171875,1585.1500244140625,1490.2635498046875,6144870
2022-05-06,-0.9973164775874466,1550.0,1561.8499755859375,1535.050048828125,1542.8499755859375,1450.49560546875,6171472
2022-05-09,0.92431343824137,1540.0,1586.800048828125,1522.1500244140625,1570.3499755859375,1476.349365234375,6832202
2022-05-10,-0.9925546037266031,1558.0,1569.1500244140625,1546.050048828125,1553.0,1460.0379638671875,6212545
2022-05-11,-0.5229740910664467,1549.949951171875,1549.949951171875,1511.5999755859375,1526.75,1435.359375,7846080
2022-05-12,-0.9939510638359934,1514.0,1527.5,1504.300048828125,1508.800048828125,1418.4840087890625,7034979
2022-05-17,-0.9526504495957245,1494.9000244140625,1525.0,1480.9000244140625,1518.449951171875,1427.55615234375,6516378
2022-05-18,0.03827879368327558,1522.0,1549.699951171875,1505.300048828125,1509.199951171875,1418.8599853515625,6594126
2022-05-19,-0.6654520255203048,1481.0,1484.699951171875,1417.6500244140625,1427.1500244140625,1341.721435546875,16561140
2022-05-20,0.9197504355761339,1453.0,1466.75,1446.699951171875,1455.1500244140625,1368.04541015625,10488908
2022-05-23,0.9865166853414848,1455.0999755859375,1488.0,1450.050048828125,1468.4000244140625,1380.50244140625,5887569
2022-05-24,0.9969583721831441,1468.5999755859375,1469.550048828125,1435.25,1441.0,1354.7423095703125,5693167
2022-05-25,0.9617718474958868,1435.0,1442.5,1399.25,1410.449951171875,1326.0211181640625,9630092
2022-05-26,-0.6920371111149767,1418.0,1430.0,1407.050048828125,1423.949951171875,1338.7127685546875,13040065
2022-05-27,-0.13166759735904635,1443.949951171875,1467.0,1437.4000244140625,1461.3499755859375,1373.874267578125,8284860
2022-05-30,0.48899307410950615,1487.0,1530.0,1485.0,1526.800048828125,1435.4063720703125,10904213
2022-05-31,-0.7065494994728526,1510.699951171875,1518.0,1488.1500244140625,1503.5999755859375,1428.565673828125,16033857
2022-06-01,-0.943126236833632,1513.0,1514.75,1472.0999755859375,1478.550048828125,1404.765869140625,8738508
2022-06-02,0.34369317431022256,1484.0,1513.8499755859375,1475.5999755859375,1508.0,1432.7462158203125,7205840
2022-06-03,2.737942850217223e-05,1524.9000244140625,1555.0,1518.0,1521.699951171875,1445.762451171875,9395707
2022-06-06,0.7249093032442033,1516.0,1536.5999755859375,1493.0,1530.050048828125,1453.69580078125,6624883
2022-06-07,-0.8685437291169364,1519.8499755859375,1519.8499755859375,1502.5999755859375,1506.699951171875,1431.510986328125,4904592
2022-06-08,-0.14128396194428205,1520.199951171875,1520.199951171875,1492.0,1500.0,1425.1453857421875,4697608
2022-06-09,0.9090296252231512,1485.0,1516.949951171875,1481.5,1515.0,1439.3968505859375,4361061
2022-06-10,0.10916247375425883,1486.0999755859375,1493.949951171875,1473.5999755859375,1476.800048828125,1403.10302734375,6516436
2022-06-13,-0.6876014768204186,1443.5999755859375,1443.5999755859375,1411.699951171875,1424.5,1353.4130859375,6987685
2022-06-14,0.9787833568174392,1410.0,1448.9000244140625,1403.1500244140625,1440.550048828125,1368.6622314453125,6090247
2022-06-15,0.9948893783614039,1440.199951171875,1446.4000244140625,1418.8499755859375,1422.199951171875,1351.227783203125,4651958
2022-06-16,0.17545896877224246,1438.0,1443.75,1392.0,1397.199951171875,1327.4754638671875,6641772
2022-06-17,0.07731790155473088,1391.050048828125,1396.949951171875,1367.1500244140625,1387.300048828125,1318.0694580078125,9692047
2022-06-20,0.4591235863044858,1390.050048828125,1422.3499755859375,1382.0,1414.1500244140625,1343.57958984375,4595194
2022-06-21,0.9138749332050793,1424.0,1456.0,1422.75,1449.9000244140625,1377.545654296875,6270787
2022-06-22,0.019699906976893545,1436.050048828125,1459.5999755859375,1435.0,1437.25,1365.5267333984375,6253366
2022-06-23,0.41822170361410826,1439.800048828125,1458.0,1433.0,1452.449951171875,1379.96826171875,6254281
2022-06-24,0.2911976920440793,1458.0,1467.5,1428.9000244140625,1441.0999755859375,1369.1846923828125,6114340
2022-06-27,0.2891278912623723,1468.050048828125,1484.0,1465.1500244140625,1474.5999755859375,1401.0130615234375,4511097
2022-06-28,-0.039755685212598604,1469.0,1488.25,1453.0,1480.1500244140625,1406.2860107421875,4412178
2022-06-29,0.22407498516258784,1464.699951171875,1477.0,1457.0,1463.25,1390.2293701171875,5060038
2022-06-30,-0.42209419067949056,1465.050048828125,1482.0,1455.0,1461.9000244140625,1388.94677734375,9165177
2022-07-01,-0.9703379890415817,1454.0,1485.0,1442.3499755859375,1479.4000244140625,1405.5733642578125,4651635
2022-07-04,-0.6860836977139115,1480.25,1492.25,1462.0,1488.0,1413.7442626953125,4800224
2022-07-05,0.2890475465916097,1498.800048828125,1509.949951171875,1472.0,1475.949951171875,1402.29541015625,7379669
2022-07-06,0.8041969135520048,1482.199951171875,1500.0,1470.0,1491.6500244140625,1417.212158203125,5209162
2022-07-07,0.8845626988448203,1503.050048828125,1513.949951171875,1495.699951171875,1498.699951171875,1423.91015625,3323472
2022-07-08,0.16177799304326376,1515.0,1516.949951171875,1499.949951171875,1514.449951171875,1438.8743896484375,3652582
2022-07-11,-0.9968286028597504,1495.0,1499.9000244140625,1466.4000244140625,1473.1500244140625,1399.63525390625,4702638
2022-07-12,0.9977156586246565,1461.800048828125,1468.5999755859375,1436.0,1438.5999755859375,1366.8094482421875,4710356
2022-07-13,0.21249541738403163,1450.0,1460.0,1438.5999755859375,1444.449951171875,1372.367431640625,5264025
2022-07-14,0.4338272763299756,1451.0,1452.949951171875,1414.0,1428.8499755859375,1357.5460205078125,6157606
2022-07-15,0.9935452505014837,1446.0,1446.0,1410.6500244140625,1430.3499755859375,1358.97119140625,5620018
2022-07-18,0.9788420718163252,1450.0,1493.5999755859375,1448.050048828125,1489.9000244140625,1415.5494384765625,5835171
2022-07-19,0.5204644126739973,1471.550048828125,1486.8499755859375,1470.0999755859375,1484.1500244140625,1410.0865478515625,3418540
2022-07-20,0.9270471479394473,1501.25,1525.800048828125,1500.0,1515.300048828125,1439.681884765625,5079392
2022-07-21,-0.493049115058966,1517.0,1535.449951171875,1503.0999755859375,1532.9000244140625,1456.403564453125,5008061
2022-07-22,-0.004886554554104805,1534.0,1540.0,1492.1500244140625,1506.300048828125,1431.1309814453125,7020642
2022-07-25,-0.5165219029018772,1480.0999755859375,1517.1500244140625,1480.0999755859375,1503.5999755859375,1428.565673828125,7859626
2022-07-26,0.1190960643987637,1496.6500244140625,1496.6500244140625,1445.0,1451.1500244140625,1378.733154296875,7268273
2022-07-27,0.9466545027680695,1451.0,1473.0,1445.0,1471.050048828125,1397.64013671875,4517285
2022-07-28,0.004364200518466532,1496.4000244140625,1524.449951171875,1489.8499755859375,1517.4000244140625,1441.677001953125,6636841
2022-07-29,0.2759777541505173,1532.800048828125,1555.699951171875,1528.0,1549.699951171875,1472.3651123046875,7009465
2022-08-01,0.5014711336465553,1564.0,1564.0,1537.9000244140625,1551.050048828125,1473.64794921875,2983249
2022-08-02,-0.23363563790917397,1546.550048828125,1547.0,1528.3499755859375,1543.5999755859375,1466.569580078125,4374635
2022-08-03,-0.0236868136562407,1549.0,1570.0,1539.9000244140625,1566.0999755859375,1487.94677734375,6011955
2022-08-04,0.5780571886571124,1587.5,1603.8499755859375,1574.949951171875,1599.9000244140625,1520.0601806640625,7402209
2022-08-05,-0.15741075554396958,1608.4000244140625,1625.699951171875,1602.300048828125,1616.6500244140625,1535.9742431640625,5361971
2022-08-08,0.3262280779890716,1617.0,1622.0,1596.0,1619.4000244140625,1538.5870361328125,3763409
2022-08-10,-0.7860227240931376,1621.199951171875,1621.199951171875,1588.0999755859375,1602.449951171875,1522.4827880859375,4423829
2022-08-11,0.9982982976362109,1630.0,1631.3499755859375,1616.0,1619.949951171875,1539.1094970703125,3462090
2022-08-12,-0.9977464595576748,1613.300048828125,1614.0,1590.1500244140625,1594.0999755859375,1514.549560546875,3562286
2022-08-16,-0.993182613980025,1609.0,1609.0,1591.0999755859375,1596.449951171875,1516.7821044921875,3004430
2022-08-17,-0.20826725617516786,1596.449951171875,1612.0,1585.0,1606.25,1526.0931396484375,4067324
2022-08-18,-0.21779939106199891,1594.0999755859375,1598.199951171875,1574.0,1582.949951171875,1503.9559326171875,4635706
2022-08-19,-0.0133016164181754,1585.300048828125,1604.9000244140625,1585.0999755859375,1597.0999755859375,1517.3997802734375,4739884
2022-08-22,-0.5739051383359104,1586.0,1599.0,1574.0,1575.6500244140625,1497.020263671875,3950555
2022-08-23,-0.5491200654852526,1548.0,1554.5,1533.0,1542.4000244140625,1465.4295654296875,5551574
2022-08-24,-0.4404210091119499,1535.0,1546.0,1531.0,1537.5,1460.77392578125,2888426
2022-08-25,-0.597713503614068,1548.0,1548.699951171875,1513.75,1518.1500244140625,1442.3897705078125,4331088
2022-08-26,-0.12326749911881052,1535.1500244140625,1544.949951171875,1517.449951171875,1521.550048828125,1445.6201171875,3079136
2022-08-29,-0.4032236269413261,1468.550048828125,1468.550048828125,1450.0,1461.75,1388.80419921875,8079050
2022-08-30,-0.0005100599955767393,1473.0999755859375,1496.0999755859375,1466.0,1492.949951171875,1418.447265625,6725875
2022-09-01,-0.18999402483459563,1460.050048828125,1468.0999755859375,1451.050048828125,1464.199951171875,1391.1319580078125,8140604
2022-09-02,-0.14234519940925697,1478.0,1478.0,1448.0,1453.0,1380.4908447265625,5175653
2022-09-05,-0.3219107041756312,1451.0,1467.0,1446.3499755859375,1461.300048828125,1388.3765869140625,3669352
2022-09-06,0.2800724705060323,1461.300048828125,1470.0,1445.449951171875,1455.0999755859375,1382.486083984375,3428442
2022-09-07,-0.03956850684739442,1440.0,1465.75,1438.050048828125,1457.6500244140625,1384.9088134765625,3600574
2022-09-08,0.9963372064521536,1475.0,1481.0999755859375,1463.5999755859375,1475.9000244140625,1402.2481689453125,4061475
2022-09-09,0.2386786099523306,1488.0,1520.0,1480.0,1511.6500244140625,1436.2139892578125,4816910
2022-09-12,-0.9554845374077559,1525.800048828125,1545.9000244140625,1521.1500244140625,1536.199951171875,1459.5389404296875,5494819
2022-09-13,-0.6594222785917316,1551.9000244140625,1553.0,1541.300048828125,1544.949951171875,1467.8521728515625,4947158
2022-09-14,-0.6972627235324277,1497.0,1498.949951171875,1472.0,1475.4000244140625,1401.7730712890625,14332197
2022-09-15,-0.007173953112214804,1475.0,1475.199951171875,1429.050048828125,1432.800048828125,1361.2989501953125,12784100
2022-09-16,-0.48489422764396295,1425.0,1425.0,1368.3499755859375,1377.050048828125,1308.3311767578125,20464045
2022-09-19,-0.9975815126284336,1392.0,1406.0,1380.5999755859375,1390.300048828125,1320.9197998046875,6595241
2022-09-20,0.05444061396540039,1407.949951171875,1413.550048828125,1385.0999755859375,1388.550048828125,1319.2572021484375,7219797
2022-09-21,-0.001472528645535931,1379.9000244140625,1388.800048828125,1368.4000244140625,1377.25,1308.5211181640625,7917054
2022-09-22,-0.9595276820861424,1366.3499755859375,1383.949951171875,1360.0,1367.949951171875,1299.68505859375,9168498
2022-09-23,-0.9685684432333801,1367.5,1394.800048828125,1362.0,1365.449951171875,1297.309814453125,10426200
2022-09-26,-0.3881921874504769,1360.0,1399.449951171875,1355.0,1380.25,1311.371337890625,9414587
2022-09-27,-0.1889393518636511,1393.449951171875,1406.5,1378.0,1393.550048828125,1324.007568359375,8561254
2022-09-28,0.23996799003119426,1379.0,1405.8499755859375,1377.0,1394.699951171875,1325.10009765625,7022098
2022-09-29,0.25142598152160645,1404.9000244140625,1409.8499755859375,1393.0,1398.6500244140625,1328.85302734375,6119965
2022-09-30,-0.26938984418908757,1388.949951171875,1419.300048828125,1376.0,1413.449951171875,1342.91455078125,8120130
2022-10-03,-0.6911526151104934,1412.0,1412.0,1386.0,1393.75,1324.1976318359375,4943169
2022-10-04,-0.35386861362106475,1419.699951171875,1432.25,1414.0,1429.4000244140625,1358.068603515625,6631341
2022-10-06,-0.552796701376792,1445.0,1459.800048828125,1444.0999755859375,1455.1500244140625,1382.533447265625,6180672
2022-10-07,-0.9864862364716828,1446.3499755859375,1457.8499755859375,1440.1500244140625,1451.199951171875,1378.78076171875,3994466
2022-10-10,-0.9557772881484458,1426.3499755859375,1465.0,1426.3499755859375,1462.6500244140625,1389.6593017578125,5274677
2022-10-11,-0.8555001005050145,1462.6500244140625,1479.6500244140625,1420.0999755859375,1423.800048828125,1352.7481689453125,12824774
2022-10-12,-0.9126995697733946,1437.0,1441.0999755859375,1413.550048828125,1428.699951171875,1357.4033203125,5481467
2022-10-13,-0.1767438128121167,1431.0,1437.949951171875,1415.0,1419.9000244140625,1349.0426025390625,4821514
2022-10-14,-0.3037214578386435,1485.0,1494.0,1467.25,1474.25,1400.680419921875,14990688
2022-10-17,-0.5054765197310189,1476.9000244140625,1495.0,1475.5,1489.949951171875,1415.596923828125,4286396
2022-10-19,-0.33287617447786033,1504.0,1504.949951171875,1481.300048828125,1485.449951171875,1411.321533203125,3553171
2022-10-20,0.1717978136934107,1475.0,1504.0,1474.199951171875,1500.9000244140625,1426.00048828125,4583939
2022-10-21,0.19219181826338172,1500.300048828125,1506.0,1491.3499755859375,1500.5,1425.620361328125,3594485
2022-10-24,0.9980626227334142,1518.5,1521.800048828125,1511.0,1517.8499755859375,1442.104736328125,982837
2022-10-27,-0.9856420964933932,1530.800048828125,1534.9000244140625,1512.5,1523.949951171875,1463.7237548828125,6760137
2022-10-31,-0.9415060197934508,1530.25,1546.4000244140625,1530.25,1537.6500244140625,1476.88232421875,4542336
2022-11-01,0.01438920944929123,1553.050048828125,1575.0,1547.0999755859375,1573.0,1510.835205078125,4542692
2022-11-02,-0.2716950651956722,1572.0,1572.75,1545.0,1553.300048828125,1491.9139404296875,2938906
2022-11-03,-0.0030821148538962007,1538.75,1543.9000244140625,1521.6500244140625,1530.75,1470.2548828125,3174027
2022-11-04,-0.9336422978667542,1520.449951171875,1520.449951171875,1501.1500244140625,1514.0,1454.1669921875,4509682
2022-11-07,0.0026866818661801517,1521.4000244140625,1527.9000244140625,1491.0999755859375,1507.449951171875,1447.875732421875,4898592
2022-11-09,0.5664953844388947,1529.0,1529.0,1501.0999755859375,1511.199951171875,1451.4775390625,3334755
2022-11-10,0.22481303258488575,1485.0,1512.0,1485.0,1501.949951171875,1442.5931396484375,3435763
2022-11-11,0.943107109516859,1546.6500244140625,1573.5,1546.6500244140625,1570.0999755859375,1508.0499267578125,7214098
2022-11-14,0.5045130212946485,1575.1500244140625,1591.4000244140625,1568.449951171875,1585.300048828125,1522.649169921875,4908813
2022-11-15,-0.15155147628427265,1577.8499755859375,1597.8499755859375,1572.75,1594.0,1531.0052490234375,3497614
2022-11-16,0.27831995201995596,1597.1500244140625,1609.0,1593.5,1602.800048828125,1539.4576416015625,4497697
2022-11-17,-0.4927765672910027,1597.199951171875,1602.800048828125,1582.949951171875,1587.4000244140625,1524.6661376953125,3469515
2022-11-18,-0.3349294178187847,1591.699951171875,1598.0,1575.5,1593.4000244140625,1530.4290771484375,3126064
2022-11-21,0.1853400981095287,1582.0999755859375,1587.8499755859375,1564.050048828125,1568.199951171875,1506.2249755859375,3071764
2022-11-22,0.10396980535652903,1569.0,1588.0,1562.0,1585.050048828125,1522.4091796875,3399329
2022-11-23,-0.3938309845980257,1588.9000244140625,1592.0,1579.300048828125,1583.1500244140625,1520.584228515625,3245067
2022-11-24,0.3389025165330774,1589.0,1636.0,1584.75,1629.800048828125,1565.3905029296875,5282215
2022-11-25,-0.997384924790822,1631.4000244140625,1644.0,1613.800048828125,1635.6500244140625,1571.0093994140625,4563255
2022-11-28,0.0899294392002048,1628.0,1653.5,1620.0,1623.4000244140625,1559.2435302734375,3825766
2022-11-29,0.9645666944949577,1621.199951171875,1638.75,1615.050048828125,1629.050048828125,1564.670166015625,3131710
2022-11-30,-0.4924855073913932,1619.949951171875,1645.75,1613.1500244140625,1634.949951171875,1570.3369140625,11868134
2022-12-01,-0.21431721543194726,1656.199951171875,1672.5999755859375,1652.300048828125,1657.0999755859375,1591.611572265625,5407928
2022-12-02,0.9871687879785895,1656.0,1661.800048828125,1633.949951171875,1637.9000244140625,1573.1705322265625,4283343
2022-12-05,0.6892033299518516,1638.0,1644.8499755859375,1623.300048828125,1639.75,1574.947265625,3824966
2022-12-06,-0.3365526487856793,1625.0,1626.0,1607.550048828125,1612.9000244140625,1549.158447265625,4822398
2022-12-07,0.3038670831786779,1608.0,1623.800048828125,1596.699951171875,1605.5,1542.05078125,4898087
2022-12-08,-0.37782929132226856,1605.5,1623.9000244140625,1598.5,1620.1500244140625,1556.1219482421875,4206837
2022-12-09,-0.060711249437493585,1628.0,1628.0,1561.0999755859375,1569.300048828125,1507.281494140625,8880658
2022-12-12,0.3243044841219671,1550.0,1565.949951171875,1530.050048828125,1547.199951171875,1486.0548095703125,8037679
2022-12-13,0.782445420010481,1547.199951171875,1577.5,1541.1500244140625,1572.1500244140625,1510.018798828125,6135067
2022-12-14,0.31565366320379934,1582.0,1588.5,1573.0,1579.4000244140625,1516.9822998046875,4976020
2022-12-15,-0.28024288168250533,1569.300048828125,1570.0,1535.25,1540.5,1479.61962890625,6443866
2022-12-16,-0.5128743711276911,1525.0,1549.5,1512.050048828125,1522.199951171875,1462.0428466796875,9630453
2022-12-19,-0.24728256889648037,1507.949951171875,1516.9000244140625,1495.050048828125,1507.3499755859375,1447.7796630859375,6222740
2022-12-20,-0.9704274737741798,1501.0,1516.0,1482.449951171875,1507.300048828125,1447.731689453125,7396259
2022-12-21,0.8716480144357774,1515.0,1521.0,1502.3499755859375,1509.550048828125,1449.892822265625,6236361
2022-12-22,-0.4873849459072517,1521.5,1529.949951171875,1511.75,1522.050048828125,1461.89892578125,6302640
2022-12-23,-0.6638705048535485,1508.699951171875,1509.9000244140625,1493.0,1497.0999755859375,1437.9346923828125,6283822
2022-12-26,0.009431395475985482,1500.5,1509.9000244140625,1496.3499755859375,1502.4000244140625,1443.025390625,4115459
2022-12-27,-0.41703636789627907,1509.949951171875,1521.449951171875,1497.5,1514.8499755859375,1454.9832763671875,4860076
2022-12-28,-0.3824722973354669,1505.0999755859375,1524.949951171875,1498.5,1510.1500244140625,1450.4691162109375,5029860
2022-12-29,0.1027074349403847,1504.0,1521.300048828125,1501.0,1517.550048828125,1457.57666015625,4624745
2022-12-30,-0.5528400634260228,1528.0,1530.4000244140625,1504.050048828125,1508.199951171875,1448.5960693359375,5060544
2023-01-02,0.9942515892907977,1514.0,1526.5,1504.050048828125,1524.0,1463.771728515625,3801140
2023-01-03,0.012829141109250486,1519.8499755859375,1532.6500244140625,1515.0999755859375,1522.550048828125,1462.3790283203125,4551130
2023-01-04,0.817281702416949,1521.0,1521.0,1491.0999755859375,1494.800048828125,1435.7257080078125,7059590
2023-01-05,-0.9989279837463982,1505.9000244140625,1505.9000244140625,1469.25,1475.199951171875,1416.9002685546875,9868404
2023-01-06,0.02734546212013811,1470.0,1475.0,1446.5,1448.5,1391.2554931640625,6443714
2023-01-09,0.28609670760730904,1448.199951171875,1489.3499755859375,1448.199951171875,1484.449951171875,1425.78466796875,11498717
2023-01-10,0.4384842813014984,1482.0,1483.9000244140625,1454.050048828125,1469.75,1411.665771484375,7158624
2023-01-11,0.3082342464476824,1470.0,1494.0,1464.0,1471.25,1413.1063232421875,6173092
2023-01-12,0.2368548529002031,1481.949951171875,1485.0,1455.0,1480.5999755859375,1422.0867919921875,6591385
2023-01-13,-0.29609674812045655,1483.5,1519.4000244140625,1468.0,1503.6500244140625,1444.2259521484375,11610426
2023-01-16,-0.2222991685460632,1510.0,1528.0,1502.300048828125,1525.5,1465.2125244140625,6073063
2023-01-17,0.1678240900315965,1527.0,1542.199951171875,1524.0,1539.5,1478.6591796875,5922644
2023-01-18,0.6349080766932192,1544.75,1551.8499755859375,1539.5999755859375,1545.4000244140625,1484.3260498046875,5843098
2023-01-19,0.6421810074243695,1539.9000244140625,1549.550048828125,1526.1500244140625,1538.9000244140625,1478.0830078125,6165284
2023-01-20,0.18750474508851767,1538.0,1545.0,1524.0,1525.550048828125,1465.260498046875,6496429
2023-01-23,0.07616658302556191,1535.0,1553.300048828125,1528.0999755859375,1548.0,1486.8232421875,4855020
2023-01-24,-0.9951815937747597,1560.0,1568.800048828125,1549.75,1551.9000244140625,1490.5692138671875,5200802
2023-01-25,0.6240794562734664,1547.0,1556.0,1538.75,1543.0,1482.0208740234375,4158617
2023-01-27,-0.8562095314264297,1546.0,1550.949951171875,1507.4000244140625,1519.1500244140625,1459.1134033203125,6209955
2023-01-30,-0.04321116625214927,1528.800048828125,1544.0,1520.0,1538.800048828125,1477.98681640625,6964719
2023-01-31,0.4180707250100871,1548.9000244140625,1548.9000244140625,1513.0,1533.75,1473.136474609375,9448126
2023-02-01,-0.9980206957552582,1542.199951171875,1555.050048828125,1528.050048828125,1551.0999755859375,1489.8006591796875,6194199
2023-02-02,-0.3267665933817625,1552.0,1586.949951171875,1552.0,1583.75,1521.160400390625,6916834
2023-02-03,0.3738450870317008,1597.5,1604.6500244140625,1573.0,1599.4000244140625,1536.1920166015625,7040194
2023-02-06,-0.7075106784759555,1598.0,1598.0,1561.5999755859375,1569.8499755859375,1507.8096923828125,4570612
2023-02-07,0.6757830835371611,1569.0,1576.050048828125,1555.0999755859375,1562.4000244140625,1500.654052734375,4336238
2023-02-08,-0.004275278508430347,1565.5,1603.0,1565.5,1590.5,1527.6436767578125,7983338
2023-02-09,-0.7547376156629374,1596.199951171875,1619.75,1586.050048828125,1617.0,1553.0963134765625,6904911
2023-02-10,-0.9622196801938117,1612.949951171875,1616.300048828125,1596.449951171875,1608.550048828125,1544.9803466796875,4786762
2023-02-13,-0.011345482877610872,1597.0,1597.0,1566.0,1567.449951171875,1505.5045166015625,4001199
2023-02-14,-0.984978134278208,1584.699951171875,1596.0,1578.1500244140625,1593.25,1530.284912109375,5043736
2023-02-15,-0.03498675437488904,1584.0,1599.0,1576.0,1597.050048828125,1533.934814453125,3465747
2023-02-16,0.6222806562436745,1600.0,1614.449951171875,1597.8499755859375,1601.800048828125,1538.4970703125,4290289
2023-02-17,0.3796678716528483,1594.0,1595.0,1575.5,1583.800048828125,1521.20849609375,2857734
2023-02-21,0.014385461749043316,1598.699951171875,1601.6500244140625,1576.0,1579.5,1517.0784912109375,2723288
2023-02-22,-0.018502523191273212,1563.0,1575.0,1555.300048828125,1561.800048828125,1500.077880859375,3656244
2023-02-23,0.6068357429932802,1569.8499755859375,1569.8499755859375,1548.1500244140625,1550.699951171875,1489.41650390625,4766854
2023-02-24,-0.6049907428561709,1560.0,1569.0,1545.0,1550.6500244140625,1489.3685302734375,2790986
2023-02-27,-0.5175505149090895,1540.0,1540.0,1502.0,1509.300048828125,1449.6527099609375,4920268
2023-02-28,0.6132480508822482,1515.5999755859375,1524.0,1481.300048828125,1487.550048828125,1428.7623291015625,9679811
2023-03-01,0.9403301905840635,1492.4000244140625,1500.8499755859375,1481.5,1496.050048828125,1436.9263916015625,5125043
2023-03-02,0.46713920746697113,1485.0,1488.5999755859375,1467.300048828125,1472.1500244140625,1413.9708251953125,4644499
2023-03-03,-0.2021697484480683,1486.75,1489.800048828125,1473.0,1479.300048828125,1420.8382568359375,4615015
2023-03-06,0.768208310008049,1494.550048828125,1520.4000244140625,1493.1500244140625,1507.449951171875,1447.875732421875,6561742
2023-03-08,0.6850311335708413,1490.550048828125,1496.0,1481.0999755859375,1492.699951171875,1433.7086181640625,4137080
2023-03-09,0.7477932942232915,1495.0,1498.3499755859375,1474.5999755859375,1480.4000244140625,1421.894775390625,5104656
2023-03-10,-0.9882152736972785,1460.0,1474.300048828125,1457.6500244140625,1471.550048828125,1413.39453125,3699580
2023-03-13,0.4660819269457451,1464.199951171875,1478.300048828125,1428.0,1435.0999755859375,1378.385009765625,8798403
2023-03-14,-0.5002142824923794,1441.0,1448.3499755859375,1411.0,1420.0,1363.8818359375,7402784
2023-03-15,0.002744529629126191,1438.0,1442.8499755859375,1416.8499755859375,1419.6500244140625,1363.545654296875,7556182
2023-03-16,-0.3467560793894033,1417.800048828125,1417.800048828125,1398.699951171875,1404.0999755859375,1348.6102294921875,7323117
2023-03-17,0.27023062123771524,1430.0,1442.9000244140625,1411.4000244140625,1420.699951171875,1364.5540771484375,9090018
2023-03-20,-0.6696360572920336,1419.699951171875,1419.699951171875,1384.8499755859375,1403.6500244140625,1348.1778564453125,8221829
2023-03-21,-0.9191805012524128,1399.0,1405.0,1390.0,1390.699951171875,1335.73974609375,8536755
2023-03-22,-0.9783617919310927,1403.0,1407.25,1382.1500244140625,1389.25,1334.3470458984375,8356487
2023-03-27,0.24877442233264446,1386.25,1395.75,1374.0999755859375,1388.949951171875,1334.0589599609375,4170193
2023-03-28,0.9373281896114349,1392.0999755859375,1398.0,1375.8499755859375,1377.5999755859375,1323.1573486328125,6633366
2023-03-29,-0.9651778098971894,1379.0,1389.9000244140625,1364.550048828125,1383.550048828125,1328.872314453125,8813966
2023-03-31,0.21692655018996448,1404.0,1429.949951171875,1393.9000244140625,1427.949951171875,1371.5174560546875,8711975
2023-04-03,-0.20362162550736684,1435.0,1435.0,1405.1500244140625,1410.8499755859375,1355.0933837890625,5242764
2023-04-05,-0.008816785411909223,1400.0,1427.5,1400.0,1423.550048828125,1367.29150390625,7506334
2023-04-06,0.005786009598523378,1416.0,1428.4000244140625,1410.3499755859375,1421.9000244140625,1365.706787109375,6948465
2023-04-10,-0.6526109969709069,1423.949951171875,1434.0,1415.0,1427.5999755859375,1371.1812744140625,4993788
2023-04-11,-0.2737847247190075,1428.9000244140625,1433.3499755859375,1389.0,1406.1500244140625,1350.5791015625,6942255
2023-04-12,-0.48471945198252797,1413.050048828125,1431.5,1400.0,1428.300048828125,1371.853759765625,5831169
2023-04-13,-0.6127789015683649,1409.75,1411.050048828125,1383.0,1389.199951171875,1334.2989501953125,11267238
2023-04-17,-0.9410470070897891,1250.300048828125,1261.1500244140625,1185.300048828125,1258.300048828125,1208.5721435546875,53171705
2023-04-18,-0.7655665328946069,1269.949951171875,1269.949951171875,1253.0999755859375,1259.3499755859375,1209.5806884765625,12430884
2023-04-19,-0.975325676612556,1254.3499755859375,1254.3499755859375,1229.4000244140625,1232.199951171875,1183.5035400390625,11307230
2023-04-20,-0.48819824450765736,1230.699951171875,1237.8499755859375,1221.4000244140625,1223.4000244140625,1175.0513916015625,8621249
2023-04-21,-0.4913006866700016,1228.0999755859375,1233.25,1220.0,1227.3499755859375,1178.8453369140625,8691352
2023-04-24,0.13734879635740072,1228.0,1230.0,1218.0,1226.300048828125,1177.8367919921875,8313774
2023-04-25,0.04068870910850819,1225.949951171875,1235.5,1215.0,1224.9000244140625,1176.4921875,6808576
2023-04-26,0.9952961469534785,1228.0,1233.0,1220.550048828125,1227.550048828125,1179.0374755859375,5680192
2023-04-27,0.5874992176890373,1230.0,1247.800048828125,1225.4000244140625,1246.25,1196.9984130859375,8020704
2023-04-28,0.34909529599826783,1255.699951171875,1259.0,1244.949951171875,1252.75,1203.241455078125,10118277
2023-05-02,-0.4377215410931967,1254.550048828125,1279.75,1254.550048828125,1277.449951171875,1226.96533203125,8886401
2023-05-03,-0.5483056456432678,1266.0,1272.5,1262.0999755859375,1269.1500244140625,1218.9932861328125,5549783
2023-05-04,0.9989962422987446,1268.949951171875,1275.800048828125,1262.5,1273.550048828125,1223.219482421875,4505401
2023-05-05,-0.6295599525328726,1279.0,1279.0,1254.25,1259.0999755859375,1209.340576171875,5373791
2023-05-08,0.1864809296481932,1262.449951171875,1270.300048828125,1255.199951171875,1265.5999755859375,1215.583740234375,5260842
2023-05-09,-0.38626295812427996,1266.0,1272.0,1260.699951171875,1270.699951171875,1220.48193359375,4969897
2023-05-10,0.302060094778426,1276.4000244140625,1276.4000244140625,1259.1500244140625,1263.25,1213.326416015625,6515734
2023-05-11,-0.417846494470723,1270.25,1275.9000244140625,1253.050048828125,1256.0999755859375,1206.458984375,6888461
2023-05-12,-0.0501969401181365,1253.3499755859375,1256.0,1239.050048828125,1245.199951171875,1195.98974609375,8292212
2023-05-15,0.11161482916213572,1249.9000244140625,1268.9000244140625,1245.6500244140625,1258.3499755859375,1208.6202392578125,5534710
2023-05-16,-0.2683679822684181,1265.0,1273.949951171875,1262.75,1264.300048828125,1214.3350830078125,5236469
2023-05-17,-0.23810646077618003,1260.5999755859375,1260.949951171875,1242.449951171875,1246.9000244140625,1197.6226806640625,10465667
2023-05-18,-0.73739628882322,1258.5999755859375,1259.6500244140625,1242.449951171875,1246.0,1196.75830078125,6948732
2023-05-19,-0.5286387913511135,1256.050048828125,1273.300048828125,1252.800048828125,1268.9000244140625,1218.7532958984375,11094136
2023-05-22,-0.1462518841061475,1272.949951171875,1295.5999755859375,1270.25,1292.800048828125,1241.708740234375,7625947
2023-05-23,0.1190471785246498,1299.199951171875,1314.1500244140625,1297.050048828125,1300.050048828125,1248.672119140625,7436031
2023-05-24,0.4639394551049918,1296.300048828125,1305.0,1291.300048828125,1298.6500244140625,1247.32763671875,4824077
2023-05-25,-0.13433436257764697,1294.5,1307.0,1289.25,1304.3499755859375,1252.80224609375,4334121
2023-05-26,0.3329756902996451,1306.0,1323.449951171875,1306.0,1317.449951171875,1265.3843994140625,5521606
2023-05-30,-0.42846768968738613,1315.0,1326.4000244140625,1309.1500244140625,1323.8499755859375,1271.5316162109375,6274719
2023-05-31,-0.4127671900205314,1319.8499755859375,1331.0999755859375,1314.1500244140625,1318.300048828125,1266.2010498046875,17800782
2023-06-01,-0.03903191090406229,1322.550048828125,1329.5,1318.0999755859375,1319.5,1267.3536376953125,4277841
2023-06-02,-0.010437604985781945,1309.0,1312.9000244140625,1296.050048828125,1299.0,1264.4334716796875,10909311
2023-06-05,-0.014518012816552073,1304.0,1309.449951171875,1297.300048828125,1304.5,1269.787109375,5002553
2023-06-06,-0.3435326304897899,1288.5999755859375,1288.5999755859375,1273.0,1279.0,1244.9656982421875,10008100
2023-06-07,0.3141371839398441,1290.5,1294.0,1282.5,1288.949951171875,1254.6507568359375,5397578
2023-06-08,-0.10107695726328529,1286.199951171875,1292.0,1281.0999755859375,1282.800048828125,1248.66455078125,5034942
2023-06-09,0.9948733260389417,1282.5,1282.5,1264.0,1265.949951171875,1232.2628173828125,5339073
2023-06-12,0.6999406127724797,1273.5,1295.699951171875,1273.0,1291.949951171875,1257.5709228515625,4785588
2023-06-13,0.18125481706811114,1299.9000244140625,1306.5,1297.050048828125,1304.8499755859375,1270.1278076171875,4846587
2023-06-14,0.49878571124281734,1306.3499755859375,1306.699951171875,1293.199951171875,1300.4000244140625,1265.796142578125,3457981
2023-06-15,0.313137714023469,1293.949951171875,1293.949951171875,1282.6500244140625,1286.800048828125,1252.55810546875,6161155
2023-06-16,-0.47218491060064277,1287.0,1301.5,1281.050048828125,1291.6500244140625,1257.279052734375,8536287
2023-06-19,-0.9957496171846287,1294.0,1299.5,1287.050048828125,1294.0,1259.5665283203125,4451787
2023-06-20,0.17431643654223686,1294.0,1305.0,1291.0999755859375,1303.4000244140625,1268.71630859375,4009180
2023-06-21,-0.1821620301634539,1299.949951171875,1303.800048828125,1295.0,1299.3499755859375,1264.7740478515625,4041529
2023-06-22,0.20688024343689904,1289.4000244140625,1289.4000244140625,1273.5,1281.550048828125,1247.4478759765625,6676607
2023-06-23,-0.3087683160013209,1276.449951171875,1279.3499755859375,1263.3499755859375,1265.0,1231.338134765625,7239467
2023-06-26,-0.0779284430667758,1270.25,1274.0,1262.25,1270.3499755859375,1236.5457763671875,3403244
2023-06-27,0.2562517987098545,1280.0,1282.0,1274.199951171875,1279.1500244140625,1245.111572265625,3240024
2023-06-28,0.13094012377162775,1290.0,1296.699951171875,1281.4000244140625,1293.3499755859375,1258.9337158203125,5662358
2023-06-30,0.8257038995652692,1308.199951171875,1338.9000244140625,1304.449951171875,1335.5,1299.962158203125,12821692
2023-07-03,-0.6308078266059359,1330.0,1346.0,1328.449951171875,1333.699951171875,1298.2099609375,7732412
2023-07-04,0.02363272587535903,1344.300048828125,1346.0,1331.4000244140625,1345.1500244140625,1309.3553466796875,5797775
2023-07-05,0.4799439989728853,1357.8499755859375,1357.949951171875,1341.0,1347.300048828125,1311.4481201171875,5414936
2023-07-06,-0.9901681494084187,1342.550048828125,1347.449951171875,1337.1500244140625,1343.9000244140625,1308.1385498046875,5963897
2023-07-07,0.6718939994690507,1334.0,1345.800048828125,1325.3499755859375,1330.199951171875,1294.8031005859375,6295647
2023-07-10,0.9913524347357452,1336.550048828125,1341.9000244140625,1319.300048828125,1329.1500244140625,1293.7811279296875,3940315
2023-07-11,0.04816191014833748,1333.449951171875,1350.9000244140625,1327.0,1348.5999755859375,1312.7135009765625,6126128
2023-07-12,-0.48391357609216357,1351.0,1351.9000244140625,1327.0,1333.300048828125,1297.8206787109375,8102770
2023-07-13,-0.05211413267534226,1334.9000244140625,1376.800048828125,1330.8499755859375,1365.0999755859375,1328.7744140625,9977644
2023-07-14,-0.4834512217785232,1380.6500244140625,1430.0,1380.6500244140625,1425.949951171875,1388.0052490234375,12833381
2023-07-17,0.6959445625543594,1425.949951171875,1458.949951171875,1414.300048828125,1422.949951171875,1385.0849609375,11569884
2023-07-18,-0.5092811771764365,1434.0,1477.949951171875,1429.0,1475.199951171875,1435.9447021484375,16743977
2023-07-19,-0.313102566714709,1486.0,1498.800048828125,1460.699951171875,1474.949951171875,1435.7012939453125,13687062
2023-07-20,-0.5998660757823382,1471.0,1471.0,1440.699951171875,1449.5,1410.9285888671875,8347221
2023-07-21,-0.7961676329110019,1320.199951171875,1350.0,1305.0,1331.5999755859375,1296.1658935546875,45548305
2023-07-24,0.2674017885699868,1341.0,1349.9000244140625,1334.25,1336.5999755859375,1301.0328369140625,8859789
2023-07-25,0.5038638498517685,1337.0,1342.8499755859375,1324.25,1334.5999755859375,1299.0860595703125,6801982
2023-07-26,0.9855932430364192,1343.0,1350.0,1339.4000244140625,1348.8499755859375,1312.956787109375,5528885
2023-07-27,-0.03928252315381542,1358.5999755859375,1363.800048828125,1347.050048828125,1353.1500244140625,1317.142578125,9191861
2023-07-28,0.32644620537757874,1353.8499755859375,1363.8499755859375,1336.0,1340.5,1304.8291015625,6122735
2023-07-31,-0.06549346423707902,1348.75,1357.5,1333.25,1355.699951171875,1319.62451171875,7902180
2023-08-01,0.614991158246994,1362.0,1369.0,1357.0,1365.199951171875,1328.871826171875,6064652
2023-08-02,-0.5492567510227673,1369.300048828125,1371.949951171875,1348.449951171875,1356.8499755859375,1320.7440185546875,7419145
2023-08-03,-0.39695189909876455,1350.0,1366.550048828125,1349.0,1364.300048828125,1327.995849609375,6503741
2023-08-04,-0.026308545624488033,1368.9000244140625,1385.9000244140625,1362.0,1378.3499755859375,1341.671875,5712345
2023-08-07,0.3164978636066533,1387.9000244140625,1395.0,1377.0,1393.0,1355.93212890625,3729093
2023-08-08,-0.5660694844458097,1392.8499755859375,1393.550048828125,1384.4000244140625,1390.199951171875,1353.20654296875,4161877
2023-08-09,0.5006509821022129,1384.0,1396.0,1382.5,1394.4000244140625,1357.2947998046875,4090828
2023-08-10,0.6602197061195815,1391.5999755859375,1395.800048828125,1385.5999755859375,1389.0999755859375,1352.1357421875,3873025
2023-08-11,0.13356612937059253,1392.0,1396.8499755859375,1367.050048828125,1371.8499755859375,1335.3448486328125,5783517
2023-08-14,0.13789530980866402,1371.8499755859375,1395.0,1365.5999755859375,1393.550048828125,1356.467529296875,4304135
2023-08-16,-0.2549947129030313,1410.800048828125,1419.949951171875,1405.4000244140625,1418.5,1380.7535400390625,7735313
2023-08-17,-0.9739421170670539,1420.0,1420.0,1406.0,1411.550048828125,1373.988525390625,5618346
2023-08-18,-0.9911500198456148,1403.699951171875,1408.699951171875,1386.1500244140625,1388.800048828125,1351.8438720703125,5134103
2023-08-21,-0.6089142924640327,1389.75,1407.0,1387.1500244140625,1405.4000244140625,1368.002197265625,3032722
2023-08-22,0.7448975419392809,1404.699951171875,1406.050048828125,1396.6500244140625,1403.75,1366.39599609375,2890714
2023-08-23,-0.5248255737824365,1416.0,1416.5999755859375,1405.6500244140625,1407.949951171875,1370.4842529296875,2559125
2023-08-24,-0.009670914468270812,1421.5,1425.050048828125,1414.449951171875,1423.5999755859375,1385.7177734375,5171963
2023-08-25,0.2726804119143212,1413.0,1422.5,1411.4000244140625,1420.0999755859375,1382.3109130859375,4307172
2023-08-28,-0.5988328797277063,1420.0999755859375,1424.800048828125,1411.4000244140625,1415.6500244140625,1377.9793701171875,3133464
2023-08-29,0.9383612836245447,1424.0,1424.4000244140625,1415.300048828125,1417.6500244140625,1379.9261474609375,3074444
2023-08-30,-0.17640791009180248,1427.0,1436.6500244140625,1424.0,1435.1500244140625,1396.96044921875,3070887
2023-08-31,-0.3076275097943532,1435.1500244140625,1444.9000244140625,1428.6500244140625,1435.449951171875,1397.2523193359375,9792735
2023-09-01,0.3770767187234014,1430.949951171875,1446.0,1428.199951171875,1443.8499755859375,1405.4288330078125,3582133
2023-09-04,-0.3720061957719736,1443.0,1470.0,1434.699951171875,1465.0999755859375,1426.1134033203125,4609014
2023-09-05,-0.23097949102520943,1465.0,1480.050048828125,1456.5,1478.9000244140625,1439.5462646484375,5496840
2023-09-06,0.000625650747679174,1481.9000244140625,1482.9000244140625,1463.300048828125,1477.449951171875,1438.134765625,5075786
2023-09-07,-0.08175164158456028,1470.5999755859375,1473.4000244140625,1462.050048828125,1466.199951171875,1427.18408203125,4411743
2023-09-08,0.24096942655742168,1463.5,1474.75,1460.199951171875,1469.5999755859375,1430.4937744140625,3125838
2023-09-11,0.9223814681172371,1469.5999755859375,1478.050048828125,1464.5,1476.449951171875,1437.1614990234375,4182226
2023-09-12,0.6839110286257762,1482.5,1504.0,1477.0999755859375,1501.0999755859375,1461.1553955078125,6793161
2023-09-13,-0.12235474752055274,1505.0,1505.0,1488.6500244140625,1498.3499755859375,1458.4786376953125,4804686
2023-09-14,-0.97464778739959,1505.0,1512.550048828125,1499.1500244140625,1506.949951171875,1466.849853515625,6444213
2023-09-15,-0.17145955737214535,1518.0,1518.4000244140625,1509.0,1511.5999755859375,1471.3760986328125,8657816
2023-09-18,-0.00557679457415361,1504.9000244140625,1504.9000244140625,1488.0,1491.800048828125,1452.10302734375,3991916
2023-09-20,0.775078146730084,1476.199951171875,1495.0999755859375,1476.199951171875,1490.25,1450.59423828125,4169337
2023-09-21,0.016197008391221363,1486.550048828125,1504.550048828125,1476.0,1501.75,1461.7882080078125,6779195
2023-09-22,0.30365848651530947,1491.9000244140625,1506.949951171875,1485.199951171875,1496.1500244140625,1456.337158203125,5455613
2023-09-25,-0.7876654787687585,1489.8499755859375,1489.8499755859375,1471.550048828125,1474.1500244140625,1434.9227294921875,4217863
2023-09-26,0.7048160817274558,1479.1500244140625,1479.9000244140625,1459.0,1460.6500244140625,1421.7818603515625,3996528
2023-09-27,0.5920577980577946,1456.0,1469.5999755859375,1450.050048828125,1467.0,1427.962890625,3863586
2023-09-28,-0.6287045695856002,1467.9000244140625,1472.5999755859375,1435.0,1439.449951171875,1401.1458740234375,5814602
2023-09-29,0.07796257548034191,1432.0999755859375,1446.800048828125,1416.0,1435.449951171875,1397.2523193359375,6068968
2023-10-03,0.12687755236402154,1436.050048828125,1437.0,1420.300048828125,1434.0,1395.841064453125,4181867
2023-10-04,-0.5563095772056841,1425.0,1449.949951171875,1418.199951171875,1444.3499755859375,1405.9156494140625,4510406
2023-10-05,-0.20953962030970225,1452.0,1475.6500244140625,1450.199951171875,1463.449951171875,1424.50732421875,7384621
2023-10-06,0.3492055563505606,1469.5,1484.5,1463.300048828125,1478.699951171875,1439.3514404296875,3598672
2023-10-10,-0.9922057854710147,1483.9000244140625,1497.0,1469.0999755859375,1495.1500244140625,1455.36376953125,5688951
2023-10-11,0.005629468476399779,1497.0,1518.25,1481.449951171875,1494.4000244140625,1454.6337890625,7220129
2023-10-12,-0.36314432669314556,1491.9000244140625,1504.4000244140625,1452.0,1465.5,1426.5028076171875,11081662
2023-10-13,-0.6254367190565023,1405.0,1438.0,1400.0,1431.1500244140625,1393.06689453125,17973439
2023-10-16,0.2488149114016613,1432.0999755859375,1443.5999755859375,1430.0,1434.1500244140625,1395.987060546875,4850745
2023-10-17,-0.6346954948385246,1440.25,1453.3499755859375,1438.050048828125,1442.449951171875,1404.066162109375,3923764
2023-10-18,0.9945035335258581,1442.0,1454.0,1438.3499755859375,1440.550048828125,1402.216796875,4264837
2023-10-19,-0.48672182121663354,1426.0999755859375,1439.6500244140625,1426.0999755859375,1433.6500244140625,1395.5003662109375,6795691
2023-10-20,-0.001667724151047878,1430.0,1438.5,1425.25,1427.25,1389.270751953125,3928622
2023-10-23,0.3167136949681056,1425.5999755859375,1432.3499755859375,1405.25,1408.6500244140625,1371.1656494140625,2636516
2023-10-25,0.21019312304755053,1399.0,1402.550048828125,1361.300048828125,1370.050048828125,1350.854248046875,6940777
2023-10-26,0.496364314519451,1355.050048828125,1374.0,1353.0999755859375,1359.449951171875,1340.4027099609375,6357656
2023-10-27,-0.21561893725884146,1363.6500244140625,1385.0,1363.6500244140625,1380.3499755859375,1361.0098876953125,4634358
2023-10-30,-0.907792810461251,1380.3499755859375,1380.3499755859375,1363.0999755859375,1377.050048828125,1357.7562255859375,2667696
2023-10-31,0.3258150729040305,1379.949951171875,1381.1500244140625,1363.0,1368.4000244140625,1349.227294921875,3451595
2023-11-01,-0.7884904178314504,1373.050048828125,1377.449951171875,1351.6500244140625,1354.1500244140625,1335.177001953125,3090672
2023-11-02,-0.02668013476068154,1370.0,1376.300048828125,1361.6500244140625,1370.1500244140625,1350.9527587890625,3758060
2023-11-03,0.015283032036677469,1380.050048828125,1392.0,1377.75,1389.050048828125,1369.5880126953125,3349045
2023-11-06,-0.18502722565816448,1393.9000244140625,1407.25,1390.800048828125,1403.300048828125,1383.638427734375,2736381
2023-11-07,-0.4583668989362195,1400.0,1405.9000244140625,1394.8499755859375,1404.300048828125,1384.6243896484375,2272209
2023-11-08,-0.019675204646773636,1405.0,1405.0,1386.449951171875,1391.0,1371.5106201171875,3550635
2023-11-09,-0.1705604054829261,1395.9000244140625,1397.5,1370.050048828125,1374.800048828125,1355.5377197265625,5498051
2023-11-10,-0.6375292476266623,1369.949951171875,1373.1500244140625,1361.0,1368.8499755859375,1349.6710205078125,2943649
2023-11-13,-0.9926726339035667,1379.8499755859375,1382.449951171875,1370.8499755859375,1373.550048828125,1354.30517578125,3462092
2023-11-15,-0.17848807534513375,1399.0,1414.0,1393.0,1410.5,1390.7374267578125,8551860
2023-11-16,0.9994315086805727,1416.0999755859375,1453.4000244140625,1410.5999755859375,1444.9000244140625,1424.655517578125,6673907
2023-11-17,-0.061532409068604466,1441.050048828125,1451.0,1435.050048828125,1437.550048828125,1417.408447265625,4901251
2023-11-20,-0.9876864464022219,1442.0,1452.0,1433.6500244140625,1436.5999755859375,1416.4716796875,3584210
2023-11-21,0.3037314249280219,1442.0,1450.0,1436.75,1439.0,1418.838134765625,3793135
2023-11-22,0.08921902813017368,1436.199951171875,1458.949951171875,1436.199951171875,1457.800048828125,1437.374755859375,3108786
2023-11-23,0.9307404008383552,1467.9000244140625,1467.9000244140625,1447.699951171875,1449.25,1428.944580078125,3186928
2023-11-24,0.3181606263387948,1445.550048828125,1452.6500244140625,1433.8499755859375,1437.4000244140625,1417.2606201171875,2973195
2023-11-28,0.7655748395870129,1444.0,1445.0,1427.050048828125,1442.699951171875,1422.4862060546875,3755373
2023-11-29,0.17004842466364303,1451.0999755859375,1460.699951171875,1449.800048828125,1459.5999755859375,1439.1495361328125,3875778
2023-11-30,-0.4215339772878603,1453.25,1460.6500244140625,1449.550048828125,1455.1500244140625,1434.7618408203125,10120867
2023-12-01,-0.3757081987336278,1459.9000244140625,1459.9000244140625,1446.1500244140625,1452.300048828125,1431.9517822265625,3489187
2023-12-04,-0.16568151273878312,1460.449951171875,1471.9000244140625,1449.300048828125,1464.3499755859375,1443.8328857421875,5511948
2023-12-05,-0.3302360328141896,1465.800048828125,1466.9000244140625,1442.0,1453.949951171875,1433.57861328125,5123039
2023-12-06,-0.8919222056865692,1456.75,1477.0,1451.050048828125,1474.300048828125,1453.6435546875,5269178
2023-12-08,-0.9861891560722142,1470.4000244140625,1494.699951171875,1466.25,1491.1500244140625,1470.2574462890625,6323433
2023-12-11,-0.8770217042881996,1490.0,1498.0,1482.0,1488.5,1467.64453125,3862018
2023-12-12,-0.6617929255764465,1477.5,1490.0,1467.6500244140625,1476.050048828125,1455.3690185546875,6103494
2023-12-13,-0.16025192820880976,1476.0,1476.050048828125,1433.1500244140625,1449.0,1428.697998046875,8549258
2023-12-14,0.7350980129135265,1463.4000244140625,1511.0,1461.3499755859375,1501.449951171875,1480.4130859375,12489858
2023-12-15,-0.5413257690612227,1523.050048828125,1588.550048828125,1521.0,1578.4000244140625,1556.2850341796875,18395389
2023-12-18,-0.3741326297749765,1567.949951171875,1593.0,1560.300048828125,1564.3499755859375,1542.431884765625,6467243
2023-12-19,-0.43364162939704126,1570.0999755859375,1573.949951171875,1543.25,1558.300048828125,1536.4666748046875,4221721
2023-12-20,-0.3976500587130431,1565.050048828125,1583.5,1530.0,1536.4000244140625,1514.87353515625,6592367
2023-12-21,-0.04684746948381265,1521.25,1546.6500244140625,1521.25,1536.0,1514.47900390625,5319038
2023-12-22,-0.23890964863433814,1534.949951171875,1566.0,1523.0,1562.9000244140625,1541.002197265625,6741060
2023-12-26,-0.6059303158777766,1535.0,1548.0,1523.0,1543.949951171875,1522.317626953125,6878067
2023-12-27,-0.7261926241002844,1544.0,1570.0,1544.0,1567.0999755859375,1545.143310546875,4225849
2023-12-28,-0.5980447143316269,1568.949951171875,1568.949951171875,1555.0,1562.6500244140625,1540.7557373046875,5702253
2023-12-29,-0.4569034518150147,1541.050048828125,1559.449951171875,1540.0,1542.9000244140625,1521.282470703125,4388990
2024-01-01,-3.4059048630297184e-05,1539.0,1557.0,1535.25,1551.3499755859375,1529.614013671875,2808451
2024-01-02,-0.921730037778616,1546.0,1549.1500244140625,1523.0,1534.4000244140625,1512.9014892578125,5396313
2024-01-03,-0.04068427274857337,1519.949951171875,1519.949951171875,1488.0,1490.0,1469.12353515625,7550363
2024-01-04,-0.012072365498170257,1504.949951171875,1519.75,1492.9000244140625,1512.699951171875,1491.5054931640625,7056038
2024-01-05,-0.26572231494355947,1506.75,1539.699951171875,1506.25,1532.550048828125,1511.077392578125,8895403
2024-01-08,0.5821594372391701,1528.949951171875,1536.0,1513.25,1522.800048828125,1501.464111328125,4440136
2024-01-09,0.9914007470943034,1541.9000244140625,1553.0,1525.8499755859375,1529.300048828125,1507.873046875,4412074
2024-01-10,-0.9302589676420515,1524.949951171875,1535.449951171875,1505.0,1519.9000244140625,1498.6046142578125,4096845
2024-01-11,-0.5016046049064383,1524.9000244140625,1525.0,1486.5999755859375,1494.199951171875,1473.2646484375,11296088
2024-01-12,0.027691628817753073,1562.0,1618.0,1555.4000244140625,1612.75,1590.1536865234375,26754401
2024-01-15,-0.06907753041014075,1644.949951171875,1664.949951171875,1636.0,1652.0999755859375,1628.952392578125,13228305
2024-01-16,-0.920120985712856,1644.800048828125,1648.5,1625.0,1631.550048828125,1608.6903076171875,6500917
2024-01-17,-0.3545226092275698,1620.25,1647.5,1620.25,1640.199951171875,1617.2191162109375,9209876
2024-01-18,0.3387186830320085,1642.6500244140625,1649.0,1628.25,1642.5999755859375,1619.58544921875,6375464
2024-01-19,-0.038043145439587533,1651.5999755859375,1665.5,1644.1500244140625,1659.199951171875,1635.952880859375,4522736
2024-01-23,0.29916176083497703,1650.0999755859375,1674.699951171875,1637.699951171875,1642.1500244140625,1619.141845703125,9401255
2024-01-24,0.4536537414242048,1659.9000244140625,1680.0,1645.0,1675.4000244140625,1651.9259033203125,8999681
2024-01-25,-0.9472760374192148,1672.949951171875,1680.550048828125,1658.0,1669.0999755859375,1645.7142333984375,8865304
2024-01-29,-0.9709916148567572,1665.1500244140625,1679.3499755859375,1647.5999755859375,1656.5999755859375,1633.3892822265625,4253785
2024-01-30,-0.9914185385374973,1662.449951171875,1690.0,1648.25,1651.449951171875,1628.3114013671875,4995943
2024-01-31,-0.2705012591322884,1648.25,1667.25,1638.0999755859375,1660.9000244140625,1637.629150390625,6763779
2024-02-01,0.6576998085324054,1659.550048828125,1677.0,1650.3499755859375,1657.050048828125,1633.8331298828125,5760011
2024-02-02,0.4075367520192892,1666.050048828125,1718.5,1665.0,1693.3499755859375,1669.6243896484375,7858483
2024-02-05,-0.33582062961068004,1694.75,1700.75,1681.8499755859375,1687.199951171875,1663.560546875,3634135
2024-02-06,0.03745574212267196,1686.75,1733.0,1673.949951171875,1729.449951171875,1705.2186279296875,7694265
2024-02-07,-0.9889763942822659,1729.0,1729.0,1686.8499755859375,1693.75,1670.018798828125,4613877
2024-02-08,0.04439028622194504,1698.0,1706.3499755859375,1682.800048828125,1692.0999755859375,1668.3919677734375,5919715
2024-02-09,-0.6516212712158449,1684.699951171875,1692.9000244140625,1659.800048828125,1669.3499755859375,1645.960693359375,4600004
2024-02-12,-0.19763475983636453,1670.3499755859375,1692.949951171875,1670.3499755859375,1680.0999755859375,1656.56005859375,3555808
2024-02-13,-0.01093165745260194,1683.0,1689.0999755859375,1663.5,1684.550048828125,1660.94775390625,2696481
2024-02-14,-0.9793579873202058,1660.199951171875,1669.449951171875,1635.5,1666.199951171875,1642.854736328125,3768579
2024-02-15,-0.13443848176393658,1677.0,1687.75,1661.5999755859375,1676.3499755859375,1652.862548828125,4834391
2024-02-16,-0.355155700740094,1689.0,1709.0,1687.949951171875,1701.6500244140625,1677.80810546875,4880654
2024-02-19,-0.2557584702735767,1705.0,1711.5,1687.699951171875,1699.75,1675.934814453125,3690993
2024-02-20,-0.5547248891525669,1685.0,1694.25,1668.75,1685.25,1661.637939453125,3706389
2024-02-21,0.19027613792180395,1674.0,1674.0,1645.300048828125,1655.550048828125,1632.3541259765625,4300508
2024-02-22,0.06730224267812446,1665.0,1684.5999755859375,1644.4000244140625,1681.3499755859375,1657.79248046875,5841277
2024-02-23,0.16231094036872187,1697.0,1698.449951171875,1671.9000244140625,1676.8499755859375,1653.3555908203125,5373072
2024-02-26,-0.3388263155259968,1674.949951171875,1674.949951171875,1645.0,1660.1500244140625,1636.8896484375,2782438
2024-02-27,0.34180333484740305,1661.0,1671.0999755859375,1652.800048828125,1663.5999755859375,1640.291259765625,5159088
2024-02-28,-0.26255301068886183,1670.0,1687.800048828125,1662.050048828125,1671.25,1647.8341064453125,3188916
2024-02-29,-0.3311677897748138,1665.0,1682.25,1653.300048828125,1673.9000244140625,1650.447021484375,7814722
2024-03-01,0.9979138633352704,1669.0,1671.949951171875,1651.0,1654.699951171875,1631.515869140625,6387291
2024-03-04,0.36990754525565234,1657.8499755859375,1664.449951171875,1633.6500244140625,1637.199951171875,1614.2611083984375,4445156
2024-03-05,-0.05533842834120151,1634.0,1637.3499755859375,1602.0,1606.5,1583.9913330078125,4596579
2024-03-06,-0.3379867947999931,1602.800048828125,1620.1500244140625,1576.0,1617.550048828125,1594.886474609375,6420684
2024-03-07,-0.3442504161891217,1616.5999755859375,1628.449951171875,1604.199951171875,1616.449951171875,1593.8018798828125,6348359
2024-03-12,-0.2889098259426343,1600.0,1625.0,1597.6500244140625,1612.949951171875,1590.350830078125,4614222
2024-03-13,0.32301737523327273,1612.9000244140625,1624.5,1598.550048828125,1611.4000244140625,1588.8226318359375,5688997
2024-03-14,0.9800035374355502,1614.4000244140625,1657.75,1608.0,1653.300048828125,1630.1356201171875,8803799
2024-03-15,0.005400618421845138,1641.0999755859375,1645.800048828125,1618.3499755859375,1634.0,1611.10595703125,11809997
2024-03-18,0.19993046740736728,1630.0,1632.6500244140625,1598.8499755859375,1602.6500244140625,1580.1953125,4958904
2024-03-19,-0.11181497315992601,1592.3499755859375,1599.0,1558.0,1561.449951171875,1539.5723876953125,6870411
2024-03-20,-0.12346591035020538,1563.0,1574.949951171875,1552.3499755859375,1554.949951171875,1533.1634521484375,4759059
2024-03-22,-0.8071517229810442,1521.0,1528.9000244140625,1498.199951171875,1508.8499755859375,1487.70947265625,14673890
2024-03-26,-0.11323852464556694,1492.0,1507.449951171875,1487.9000244140625,1492.6500244140625,1471.7364501953125,8351081
2024-03-27,0.9286024810280651,1496.0,1499.0,1481.550048828125,1483.8499755859375,1463.0596923828125,6857402
2024-03-28,-0.9852677604649216,1487.1500244140625,1511.800048828125,1487.1500244140625,1498.050048828125,1477.060791015625,12499530
2024-04-01,-0.6520532594993711,1525.0,1529.949951171875,1492.800048828125,1495.449951171875,1474.4971923828125,6580002
2024-04-02,-0.9599065007641912,1484.8499755859375,1493.1500244140625,1480.8499755859375,1482.8499755859375,1462.07373046875,7279400
2024-04-03,0.2360916237036387,1479.0,1495.0999755859375,1475.0,1480.6500244140625,1459.904541015625,8736248
2024-04-04,-0.5724148090230301,1490.550048828125,1495.6500244140625,1468.0,1486.699951171875,1465.8697509765625,11186915
2024-04-05,0.25643184160192806,1480.050048828125,1486.699951171875,1476.050048828125,1479.0999755859375,1458.376220703125,5072482
2024-04-08,0.17319637855204442,1483.0,1490.949951171875,1474.0999755859375,1476.699951171875,1456.0098876953125,6610887
2024-04-09,0.2212787227035733,1490.0,1513.800048828125,1487.300048828125,1494.8499755859375,1473.9056396484375,9423230
2024-04-10,0.5292686190352671,1500.3499755859375,1509.8499755859375,1484.550048828125,1506.800048828125,1485.688232421875,6744595
2024-04-12,-0.6528530420231012,1504.0,1506.800048828125,1479.5,1484.75,1463.9471435546875,12275616
2024-04-15,-0.9932230007834733,1480.0,1491.949951171875,1461.050048828125,1468.1500244140625,1447.5797119140625,8531224
2024-04-16,-0.1608817037951667,1451.0,1455.1500244140625,1413.050048828125,1414.449951171875,1394.632080078125,16173541
2024-04-18,-0.32579981482205245,1421.0999755859375,1444.699951171875,1407.5,1419.25,1399.3648681640625,22107945
2024-04-19,-0.572213275366812,1385.0,1426.8499755859375,1378.75,1411.25,1391.4769287109375,20603621
2024-04-22,0.1939268580172211,1419.9000244140625,1436.8499755859375,1413.050048828125,1432.75,1412.6756591796875,5859087
2024-04-23,-0.9924631040388098,1443.0,1446.8499755859375,1433.0,1442.4000244140625,1422.1905517578125,4856174
2024-04-24,0.19955866532400252,1444.300048828125,1444.300048828125,1427.050048828125,1430.75,1410.7037353515625,4268213
2024-04-25,0.20933422935195267,1420.0,1444.9000244140625,1420.0,1438.449951171875,1418.2957763671875,9089398
2024-04-26,0.595558684587013,1439.699951171875,1445.4000244140625,1427.0,1430.25,1410.210693359375,8062444
2024-04-29,0.31881649636973936,1429.949951171875,1439.800048828125,1428.25,1434.75,1414.647705078125,5055957
2024-04-30,0.9983041043160483,1434.699951171875,1436.550048828125,1417.550048828125,1420.550048828125,1400.646728515625,6936588
2024-05-02,0.1718218713067472,1413.0,1424.0,1411.8499755859375,1414.449951171875,1394.632080078125,10076354
2024-05-03,0.9504540862399153,1422.0999755859375,1424.800048828125,1403.199951171875,1416.300048828125,1396.4561767578125,8842345
2024-05-06,-0.8832914223894477,1420.0,1445.699951171875,1417.0999755859375,1425.9000244140625,1405.9217529296875,6445422
2024-05-07,0.3373066375368378,1424.949951171875,1443.3499755859375,1415.5999755859375,1440.949951171875,1420.7607421875,6080661
2024-05-08,0.2432432477362454,1435.25,1439.75,1425.5999755859375,1427.300048828125,1407.3021240234375,6234983
2024-05-09,0.9222033502883278,1427.550048828125,1449.949951171875,1424.8499755859375,1439.550048828125,1419.3804931640625,6088406
2024-05-10,0.8090202342020347,1435.050048828125,1435.949951171875,1413.0,1424.9000244140625,1404.9356689453125,8777481
2024-05-13,-0.9819619066547602,1425.0,1425.0,1411.199951171875,1423.449951171875,1403.5059814453125,3735954
2024-05-14,0.2947416466971238,1426.4000244140625,1433.75,1418.050048828125,1424.699951171875,1404.7384033203125,3463230
2024-05-15,-0.22178170305172293,1426.0,1431.800048828125,1418.550048828125,1419.949951171875,1400.0550537109375,4327544
2024-05-16,0.21553832443605642,1433.949951171875,1455.75,1427.0,1453.3499755859375,1432.987060546875,9249145
2024-05-17,-0.013521628401940688,1457.0,1457.0,1439.25,1444.300048828125,1424.06396484375,7542860
2024-05-21,-0.716889166762121,1430.0,1444.699951171875,1428.4000244140625,1434.1500244140625,1414.05615234375,6752663
2024-05-22,0.11303205788135529,1428.75,1459.949951171875,1428.0,1454.800048828125,1434.416748046875,7173285
2024-05-23,-0.004415654475451447,1454.699951171875,1478.1500244140625,1450.0,1472.4000244140625,1451.7701416015625,8641428
2024-05-24,-0.2035165167762898,1468.25,1475.5,1460.0,1465.0999755859375,1444.5723876953125,5277938
2024-05-27,-0.45786599669372663,1471.8499755859375,1479.5999755859375,1460.25,1471.3499755859375,1450.73486328125,5821844
2024-05-28,0.24790409662259313,1475.5,1476.0,1460.300048828125,1467.050048828125,1446.4951171875,6186922
2024-05-29,0.9733181783230975,1465.4000244140625,1465.5,1450.0,1450.949951171875,1430.62060546875,7401634
2024-05-30,0.21092285452565798,1442.800048828125,1449.8499755859375,1421.550048828125,1427.449951171875,1407.449951171875,9663150
2024-05-31,0.06031895749620162,1409.800048828125,1436.75,1400.0,1406.9000244140625,1406.9000244140625,37113815
2024-06-03,-0.6432400591380428,1440.0,1440.0,1404.0,1405.9000244140625,1405.9000244140625,10589244
2024-06-04,0.03715558034794716,1409.0,1415.0,1358.3499755859375,1393.6500244140625,1393.6500244140625,13736134
2024-06-05,-0.7214845498092473,1400.1500244140625,1438.0,1400.1500244140625,1430.0999755859375,1430.0999755859375,9233424
2024-06-06,0.9985296156955883,1444.949951171875,1474.300048828125,1437.5,1472.25,1472.25,12660930
2024-06-07,-0.19023481088224797,1481.0,1539.699951171875,1477.25,1533.5999755859375,1533.5999755859375,24075302
2024-06-10,0.3355540103511885,1525.300048828125,1529.800048828125,1497.300048828125,1499.75,1499.75,6810606
2024-06-11,-0.6241261115452895,1500.050048828125,1506.449951171875,1493.949951171875,1495.75,1495.75,4853054
2024-06-12,0.8532511516423256,1507.0,1508.75,1482.75,1485.199951171875,1485.199951171875,9564320
2024-06-13,0.549004949114169,1495.0,1505.0,1489.3499755859375,1493.949951171875,1493.949951171875,7307565
2024-06-14,0.7557868119329214,1503.699951171875,1503.699951171875,1486.050048828125,1488.9000244140625,1488.9000244140625,4237727
2024-06-18,0.10195224221948032,1497.0,1507.0,1495.4000244140625,1498.199951171875,1498.199951171875,5420939
2024-06-19,0.5037979342159815,1505.0,1515.6500244140625,1496.699951171875,1511.3499755859375,1511.3499755859375,5493456
2024-06-20,-0.9768701368011534,1516.300048828125,1517.5,1499.0999755859375,1515.4000244140625,1515.4000244140625,7927010
2024-06-21,0.08199160479541336,1545.0,1557.75,1523.699951171875,1532.699951171875,1532.699951171875,17301941
2024-06-24,0.13143709988798946,1524.550048828125,1529.0999755859375,1515.4000244140625,1527.1500244140625,1527.1500244140625,5564989
2024-06-25,0.4555170445528347,1526.0,1543.9000244140625,1520.3499755859375,1541.949951171875,1541.949951171875,4551525
2024-06-26,-0.6658009493015319,1541.0,1548.8499755859375,1535.0,1540.699951171875,1540.699951171875,4851004
2024-06-27,-0.6592421917517449,1538.449951171875,1578.4000244140625,1532.050048828125,1573.3499755859375,1573.3499755859375,14757754
2024-06-28,0.33490265905857086,1572.550048828125,1588.5,1564.25,1566.75,1566.75,8197544
2024-07-01,-0.21161634884774685,1559.5,1599.9000244140625,1559.5,1590.800048828125,1590.800048828125,6801771
2024-07-02,-0.012719677140315374,1596.199951171875,1633.800048828125,1586.5,1621.050048828125,1621.050048828125,10493173
2024-07-03,0.07628059745977887,1625.0,1636.0,1606.0,1627.4000244140625,1627.4000244140625,7269965
2024-07-04,0.07653451105579734,1628.199951171875,1660.0,1628.0,1650.6500244140625,1650.6500244140625,8008311
2024-07-05,0.475370854139328,1651.449951171875,1665.8499755859375,1633.3499755859375,1647.449951171875,1647.449951171875,7065022
2024-07-08,0.012777897529304028,1643.0999755859375,1666.0,1640.0,1661.6500244140625,1661.6500244140625,5880533
2024-07-09,0.18906028121709822,1659.9000244140625,1666.75,1651.0,1657.1500244140625,1657.1500244140625,5191182
2024-07-10,-0.2639064787654206,1657.0,1674.0,1637.550048828125,1648.25,1648.25,9852770
2024-07-11,-0.9373079277575016,1656.0,1665.0,1642.050048828125,1652.699951171875,1652.699951171875,8857679
2024-07-12,-0.5034750893319142,1680.0,1719.75,1666.6500244140625,1711.75,1711.75,17078316
2024-07-15,-0.7421036430401727,1726.199951171875,1728.0,1702.6500244140625,1707.050048828125,1707.050048828125,6942230
2024-07-16,-0.577718269196339,1718.5999755859375,1737.9000244140625,1700.0,1726.050048828125,1726.050048828125,6886281
2024-07-18,0.15719921855179564,1719.0,1765.4000244140625,1719.0,1758.050048828125,1758.050048828125,11248896
2024-07-19,-0.3275958074256778,1844.0,1844.0,1786.449951171875,1792.949951171875,1792.949951171875,29819116
2024-07-22,-0.9186781388707459,1800.1500244140625,1823.0,1792.949951171875,1810.8499755859373,1810.8499755859373,8462126
2024-07-23,0.9153884573606774,1810.0,1839.949951171875,1783.25,1836.9000244140625,1836.9000244140625,7113056
2024-07-24,0.30377230048179626,1837.5,1842.3499755859373,1819.5999755859373,1833.949951171875,1833.949951171875,6002845
2024-07-26,-0.3413717724615708,1825.3499755859373,1883.0,1825.3499755859373,1878.9000244140625,1878.9000244140625,11369047
2024-07-29,-0.5166859701275826,1893.5999755859373,1903.0,1864.0,1871.0999755859373,1871.0999755859373,4635931
2024-07-30,0.987024161266163,1871.0999755859373,1879.949951171875,1860.0,1877.1500244140625,1877.1500244140625,2721265
2024-07-31,-0.5650049194227904,1877.0,1885.1500244140625,1865.050048828125,1868.25,1868.25,5004209
2024-08-01,-0.8128930173609304,1856.0999755859373,1867.9000244140625,1845.0999755859373,1852.5999755859373,1852.5999755859373,7475014
2024-08-02,-0.7093367434882869,1843.0,1859.5,1816.1500244140625,1821.199951171875,1821.199951171875,7400938
2024-08-05,0.2757789095242818,1784.949951171875,1797.5,1718.550048828125,1751.9000244140625,1751.9000244140625,10736703
2024-08-06,-0.9540763758413959,1760.199951171875,1796.949951171875,1744.8499755859375,1751.0999755859375,1751.0999755859375,7690163
2024-08-08,-0.9464584346860647,1779.949951171875,1779.949951171875,1727.0999755859375,1743.1500244140625,1743.1500244140625,6227910
2024-08-09,0.11880778018385171,1771.25,1780.75,1756.0,1770.75,1770.75,4258524
2024-08-12,0.007678586785914376,1773.050048828125,1803.5,1768.0999755859375,1797.4000244140625,1797.4000244140625,4315329
2024-08-13,-0.08862706954823807,1810.0,1810.0,1789.050048828125,1797.449951171875,1797.449951171875,4176918
2024-08-14,-0.04395354715234134,1802.0,1825.0,1797.449951171875,1823.25,1823.25,7450718
2024-08-16,0.01825783384265378,1850.0,1861.8499755859373,1829.5,1858.949951171875,1858.949951171875,7335657
2024-08-19,-0.4716090681613423,1860.0,1867.550048828125,1849.199951171875,1864.800048828125,1864.800048828125,2585989
2024-08-20,-0.34904005642359454,1880.0,1885.699951171875,1868.199951171875,1872.199951171875,1872.199951171875,3870333
2024-08-21,-0.33473195624537766,1875.0999755859373,1879.0,1867.0999755859373,1872.699951171875,1872.699951171875,1966902
2024-08-22,-0.6969538125675172,1884.0,1893.6500244140625,1869.699951171875,1880.25,1880.25,4300287
2024-08-23,-0.9883251266760958,1878.199951171875,1882.5999755859373,1857.0,1862.0999755859373,1862.0999755859373,5015935
2024-08-26,0.4291599949428928,1870.0,1888.75,1864.0,1876.1500244140625,1876.1500244140625,3728589
2024-08-27,-0.3220867905959797,1876.1500244140625,1902.75,1873.9000244140625,1900.0999755859373,1900.0999755859373,3830679
2024-08-28,-0.23052469867333356,1906.9000244140625,1951.0,1897.4000244140625,1939.0999755859373,1939.0999755859373,6514531
2024-08-29,0.7062045240641704,1933.0,1950.5,1920.9000244140625,1933.3499755859373,1933.3499755859373,7228284
2024-08-30,0.8938606053125113,1938.0,1950.0,1928.0,1943.699951171875,1943.699951171875,13466759
2024-09-02,-0.15214970806846395,1943.3499755859373,1975.75,1942.800048828125,1964.5,1964.5,5573739
2024-09-03,-0.4609973198384978,1967.0,1967.0,1936.449951171875,1941.25,1941.25,4694322
2024-09-04,-0.6481159450874353,1921.0999755859373,1927.199951171875,1900.050048828125,1922.449951171875,1922.449951171875,4778310
2024-09-05,-0.4174877382548792,1926.25,1940.0,1909.5999755859373,1933.1500244140625,1933.1500244140625,4081810
2024-09-06,-0.3306155191639846,1922.0,1936.5,1896.8499755859373,1901.8499755859373,1901.8499755859373,5848106
2024-09-09,-0.9755466831848025,1890.0,1920.8499755859373,1889.0,1894.6500244140625,1894.6500244140625,4772612
2024-09-10,0.11153683268275927,1904.9000244140625,1935.0,1896.0,1912.300048828125,1912.300048828125,6909600
2024-09-11,0.035618151939706875,1914.699951171875,1926.0,1905.0,1910.1500244140625,1910.1500244140625,5312946
2024-09-12,-0.43032832094468176,1925.0,1956.4000244140625,1910.800048828125,1950.449951171875,1950.449951171875,8555092
2024-09-13,0.9929335323977284,1950.449951171875,1958.5999755859373,1935.6500244140625,1944.0999755859373,1944.0999755859373,3843127
2024-09-16,0.09554512119696786,1945.75,1952.0,1933.050048828125,1950.25,1950.25,1570181
2024-09-17,0.05483463784912601,1947.75,1958.449951171875,1942.1500244140625,1952.550048828125,1952.550048828125,2793127
2024-09-18,-0.35196485663376126,1938.75,1938.75,1881.300048828125,1892.1500244140625,1892.1500244140625,6385468
2024-09-19,-0.039607281368392123,1910.5999755859373,1924.9000244140625,1878.800048828125,1894.199951171875,1894.199951171875,7976570
2024-09-20,0.6620685433711818,1905.0,1915.0,1867.4000244140625,1905.75,1905.75,15242974
2024-09-23,-0.988364384509623,1909.0,1918.9000244140625,1878.449951171875,1896.449951171875,1896.449951171875,3636672
2024-09-24,0.9975082600722089,1888.0,1910.9000244140625,1871.4000244140625,1898.5999755859373,1898.5999755859373,7277616
2024-09-25,0.35834128696504713,1886.3499755859373,1901.5999755859373,1876.800048828125,1895.300048828125,1895.300048828125,4268341
2024-09-26,0.41021646235603837,1897.800048828125,1917.949951171875,1893.0,1900.25,1900.25,8952803
2024-09-27,-0.06684346490406565,1932.0999755859373,1974.5999755859373,1903.300048828125,1906.75,1906.75,14908931
2024-09-30,0.45416706008836627,1880.0,1901.25,1870.5,1875.5999755859373,1875.5999755859373,6986955
2024-10-01,-0.45439452129150076,1875.0,1908.949951171875,1875.0,1904.3499755859373,1904.3499755859373,4029072
2024-10-03,-0.48521288923802786,1889.5,1911.8499755859373,1881.0,1893.4000244140625,1893.4000244140625,7503887
2024-10-04,-0.1225414208136499,1889.550048828125,1954.0999755859373,1886.0,1918.1500244140625,1918.1500244140625,10001483
2024-10-07,-0.06691919367100733,1923.199951171875,1942.0,1916.050048828125,1934.300048828125,1934.300048828125,6112575
2024-10-08,-0.3673472906812094,1937.9000244140625,1957.949951171875,1906.3499755859373,1948.550048828125,1948.550048828125,5637391
2024-10-09,0.9551660822887372,1952.550048828125,1977.0,1945.0999755859373,1952.75,1952.75,4857163
2024-10-10,0.2871745757868103,1957.9000244140625,1964.0,1914.0999755859373,1919.0,1919.0,4782119
2024-10-11,-0.6328297096421011,1918.0,1947.0,1910.0999755859373,1935.0999755859373,1935.0999755859373,4709431
2024-10-14,-0.060802545383921824,1932.1500244140625,1969.5,1931.0999755859373,1958.9000244140625,1958.9000244140625,3751378
2024-10-15,0.029230803176081583,1960.0,1991.449951171875,1951.75,1959.300048828125,1959.300048828125,5353705
2024-10-16,-0.4848699946378474,1955.0,1959.550048828125,1916.3499755859373,1920.0999755859373,1920.0999755859373,3111512
2024-10-17,-0.26441991204693394,1935.199951171875,1978.0,1930.1500244140625,1968.0999755859373,1968.0999755859373,8162822
2024-10-18,-0.5749450357946514,1893.800048828125,1936.8499755859373,1869.25,1879.5999755859373,1879.5999755859373,10526196
