date,Airtel_avg_sentiment,Open,High,Low,Close,Adj Close,Volume
2021-08-02,-0.007063389843096957,555.5692138671875,559.4464111328125,549.6797485351562,554.73486328125,546.7081298828125,6372299
2021-08-03,0.4029343321661664,557.5323486328125,571.2743530273438,551.7410888671875,569.5075073242188,561.2670288085938,21680353
2021-08-04,-0.29958659534653026,564.4033203125,576.0840454101562,559.7899169921875,563.8143920898438,555.6563110351562,21816567
2021-08-05,0.5379934851080179,566.8572387695312,607.5924682617188,566.8572387695312,587.6665649414062,579.163330078125,72423461
2021-08-06,-0.7954429762554355,583.5439453125,605.5802612304688,577.654541015625,596.697021484375,588.0631103515625,29055626
2021-08-09,-0.8324157294555334,598.75830078125,601.4085693359375,586.5377807617188,588.2064208984375,579.6953125,10078649
2021-08-10,-0.6795093633367547,591.10205078125,616.4265747070312,587.3720703125,610.7334594726562,601.896484375,34514358
2021-08-11,-0.7393092052079737,610.7334594726562,617.653564453125,602.39013671875,609.4083862304688,600.5905151367188,18731287
2021-08-12,0.9979626490967348,611.5187377929688,617.3590698242188,605.6293334960938,611.6659545898438,602.8154296875,8430316
2021-08-13,-0.6478913564933464,611.6659545898438,627.0275268554688,606.7090454101562,625.309814453125,616.2619018554688,21079044
2021-08-16,-0.978243513032794,626.9784545898438,632.1317138671875,620.3528442382812,622.3651123046875,613.3597412109375,10506327
2021-08-18,0.9154955260455608,614.3652954101562,622.3160400390625,609.4083862304688,611.4696655273438,602.6220703125,7136872
2021-08-20,-0.9756125645168746,608.083251953125,621.33447265625,595.8135986328125,602.39013671875,593.6738891601562,12770173
2021-08-23,-0.20630136792412182,607.0034790039062,618.8804931640625,596.4025268554688,611.1751708984375,602.331787109375,12790616
2021-08-24,-0.5909964742488227,616.3775024414062,616.3775024414062,605.6784057617188,608.6721801757812,599.8649291992188,5885050
2021-08-25,-0.08192106001079083,610.8807373046875,610.8807373046875,599.7398681640625,601.1631469726562,592.464599609375,8127668
2021-08-26,-0.44073530692710644,598.75830078125,600.2306518554688,573.5319213867188,576.0840454101562,567.7484130859375,26316897
2021-08-27,0.016134122968651354,577.9490356445312,594.2431030273438,574.2681274414062,584.1820068359375,575.7291870117188,16444274
2021-08-30,-0.5092218546352039,585.0162963867188,613.4818725585938,579.2250366210938,609.0157470703125,600.2036743164062,40506274
2021-08-31,-0.3941086984916844,614.5125122070312,655.78759765625,613.4818725585938,651.8121948242188,642.3807983398438,60781970
2021-09-01,-0.49731430172687396,655.689453125,660.8917846679688,641.9474487304688,654.118896484375,644.6541748046875,30796359
2021-09-02,0.12884357298413912,657.603515625,661.3334350585938,651.8121948242188,654.2171020507812,644.7509155273438,18951106
2021-09-03,-0.024058919865638018,655.689453125,657.2599487304688,641.9474487304688,646.3154296875,636.9635620117188,7920313
2021-09-06,0.08324614687201877,652.15576171875,653.4808959960938,641.3585205078125,642.536376953125,633.2391357421875,10223448
2021-09-07,-0.285274765919894,645.8246459960938,667.9590454101562,636.0579833984375,658.1924438476562,648.668701171875,28185127
2021-09-09,-0.19733988121151924,655.5421752929688,675.5171508789062,654.7569580078125,673.5049438476562,663.7597045898438,19784500
2021-09-13,-0.015642992919310927,679.2471313476562,684.1549682617188,673.21044921875,680.523193359375,670.6763916015625,19704664
2021-09-14,-0.9666312277549878,682.1918334960938,686.8052368164062,676.4005737304688,681.4066162109375,671.5469970703125,11694600
2021-09-15,0.9963656746549532,684.1549682617188,721.4055786132812,683.3206787109375,712.1297607421875,701.8256225585938,56796797
2021-09-16,-0.12559483704778054,721.4547119140625,723.4178466796875,702.2158813476562,705.35693359375,695.1507568359375,45001991
2021-09-17,-0.9865028513595462,707.7127075195312,721.2092895507812,707.7127075195312,714.7308959960938,704.3890991210938,26649321
2021-09-20,-0.9642971276771277,711.6389770507812,720.1786499023438,707.0255737304688,711.5899047851562,701.2935791015625,14330899
2021-09-21,0.284789336224397,709.5776977539062,727.0986938476562,708.6942749023438,713.258544921875,702.9380493164062,14216876
2021-09-22,0.46683500551929075,713.6021118164062,718.55908203125,710.7555541992188,713.3567504882812,703.0348510742188,16348622
2021-09-23,-0.19961588950467385,719.8841552734375,726.460693359375,709.8721313476562,713.4058227539062,703.0831909179688,26497345
2021-09-24,-0.735683050006628,715.6143188476562,739.1229858398438,714.5836791992188,725.7736206054688,715.2720336914062,72175065
2021-09-27,-0.12109380737820175,731.0,731.9000244140625,718.1500244140625,722.5499877929688,712.0950317382812,11282248
2021-09-28,-0.3963372381404042,724.4000244140625,726.7999877929688,686.0,696.1500244140625,686.0770874023438,21944239
2021-09-29,-0.5119907916814554,697.0,702.0,689.1500244140625,694.0999755859375,684.056640625,16729859
2021-09-30,-0.29955045583799644,695.7999877929688,709.7999877929688,686.7999877929688,688.2999877929688,678.3406372070312,13911568
2021-10-01,-0.5424475784768054,687.3499755859375,687.3499755859375,667.6500244140625,675.9000244140625,666.1201171875,14952128
2021-10-04,-0.44672771272334183,675.0,686.2000122070312,669.7000122070312,681.4000244140625,671.54052734375,8917898
2021-10-05,0.21673105528596073,684.4000244140625,703.4500122070312,680.4000244140625,699.25,689.1322021484375,25598885
2021-10-06,-0.11598300367768388,705.75,707.9500122070312,688.2000122070312,691.4000244140625,681.3958129882812,10406502
2021-10-07,0.025766824546735734,695.75,702.2000122070312,691.2999877929688,692.5,682.4798583984375,8121590
2021-10-08,-0.5796801982320506,695.1500244140625,699.5499877929688,688.9000244140625,695.5,685.4364624023438,6297352
2021-10-11,-0.9108623638749123,693.0999755859375,696.0499877929688,685.0,690.8499755859375,680.853759765625,8792050
2021-10-12,-0.6261870115995407,691.0,698.4000244140625,684.2000122070312,686.3499755859375,676.4188232421875,8579567
2021-10-13,-0.9771834798157215,689.0,696.7999877929688,683.0999755859375,689.9000244140625,679.91748046875,7062149
2021-10-14,-0.9343748055398464,693.0,694.0,681.8499755859375,685.7999877929688,675.8767700195312,9820591
2021-10-18,-0.9013455646199873,700.0,701.9500122070312,679.6500244140625,680.5999755859375,670.7520141601562,8574445
2021-10-19,-0.010143075021915138,699.0,699.0,675.4500122070312,681.0999755859375,671.2447509765625,7328862
2021-10-20,-0.3633336259692442,683.4000244140625,713.9000244140625,681.4000244140625,708.4500122070312,698.1990966796875,21217306
2021-10-21,-0.7831959586910671,710.9500122070312,712.3499755859375,689.2000122070312,696.0499877929688,685.9784545898438,8908979
2021-10-22,-0.3039174246202622,698.5,705.2999877929688,684.25,694.5,684.450927734375,6587256
2021-10-25,-0.563226058287546,693.0,704.0,675.0,691.0999755859375,681.10009765625,9540441
2021-10-26,-0.9785306932171807,695.0,709.8499755859375,689.0,696.2000122070312,686.1263427734375,10953878
2021-10-27,-0.17649508282192983,699.4000244140625,714.6500244140625,694.0,702.3499755859375,692.1873168945312,11878571
2021-10-28,-0.6001397046173225,702.75,706.0499877929688,684.4000244140625,689.75,679.7696533203125,8884507
2021-10-29,-0.5583315860130824,692.2000122070312,701.0,677.0499877929688,685.3499755859375,675.433349609375,8602343
2021-11-01,0.01382101578443932,689.9500122070312,722.7999877929688,689.5999755859375,712.5,702.1904907226562,17121001
2021-11-02,-0.13996836899812998,712.5,723.0999755859375,709.5499877929688,713.9500122070312,703.6195068359375,7725455
2021-11-03,-0.17361732901918003,725.75,732.5,696.0,699.0999755859375,688.9843139648438,23261507
2021-11-04,-0.016532021982129663,704.0,704.7999877929688,699.2000122070312,701.0999755859375,690.9553833007812,1064714
2021-11-08,-0.771366992034018,707.4500122070312,714.9000244140625,704.0,709.0,698.7411499023438,7565546
2021-11-09,-0.26129828197632116,711.7000122070312,716.4500122070312,705.1500244140625,713.2000122070312,702.8804321289062,5278131
2021-11-10,0.8204716564602373,717.5,738.0,707.3499755859375,735.4500122070312,724.8084106445312,15180490
2021-11-11,-0.21958388574421406,735.0,738.5999755859375,724.25,728.5999755859375,718.0574951171875,7421118
2021-11-12,-0.509582536527887,733.0,745.0,725.25,743.5,732.741943359375,9207508
2021-11-15,0.4277795509745677,740.0,746.0,736.2000122070312,737.5499877929688,726.8779907226562,5454742
2021-11-16,0.13488182853907346,741.3499755859375,742.0499877929688,727.0499877929688,730.2999877929688,719.7329711914062,4639931
2021-11-17,-0.9127778839319944,724.5499877929688,732.3499755859375,716.25,720.0499877929688,709.6311645507812,8002927
2021-11-18,0.6568098820595575,720.5999755859375,723.4500122070312,708.0,714.3499755859375,704.013671875,4469597
2021-11-22,-0.8735998265434649,740.0,755.9500122070312,733.0999755859375,742.0999755859375,731.3621826171875,36884348
2021-11-23,-0.28128054879859765,745.0,761.0,735.7000122070312,758.9000244140625,747.9191284179688,18240414
2021-11-24,-0.9948935154825449,764.0,781.7999877929688,756.25,758.9000244140625,747.9191284179688,21653712
2021-11-25,0.5041331028856803,759.0499877929688,768.5,752.7999877929688,765.1500244140625,754.0787353515625,8483653
2021-11-26,-0.001987268216907978,763.0,763.0,733.0999755859375,738.75,728.0607299804688,11142921
2021-11-29,-0.9636230670148507,752.0,755.0,727.0999755859375,739.3499755859375,728.6520385742188,15885643
2021-11-30,-0.013097963761538267,740.0,750.2000122070312,722.6500244140625,728.25,717.7125854492188,14272616
2021-12-02,-0.299911721217954,723.9000244140625,735.7000122070312,714.1500244140625,732.5499877929688,721.9503173828125,11507427
2021-12-03,-0.9056244574603625,730.0,734.6500244140625,716.2999877929688,718.3499755859375,707.955810546875,11024093
2021-12-06,0.9990187013172545,718.0,721.9000244140625,693.8499755859375,697.5999755859375,687.5060424804688,8804487
2021-12-08,-0.25597414933145046,705.0,719.0,702.2999877929688,715.1500244140625,704.8021850585938,8296393
2021-12-09,0.20346462355713205,716.7999877929688,723.9500122070312,711.0,713.9500122070312,703.6195068359375,9069515
2021-12-10,-0.535992045867412,711.0,718.9000244140625,707.0,710.7000122070312,700.4165649414062,4251339
2021-12-13,-0.6240441648600002,715.0,718.4000244140625,698.3499755859375,703.0999755859375,692.9264526367188,9896899
2021-12-14,-0.10972869140096009,701.0,706.2999877929688,688.4000244140625,691.5999755859375,681.5928955078125,9275631
2021-12-15,0.47344703413546085,691.75,694.9000244140625,684.0999755859375,685.4500122070312,675.5318603515625,7674319
2021-12-16,-0.5121311414754018,689.9000244140625,689.9000244140625,677.5999755859375,681.4000244140625,671.54052734375,9633006
2021-12-17,-0.4792250340291172,681.0,685.7000122070312,661.0999755859375,666.0499877929688,656.41259765625,13850460
2021-12-20,-0.36519882744843407,659.1500244140625,661.1500244140625,645.0999755859375,658.25,648.7254028320312,11812939
2021-12-21,-0.4893753325034465,663.9500122070312,670.9000244140625,659.2000122070312,667.0,657.348876953125,8084499
2021-12-22,-0.5018880181945861,667.0,686.0,667.0,684.75,674.842041015625,8522226
2021-12-23,-0.3238984450775509,689.0,689.0,675.5,678.75,668.9288330078125,5602466
2021-12-24,-0.7668423202994745,682.0999755859375,682.8499755859375,672.6500244140625,677.0499877929688,667.2534790039062,3756020
2021-12-27,0.0005803899839520454,674.9500122070312,678.3499755859375,668.6500244140625,675.75,665.9722290039062,3658572
2021-12-28,-0.19034051548223943,679.8499755859375,683.5,675.0499877929688,680.0499877929688,670.2100219726562,3892590
2021-12-29,-0.39721938520669936,679.9500122070312,683.5,675.0,676.8499755859375,667.0563354492188,3847574
2021-12-30,-0.9718978071274856,677.5,685.7999877929688,674.2000122070312,679.3499755859375,669.5201416015625,5701612
2021-12-31,-0.38202562830701936,680.5,694.0999755859375,680.0,683.7999877929688,673.90576171875,4598628
2022-01-04,-0.855050454774755,692.25,703.25,690.4000244140625,697.4500122070312,687.3582763671875,6473875
2022-01-05,0.07783260011973862,700.9000244140625,702.75,691.75,700.0,689.8712768554688,4586105
2022-01-06,-0.14028782667758474,702.0,720.5,700.0,710.4000244140625,700.1209106445312,21642414
2022-01-07,-0.9438568091071728,713.9000244140625,715.1500244140625,701.4500122070312,704.7000122070312,694.5032958984375,4315015
2022-01-10,-0.8984544957056642,705.4000244140625,711.3499755859375,703.6500244140625,704.9500122070312,694.749755859375,3565324
2022-01-12,-0.9748584013432264,707.9500122070312,732.7000122070312,704.2000122070312,730.2000122070312,719.6343994140625,12366953
2022-01-13,-0.31337888981215656,729.0,735.6500244140625,726.1500244140625,731.7999877929688,721.211181640625,5829874
2022-01-14,-0.016839908435940742,729.9500122070312,730.9000244140625,718.4500122070312,720.5999755859375,710.1732788085938,5344096
2022-01-17,0.0006893714889883995,720.0,734.75,719.5499877929688,728.5999755859375,718.0574951171875,4340924
2022-01-18,-0.2966095805168152,727.0,730.7000122070312,712.5499877929688,714.3499755859375,704.013671875,4312058
2022-01-19,0.32489193859510124,714.0,715.0,701.7000122070312,703.7000122070312,693.5177612304688,5879490
2022-01-20,-0.3275018115527928,706.0,719.6500244140625,705.25,715.4000244140625,705.048583984375,4812496
2022-01-24,-0.8811175934970379,690.2999877929688,707.0,677.3499755859375,689.9000244140625,679.91748046875,11091633
2022-01-25,0.46040747719816866,684.0,720.4500122070312,682.1500244140625,711.8499755859375,701.5498657226562,14128764
2022-01-27,0.934972245903087,706.5,716.0,701.5,707.25,697.0164184570312,8937312
2022-01-28,-0.3679404993742412,714.9000244140625,754.0,701.6500244140625,715.7999877929688,705.4427490234375,21450677
2022-01-31,-0.07660947485516469,728.0,735.0,719.5499877929688,729.2999877929688,718.7473754882812,10745370
2022-02-01,0.2089509766548872,733.0,735.0,718.2999877929688,723.0499877929688,712.5878295898438,4814511
2022-02-02,-0.4419121975079179,726.0999755859375,731.75,720.5,725.0499877929688,714.5588989257812,3286577
2022-02-03,-0.05929558692150749,726.0,729.0,718.5,721.6500244140625,711.2081298828125,3651578
2022-02-04,-0.40110672975424677,721.0999755859375,723.25,716.5,720.2000122070312,709.7791137695312,3284198
2022-02-07,0.15422887378372252,718.0,720.0999755859375,699.5,706.5,696.27734375,6833983
2022-02-08,-0.5435247015208006,711.2000122070312,714.7000122070312,701.0,708.9000244140625,698.6426391601562,7167684
2022-02-09,0.015537796386828026,707.0999755859375,726.0999755859375,702.1500244140625,719.3499755859375,708.9413452148438,10185173
2022-02-10,-0.130463840199324,722.9500122070312,726.9500122070312,708.5999755859375,724.0499877929688,713.5733642578125,6074014
2022-02-11,-0.7734072539796426,721.7000122070312,725.4000244140625,710.9000244140625,715.1500244140625,704.8021850585938,5646980
2022-02-14,0.003146474322420545,704.0,704.0,685.0,689.7000122070312,679.7203979492188,7441445
2022-02-15,-0.051503532857168466,696.0,713.0999755859375,686.5999755859375,711.5499877929688,701.2542114257812,4650249
2022-02-16,-0.4580053561949171,717.4000244140625,728.2000122070312,708.0,721.7999877929688,711.3558959960938,5433910
2022-02-17,-0.7144695855919659,724.4500122070312,727.5,715.0,717.0,706.6253662109375,5107708
2022-02-18,-0.3337546660040971,712.0499877929688,719.5499877929688,711.3499755859375,712.5499877929688,702.23974609375,4099366
2022-02-21,-0.015956185408867896,708.0499877929688,716.5499877929688,703.0,709.9500122070312,699.6773681640625,4307430
2022-02-22,-0.4731616860808572,694.2000122070312,702.5,687.5,699.25,689.1322021484375,9148804
2022-02-23,0.9975316786440089,700.0999755859375,708.9500122070312,699.5,704.4000244140625,694.2077026367188,4124469
2022-02-24,-0.21357721959551176,682.0,688.5499877929688,645.4500122070312,670.9000244140625,661.1924438476562,14139461
2022-02-25,-0.46454499335959554,677.5,695.1500244140625,677.5,688.6500244140625,678.6856079101562,6452099
2022-02-28,-0.6461867714727608,681.0,690.0,666.4500122070312,686.5,676.5667114257812,8301523
2022-03-04,-0.6403036400830994,665.0,667.9500122070312,650.0,653.7000122070312,644.2413330078125,7094874
2022-03-07,0.44135289798396116,640.0,679.3499755859375,639.0,675.4000244140625,665.6273193359375,12615451
2022-03-08,0.17704413619358092,675.0,686.8499755859375,667.5999755859375,683.0,673.1173095703125,8462985
2022-03-09,-0.915940580268701,682.0,698.0,674.2999877929688,691.5,681.4943237304688,9896395
2022-03-10,0.3427187199769024,699.9500122070312,707.5,690.5999755859375,697.75,687.6539306640625,5989327
2022-03-11,0.49468433775473386,696.7000122070312,702.4000244140625,691.5,694.8499755859375,684.7958374023438,3353880
2022-03-14,-0.9705389856826514,688.1500244140625,704.8499755859375,688.1500244140625,700.4000244140625,690.2655639648438,4016137
2022-03-15,0.9941541944863275,699.0,709.5,695.5,703.0999755859375,692.9264526367188,6006439
2022-03-16,-0.08577030524611473,710.0,715.5,705.0,712.0,701.6976928710938,3843706
2022-03-17,-0.0065998609876260165,720.0,727.9500122070312,715.0,722.9000244140625,712.4400634765625,8168953
2022-03-22,-0.18613243203920624,708.5,721.0,705.8499755859375,719.25,708.8427734375,3000133
2022-03-23,-0.8663169431034475,719.25,719.8499755859375,703.0,704.9500122070312,694.749755859375,7974713
2022-03-24,-0.21863485312496778,698.0,708.8499755859375,697.8499755859375,706.3499755859375,696.1294555664062,3597143
2022-03-25,-0.6809878464056445,712.2999877929688,714.4500122070312,705.8499755859375,709.3499755859375,699.0860595703125,2930336
2022-03-28,-0.4647112428559922,715.25,737.0,710.0999755859375,733.0499877929688,722.443115234375,7960258
2022-03-29,-0.6021880484609441,740.4000244140625,763.0,737.0,754.9500122070312,744.0263061523438,15833573
2022-03-30,0.6713809221982956,762.75,769.9000244140625,744.5999755859375,749.5,738.6550903320312,9938988
2022-03-31,0.8153121484882342,753.0,759.0,739.7000122070312,754.9500122070312,744.0263061523438,7371181
2022-04-01,-0.49967791587114335,759.7999877929688,766.6500244140625,749.25,758.5,747.5248413085938,5920139
2022-04-04,0.7588718980550766,757.8499755859375,775.0,756.2000122070312,767.7999877929688,756.6903076171875,5783224
2022-04-05,-0.2701611511874944,767.7999877929688,773.7999877929688,761.0,766.5999755859375,755.5076293945312,3990794
2022-04-06,-0.06586296105524525,764.0,780.7000122070312,763.0,775.6500244140625,764.4267578125,7490027
2022-04-07,-0.28341055121200043,775.0,777.8499755859375,759.5499877929688,762.4000244140625,751.3684692382812,5818505
2022-04-08,-0.8032548911869526,768.3499755859375,768.3499755859375,757.5999755859375,762.0999755859375,751.07275390625,5583587
2022-04-11,-0.9885772676207125,757.0,765.2000122070312,756.0,758.0499877929688,747.0814208984375,4927865
2022-04-12,0.19465591103653423,759.9500122070312,759.9500122070312,740.0999755859375,741.6500244140625,730.9187622070312,3904026
2022-04-13,0.3216631793087193,742.0,756.5,737.9500122070312,740.6500244140625,729.9332275390625,6343030
2022-04-18,-0.004359149606898427,736.6500244140625,740.1500244140625,723.4000244140625,729.5,718.9444580078125,8950327
2022-04-19,0.3527437441807706,739.0,739.0,716.8499755859375,723.5,713.0313110351562,9957060
2022-04-20,-0.26209178439845954,730.0499877929688,744.5,723.9500122070312,739.3499755859375,728.6520385742188,6632292
2022-04-21,-0.9951915093697608,743.9000244140625,743.9000244140625,730.0,735.75,725.10400390625,6111830
2022-04-22,-0.36845257443686324,731.0,740.9000244140625,729.0,738.75,728.0607299804688,5182247
2022-04-26,0.5743190644101964,745.0,758.9000244140625,739.0999755859375,756.2999877929688,745.356689453125,4987848
2022-04-27,-0.15214316690495858,750.0,761.5499877929688,746.4000244140625,752.5,741.6116333007812,4571399
2022-04-28,-0.26474648943015683,751.0,754.2999877929688,744.5999755859375,747.3499755859375,736.5361938476562,6101866
2022-04-29,-0.6158838535193354,752.0,761.0,735.5499877929688,739.0,728.3070678710938,7219115
2022-05-02,-0.44235446040208143,734.0,742.9500122070312,730.3499755859375,741.3499755859375,730.623046875,3938533
2022-05-04,-0.9899331207658785,737.0,739.3499755859375,717.0,722.4000244140625,711.947265625,6785271
2022-05-05,-0.9652361669577658,726.0,733.0999755859375,714.25,718.9500122070312,708.5471801757812,4836692
2022-05-06,0.03234172335942276,711.25,723.9000244140625,707.75,710.25,699.9730834960938,5912312
2022-05-09,-0.7355308687547222,706.0999755859375,720.5,704.4500122070312,711.5,701.2049560546875,4819274
2022-05-10,0.9402692657080479,711.0,728.5,710.1500244140625,719.6500244140625,709.2369995117188,6746893
2022-05-11,-0.9346893951296806,719.6500244140625,735.0,716.9000244140625,722.8499755859375,712.3906860351562,6919703
2022-05-12,-0.015961117864935658,715.25,722.7999877929688,701.25,705.4000244140625,695.1932373046875,6754953
2022-05-13,-0.19744763773633167,713.0,713.0,684.75,689.9000244140625,679.91748046875,11938252
2022-05-16,-0.9813362574204803,685.8499755859375,698.0,679.6500244140625,693.2000122070312,683.1697387695312,5412233
2022-05-17,-0.11951545712848505,695.0,710.0,690.8499755859375,707.0499877929688,696.8193359375,4847812
2022-05-18,-0.4739538942340005,721.0,727.1500244140625,689.2000122070312,696.1500244140625,686.0770874023438,18992703
2022-05-19,-0.13773800427508023,685.0,693.0,667.8499755859375,674.25,664.4939575195312,7322668
2022-05-20,0.18200147189199925,688.5,691.5,683.0,687.9000244140625,677.9464721679688,5577407
2022-05-23,0.9443142419768265,681.7999877929688,693.9000244140625,679.5999755859375,685.8499755859375,675.9261474609375,3788601
2022-05-24,-0.5807621268788352,689.25,689.25,675.8499755859375,678.2000122070312,668.3868408203125,4053608
2022-05-25,-0.997212779475376,681.25,689.9000244140625,679.5499877929688,688.2000122070312,678.2420654296875,4188088
2022-05-26,-0.1300031435675919,690.0,695.5,675.9000244140625,693.6500244140625,683.61328125,5780597
2022-05-27,0.39775994553929195,697.0499877929688,700.0,676.0,684.4000244140625,674.4970703125,7131633
2022-05-30,0.21249794135136263,687.4500122070312,703.75,683.0,699.0499877929688,688.9351196289062,4675033
2022-05-31,-0.6609071874991059,697.5,706.5999755859375,692.5999755859375,700.2000122070312,690.0684204101562,44593174
2022-06-01,-0.5240668047685176,701.5499877929688,706.2000122070312,691.25,694.6500244140625,684.5987548828125,3749781
2022-06-02,-0.29408668843097985,688.9000244140625,696.9500122070312,683.0499877929688,695.9500122070312,685.8800048828125,3466993
2022-06-03,-0.7751398831605911,697.0499877929688,700.7999877929688,685.25,686.5,676.5667114257812,6673615
2022-06-06,-0.6505203482229263,682.2000122070312,689.7999877929688,676.5,682.9500122070312,673.068115234375,6407024
2022-06-08,-0.8852949445135891,682.5,687.7999877929688,660.4500122070312,663.2999877929688,653.702392578125,13904149
2022-06-09,-0.44354495156273643,660.0,679.4000244140625,655.0999755859375,676.3499755859375,666.5635375976562,6774925
2022-06-10,-0.9440557435154915,668.0,676.4500122070312,668.0,673.3499755859375,663.60693359375,3221484
2022-06-13,-0.44939446561038493,660.0999755859375,673.3499755859375,658.0,671.2999877929688,661.586669921875,5982102
2022-06-14,0.42182830575620756,669.0999755859375,689.4000244140625,669.0999755859375,682.0499877929688,672.1810913085938,8878530
2022-06-15,0.38923254974984695,681.9500122070312,685.0,673.5,682.0999755859375,672.2302856445312,6005970
2022-06-16,0.3805592100834474,683.0999755859375,683.9000244140625,650.0,654.2000122070312,644.734130859375,9525587
2022-06-17,-0.7695286576636136,656.0,661.75,638.0,643.6500244140625,634.3367309570312,11085830
2022-06-20,-0.986589381005615,644.9500122070312,647.4500122070312,634.2000122070312,640.9000244140625,631.6265258789062,3883001
2022-06-21,0.4195567034475971,642.0999755859375,658.1500244140625,640.5,654.2999877929688,644.8326416015625,3515991
2022-06-22,-0.6499342296272517,648.5999755859375,650.3499755859375,641.4500122070312,642.8499755859375,633.5482788085938,4348884
2022-06-23,-0.3399743019447972,648.1500244140625,664.5999755859375,647.75,660.2000122070312,650.6472778320312,4336533
2022-06-24,0.4768332332969294,662.0999755859375,675.7000122070312,662.0999755859375,671.2000122070312,661.4880981445312,5621332
2022-06-27,-0.6215586870578894,675.0,687.0,671.2000122070312,683.9500122070312,674.0536499023438,5284297
2022-06-28,0.7588142529129982,683.0,684.9000244140625,676.2999877929688,681.1500244140625,671.294189453125,3216376
2022-06-29,-0.5933371394872665,677.0,689.0999755859375,675.0,687.7999877929688,677.8478393554688,5011798
2022-06-30,-0.34102323697544096,689.7999877929688,691.5999755859375,679.0,684.9500122070312,675.0391845703125,6505666
2022-07-01,-0.4690602889491452,684.8499755859375,685.7999877929688,666.0,673.4500122070312,663.7054443359375,4488771
2022-07-04,0.980816759285517,670.5,685.5,666.0499877929688,681.9000244140625,672.0332641601562,4229588
2022-07-05,0.9365738915512338,683.2999877929688,689.2999877929688,680.0499877929688,684.4500122070312,674.54638671875,3494504
2022-07-06,-0.45153377298265696,684.5,694.9500122070312,684.2000122070312,693.9500122070312,683.908935546875,4697006
2022-07-07,-0.3393809658785661,692.0,696.5,685.4500122070312,686.7999877929688,676.8623046875,3485283
2022-07-08,-0.8752426840364933,688.0,696.5999755859375,686.6500244140625,695.1500244140625,685.091552734375,2732170
2022-07-11,-0.9990622913755942,675.0,681.0,658.9500122070312,660.5499877929688,650.9921264648438,18687521
2022-07-12,-0.3780632919321458,663.25,666.9000244140625,660.0,663.0,653.40673828125,7416645
2022-07-14,-0.865335666973676,650.0,652.2000122070312,628.75,641.6500244140625,632.3656616210938,11379990
2022-07-15,0.25592058583755384,648.9500122070312,657.5,643.25,651.7999877929688,642.3687744140625,5567877
2022-07-18,-0.843680907609976,657.0,670.0,649.1500244140625,663.0499877929688,653.4559936523438,8982417
2022-07-19,-0.5161227145581506,675.0,677.0,663.0999755859375,672.9000244140625,663.1635131835938,7836419
2022-07-20,-0.0767792971804738,680.0,680.0,668.2000122070312,670.6500244140625,660.946044921875,4458819
2022-07-21,-0.9832464614883065,671.5,679.9500122070312,671.2000122070312,678.3499755859375,668.5346069335938,3550107
2022-07-22,0.20827334842033451,679.7000122070312,681.9000244140625,675.2000122070312,678.8499755859375,669.0274047851562,2415220
2022-07-25,-0.7035134367179126,680.0,686.5499877929688,676.5499877929688,678.4000244140625,668.5839233398438,2913348
2022-07-26,-0.2729126021731645,682.5999755859375,685.3499755859375,670.25,684.0999755859375,674.201416015625,5016687
2022-07-27,-0.96618667896837,683.9500122070312,683.9500122070312,669.7000122070312,674.9000244140625,665.1345825195312,6237523
2022-07-28,-0.7987883732421324,678.7999877929688,679.4000244140625,664.2000122070312,666.8499755859375,657.2009887695312,7374170
2022-07-29,-0.04242489039897919,672.7999877929688,680.6500244140625,671.0,677.9500122070312,668.1404418945312,7669970
2022-08-01,-0.28426101883815136,677.9500122070312,697.7999877929688,677.0499877929688,694.4500122070312,687.4436645507812,8812526
2022-08-02,-0.4250374702853151,700.0,700.2999877929688,681.1500244140625,686.7999877929688,679.870849609375,6236599
2022-08-03,0.08485506859755046,688.0,696.8499755859375,687.0,693.1500244140625,686.1568603515625,5237250
2022-08-04,-0.27430527065492544,698.2000122070312,698.5,680.7000122070312,694.2999877929688,687.295166015625,6352142
2022-08-05,-0.37843908635633333,698.0,710.0,696.3499755859375,703.6500244140625,696.5509033203125,5811092
2022-08-08,-0.08344730097451247,707.9500122070312,709.8499755859375,699.0,704.3499755859375,697.2437744140625,5918607
2022-08-10,-0.013516376706926772,713.9000244140625,718.0,706.0,715.25,708.0338134765625,12201239
2022-08-11,0.07609416638539794,718.7999877929688,719.4000244140625,705.7000122070312,709.7999877929688,702.6387939453125,7142902
2022-08-12,0.2009219169995049,709.8499755859375,712.5,706.6500244140625,709.7000122070312,702.5398559570312,4540159
2022-08-16,0.40796914510428905,715.0,716.0,700.5,704.0999755859375,696.9962768554688,6679663
2022-08-17,-0.7840833118914262,707.0,724.6500244140625,702.2999877929688,722.9500122070312,715.6561279296875,8812954
2022-08-18,-0.16039443789961058,725.0,736.0,720.9000244140625,733.2000122070312,725.802734375,10354897
2022-08-19,-0.02954387152567506,730.2000122070312,737.5999755859375,726.0,732.2999877929688,724.9118041992188,13743828
2022-08-22,-0.10765586094930768,731.8499755859375,734.4000244140625,724.4000244140625,727.5999755859375,720.2592163085938,8118490
2022-08-23,0.9973237669328228,725.0,742.5999755859375,722.5499877929688,737.5999755859375,730.1583251953125,8229797
2022-08-24,0.975015252828598,722.8499755859375,754.2000122070312,718.0,738.75,731.2967529296875,14922081
2022-08-25,-0.4162949854352822,744.7999877929688,754.0499877929688,735.25,741.0,733.5240478515625,9849958
2022-08-26,-0.9425022287294269,741.5,741.5,728.0,730.8499755859375,723.4763793945312,5928897
2022-08-29,-0.9190973531610022,717.7000122070312,724.9000244140625,715.0999755859375,720.5999755859375,713.329833984375,5878942
2022-09-01,-0.14142745727440342,726.5,746.0,726.5,735.0499877929688,727.634033203125,11869518
2022-09-02,0.988585701212287,725.0,740.9000244140625,719.6500244140625,735.0,727.5845336914062,5693707
2022-09-05,-0.31843510797868174,735.0,741.9500122070312,733.25,740.4000244140625,732.9301147460938,3660135
2022-09-06,0.01581060071475804,740.4000244140625,765.0,740.4000244140625,761.25,753.5697021484375,10166270
2022-09-07,-0.2844946321319395,755.5,761.9000244140625,686.2000122070312,753.0999755859375,745.5018920898438,126794211
2022-09-08,-0.4679630523702751,759.0,776.0,757.0499877929688,769.7999877929688,762.033447265625,10648073
2022-09-09,0.999462279927684,773.0,774.7999877929688,762.9000244140625,765.75,758.0243530273438,4627905
2022-09-12,0.00531893725565169,767.0,771.4000244140625,764.5,769.1500244140625,761.3900146484375,2654087
2022-09-13,-0.40353798493742943,774.0,788.9000244140625,770.0,784.25,776.3377075195312,8335652
2022-09-14,0.6457249113924003,776.0,788.4000244140625,775.75,783.3499755859375,775.4467163085938,6645392
2022-09-15,-0.21426592113130027,788.0,790.6500244140625,782.0,785.0999755859375,777.1790771484375,5485310
2022-09-16,-0.33328435212994617,788.0,788.0,776.4500122070312,779.6500244140625,771.7840576171875,20211162
2022-09-19,-0.9796056672930717,773.5,786.0,772.2000122070312,782.75,774.852783203125,5760313
2022-09-20,0.6654306799173355,786.7000122070312,796.9500122070312,785.0,792.1500244140625,784.1580200195312,7936714
2022-09-21,-0.6579212288634153,792.1500244140625,797.0,779.0,780.2000122070312,772.3285522460938,9966193
2022-09-22,-0.6051883615242938,791.2000122070312,794.7999877929688,776.3499755859375,784.0999755859375,776.1891479492188,7721133
2022-09-23,-0.948990406584926,788.0,788.0,768.7000122070312,771.3499755859375,763.5678100585938,9271829
2022-09-26,0.08325029009332259,769.9500122070312,771.1500244140625,753.2000122070312,755.0499877929688,747.4322509765625,13144297
2022-09-27,-0.038334326818585396,758.8499755859375,765.0,757.2000122070312,760.5999755859375,752.92626953125,5965026
2022-09-28,-0.7492554648779333,755.5,771.0,755.0,761.4500122070312,753.7677001953125,5546932
2022-09-29,-0.1976431779563427,763.9500122070312,769.0,759.2999877929688,764.6500244140625,756.9354248046875,5413233
2022-09-30,0.5767742595101785,765.9500122070312,809.0,761.4500122070312,799.9000244140625,791.8297729492188,7469164
2022-10-03,0.040246417901168265,803.4000244140625,815.5499877929688,798.0499877929688,803.3499755859375,795.2449340820312,12619046
2022-10-04,-0.51059687268571,813.0,816.75,807.5,808.7000122070312,800.541015625,5772140
2022-10-06,-0.1672228551405068,810.5499877929688,815.8499755859375,786.6500244140625,788.5999755859375,780.6437377929688,6503205
2022-10-07,-0.93662493894808,792.0,796.7999877929688,784.7000122070312,793.0999755859375,785.098388671875,6025982
2022-10-10,-0.5925366719486191,784.9500122070312,794.7999877929688,779.7000122070312,792.3499755859375,784.35595703125,3519416
2022-10-11,-0.44574353333882755,797.5,797.5,776.0,780.2999877929688,772.4275512695312,3699862
2022-10-12,-0.44488495436962694,780.2999877929688,781.3499755859375,769.2000122070312,775.5499877929688,767.7254638671875,5984299
2022-10-13,-0.1071545985427552,775.0,779.0,767.6500244140625,768.9000244140625,761.142578125,2842056
2022-10-14,0.4392763087525964,779.9500122070312,779.9500122070312,763.0499877929688,765.9500122070312,758.2223510742188,3608210
2022-10-17,0.47432795230997726,761.0,771.0,759.8499755859375,766.0,758.2717895507812,4566333
2022-10-18,-0.9343969412147999,769.8499755859375,785.5999755859375,768.6500244140625,783.1500244140625,775.248779296875,4391263
2022-10-19,-0.4178795233456185,787.9500122070312,788.6500244140625,779.5,783.4000244140625,775.4962768554688,5219180
2022-10-20,0.015715853408134233,782.0,794.0,778.2999877929688,792.9000244140625,784.9004516601562,4756732
2022-10-21,0.9918332882225513,790.0,802.8499755859375,789.75,797.4500122070312,789.404541015625,4807736
2022-10-24,-0.001153768040239811,800.0,807.5,800.0,802.0999755859375,794.007568359375,522406
2022-10-25,-0.7597922715358436,806.1500244140625,806.3499755859375,798.7000122070312,802.2999877929688,794.20556640625,3184277
2022-10-27,-0.347921844618395,806.5,822.2000122070312,804.2000122070312,817.0999755859375,808.8562622070312,8159181
2022-10-28,0.04557079987716861,819.0,824.4000244140625,811.2999877929688,816.8499755859375,808.6087646484375,3905093
2022-10-31,0.050658011032889284,823.0,833.7999877929688,820.0,832.0,823.60595703125,5487233
2022-11-01,-0.38439200371171217,828.0,841.4500122070312,821.0499877929688,835.5499877929688,827.1201171875,10488759
2022-11-02,-0.44070707794162445,830.0,830.0,807.25,809.8499755859375,801.6793823242188,11729925
2022-11-03,0.21818734428105765,809.75,824.4000244140625,804.2000122070312,818.6500244140625,810.390625,5897840
2022-11-04,0.9932074332609773,815.7000122070312,821.7999877929688,809.2000122070312,816.4000244140625,808.163330078125,3768226
2022-11-07,0.1586261373362504,817.0,824.0499877929688,809.0,822.7000122070312,814.3997192382812,7171570
2022-11-09,-0.5029466077685356,824.2000122070312,825.5,814.4500122070312,819.0499877929688,810.7865600585938,3969171
2022-11-10,-0.6032989859980132,819.7999877929688,830.7000122070312,817.5499877929688,825.75,817.4190063476562,4425290
2022-11-14,-0.7742308070883155,818.0,830.7999877929688,817.0,821.9000244140625,813.6078491210938,10406576
2022-11-15,-0.7577609263360501,822.6500244140625,838.75,822.6500244140625,835.25,826.8231201171875,6229710
2022-11-16,0.016798322612885386,837.5,844.0499877929688,828.0499877929688,841.2000122070312,832.7130737304688,3445345
2022-11-17,0.958450250979513,841.7999877929688,849.4000244140625,838.4000244140625,846.1500244140625,837.6132202148438,4545534
2022-11-18,0.5144257522188127,849.9500122070312,851.8499755859375,831.0999755859375,837.2999877929688,828.8524780273438,7405949
2022-11-21,0.019402196194278076,837.0,852.7999877929688,835.0,851.2000122070312,842.6121826171875,5527122
2022-11-22,-0.6031216881941267,853.4000244140625,860.5499877929688,845.0999755859375,847.5999755859375,839.0485229492188,7601660
2022-11-23,0.4611113487529413,851.8499755859375,851.8499755859375,841.5999755859375,843.25,834.742431640625,4596816
2022-11-25,0.3247945764742326,852.0,860.0,841.5999755859375,846.8499755859375,838.3060913085938,2991065
2022-11-28,0.9140164027921855,840.25,852.5499877929688,836.0499877929688,837.4000244140625,828.9514770507812,3668846
2022-11-29,0.8297165464609861,839.0,844.7999877929688,835.0,835.8499755859375,827.4170532226562,2680296
2022-11-30,-0.994724853488151,834.7999877929688,852.0,832.5999755859375,848.75,840.1869506835938,6874390
2022-12-01,-0.6572937116919396,853.0,853.2000122070312,841.5999755859375,848.5999755859375,840.0383911132812,4506664
2022-12-02,0.7205726504325867,851.4000244140625,851.9500122070312,839.0999755859375,848.6500244140625,840.0879516601562,3505272
2022-12-05,0.3665733869436533,851.0,851.5999755859375,840.8499755859375,844.0999755859375,835.5838012695312,3311316
2022-12-06,0.06117722316941416,844.9000244140625,845.0,829.7000122070312,833.3499755859375,824.9423217773438,5567349
2022-12-07,-0.35733262076973915,837.5499877929688,841.5999755859375,832.0,834.0,825.5857543945312,3771882
2022-12-08,-0.08925914878232612,833.0,840.2000122070312,826.2999877929688,832.5999755859375,824.1998901367188,4822179
2022-12-09,-0.27040039328858256,830.2999877929688,836.5999755859375,823.9500122070312,834.9000244140625,826.4766845703125,4615843
2022-12-13,-0.3114571417772195,822.0,840.0,822.0,838.0499877929688,829.5948486328125,3832999
2022-12-14,-0.010912244865561234,840.6500244140625,842.0,828.1500244140625,829.2000122070312,820.8341674804688,7491333
2022-12-15,0.1913220185204409,829.0,831.0,824.3499755859375,826.3499755859375,818.0128784179688,2996482
2022-12-16,0.12461320287548006,825.0,832.7000122070312,819.9000244140625,822.75,814.4492797851562,4309644
2022-12-19,-0.08377274618788551,822.7000122070312,845.0499877929688,822.0,840.4000244140625,831.9212036132812,6397169
2022-12-20,0.3636330370661906,839.75,839.75,822.0,828.9500122070312,820.586669921875,2828863
2022-12-21,0.21735027836153417,833.0,833.0499877929688,812.3499755859375,814.0,805.7875366210938,5079337
2022-12-22,-0.22685901759299062,819.0,824.7000122070312,809.5,816.5999755859375,808.3612670898438,3626834
2022-12-23,0.4245256306603551,814.0,817.9500122070312,805.0,808.6500244140625,800.4915161132812,2804496
2022-12-27,-0.9099208349362016,815.0,819.4500122070312,805.0,814.7999877929688,806.5794067382812,1782053
2022-12-28,-0.09295045159181908,813.0,813.9000244140625,801.4500122070312,803.7999877929688,795.6904296875,2907741
2022-12-29,-0.5113726217023213,807.0499877929688,824.75,760.0999755859375,820.75,812.4694213867188,6110313
2022-12-30,-0.8232002118602395,824.7000122070312,824.7999877929688,804.9500122070312,806.0999755859375,797.9672241210938,3113243
2023-01-02,0.04864201811142266,806.25,816.2000122070312,805.5999755859375,813.5,805.2926025390625,1626846
2023-01-03,0.20302833691239358,810.3499755859375,818.7999877929688,808.5,817.5999755859375,809.3511352539062,1717603
2023-01-04,-0.4758191518485546,818.9500122070312,820.4500122070312,806.2000122070312,811.7999877929688,803.6097412109375,2970216
2023-01-05,-0.8786681431520265,825.0,825.0,803.75,807.0999755859375,798.9570922851562,5297349
2023-01-06,0.8462445143610239,807.5499877929688,812.25,792.0,796.0,787.9691772460938,3199618
2023-01-09,0.20421850476931366,802.7000122070312,821.5,801.0499877929688,819.4000244140625,811.1331176757812,4340729
2023-01-10,-0.49754240427864715,826.0999755859375,826.0999755859375,790.2999877929688,792.8499755859375,784.8508911132812,8392344
2023-01-11,-0.34169878950342536,775.0,779.6500244140625,751.6500244140625,765.5499877929688,757.8263549804688,28389020
2023-01-12,-0.7954427856020629,765.0,769.2999877929688,753.5499877929688,756.9000244140625,749.263671875,12732671
2023-01-13,-0.99628712006961,757.0,765.9500122070312,752.0,764.2999877929688,756.5889282226562,12279288
2023-01-16,0.7135452069342136,766.4000244140625,768.0999755859375,754.6500244140625,759.1500244140625,751.4909057617188,5779293
2023-01-17,0.3222662615480658,759.1500244140625,768.9000244140625,758.75,765.7000122070312,757.974853515625,6594428
2023-01-18,-0.548246214952087,768.2000122070312,780.0,766.0,776.5499877929688,768.7153930664062,5800899
2023-01-19,-0.5255871799774468,776.0,776.5,765.6500244140625,772.0,764.2113037109375,4169463
2023-01-20,0.9598457475658506,775.8499755859375,775.8499755859375,758.2999877929688,764.4500122070312,756.7374267578125,6289718
2023-01-23,-0.36653386568650603,767.9000244140625,776.0,763.8499755859375,772.7000122070312,764.9042358398438,2685320
2023-01-24,-0.5758434843470847,773.0,777.5499877929688,761.0,775.6500244140625,767.824462890625,5012125
2023-01-25,0.12879491034590712,774.9500122070312,780.5,768.0,776.5,768.6658325195312,6560514
2023-01-27,-0.09994308851116027,774.9500122070312,778.9000244140625,765.7999877929688,774.5,766.68603515625,6745926
2023-01-30,-0.9641047447609404,771.5999755859375,774.9500122070312,763.0,770.2000122070312,762.429443359375,5420851
2023-01-31,0.08068256685510278,775.0,779.0,768.4000244140625,770.2999877929688,762.5283813476562,8537557
2023-02-01,-0.699225528165698,775.9500122070312,784.6500244140625,756.5999755859375,769.0999755859375,761.3405151367188,4472974
2023-02-02,-0.15817730206375322,765.0999755859375,781.0,765.0499877929688,777.75,769.9032592773438,2841909
2023-02-03,-0.0422540289000608,779.9000244140625,794.9500122070312,778.4000244140625,792.9000244140625,784.9004516601562,5493687
2023-02-06,-0.34129926562309265,789.7000122070312,794.6500244140625,778.7999877929688,789.25,781.2872314453125,2407975
2023-02-07,-0.09595176647417247,793.9000244140625,795.8499755859375,783.0,785.9000244140625,777.9710083007812,4126502
2023-02-08,0.30527915233259967,778.0,781.0,765.0,775.0999755859375,767.2799682617188,9951783
2023-02-09,-0.42753810953581706,770.0,775.0999755859375,761.2999877929688,766.6500244140625,758.9152221679688,5913945
2023-02-10,0.9415667038410902,768.9500122070312,773.2000122070312,761.0,771.9500122070312,764.1617431640625,2954992
2023-02-13,-0.9274778440594673,771.0,779.5999755859375,766.7000122070312,768.5999755859375,760.8455200195312,3705892
2023-02-14,-0.9951558765023947,769.0,777.5999755859375,766.2000122070312,775.2000122070312,767.3790283203125,3502010
2023-02-15,0.14682403076440095,775.0,787.1500244140625,772.2000122070312,785.4000244140625,777.4761352539062,3602838
2023-02-16,0.32098352288206417,789.6500244140625,790.5,780.5999755859375,784.4500122070312,776.5357055664062,3399428
2023-02-17,0.43113298108801246,785.9500122070312,787.4500122070312,770.2999877929688,776.7999877929688,768.9628295898438,3093216
2023-02-20,0.3650165086146444,781.25,793.7999877929688,777.0999755859375,779.1500244140625,771.2891845703125,3381774
2023-02-21,0.03960010660812259,783.0499877929688,788.0,778.1500244140625,779.0499877929688,771.1901245117188,2769616
2023-02-22,0.9928151627536863,777.0,781.6500244140625,766.5,772.1500244140625,764.3597412109375,3261898
2023-02-23,0.12696327341513503,774.0,777.5,761.8499755859375,762.9500122070312,755.2526245117188,4062194
2023-02-24,-0.4392236337065697,775.7000122070312,775.7999877929688,755.0,757.0999755859375,749.4616088867188,4357223
2023-02-27,-0.08792433422175236,753.0,754.4000244140625,738.4500122070312,752.9000244140625,745.303955078125,6719439
2023-02-28,-0.38311217090813443,755.0,757.0999755859375,739.6500244140625,742.25,734.7614135742188,10562614
2023-03-01,0.4774038682808168,742.4000244140625,753.4500122070312,741.0,750.2000122070312,742.6312255859375,3744982
2023-03-02,0.34753791440743953,751.0,751.7999877929688,735.7999877929688,740.0999755859375,732.633056640625,4910541
2023-03-03,0.8937606187537313,745.0,765.9000244140625,743.5499877929688,764.4000244140625,756.68798828125,5759333
2023-03-06,0.5910494934612264,766.7000122070312,775.9000244140625,765.0999755859375,766.5999755859375,758.86572265625,4597345
2023-03-08,-0.0003366847522556782,764.0,769.9000244140625,760.7000122070312,766.5499877929688,758.8162231445312,3546995
2023-03-09,0.2875601354986429,795.0,795.0,770.2000122070312,773.4000244140625,765.59716796875,5240056
2023-03-10,0.24316791269908813,773.0,778.9500122070312,768.2000122070312,773.75,765.943603515625,4113931
2023-03-14,-0.27378024253994226,764.0,776.75,764.0,771.7999877929688,764.0133056640625,3753502
2023-03-15,-0.5403974738567032,758.0,765.5499877929688,752.5,756.6500244140625,749.0161743164062,8101060
2023-03-16,-0.9959845858829794,750.0,759.0,743.5,745.9500122070312,738.424072265625,7465693
2023-03-17,-0.20778983803645062,750.0,759.4500122070312,739.1500244140625,757.25,749.610107421875,9306857
2023-03-20,-0.4008100128765883,754.9500122070312,759.7999877929688,748.7999877929688,754.7999877929688,747.1847534179688,3566109
2023-03-21,0.5974975870825195,760.0,766.0,755.1500244140625,756.9500122070312,749.3131103515625,5332221
2023-03-24,-0.8001184922953447,763.5499877929688,767.0,758.8499755859375,762.4500122070312,754.7576293945312,2336818
2023-03-27,0.7748687297280412,763.0,769.7000122070312,759.3499755859375,761.75,754.0646362304688,2258853
2023-03-28,-0.12507365457713604,765.5999755859375,765.5999755859375,742.7999877929688,748.4500122070312,740.8988647460938,4166723
2023-03-29,-0.21345575142186135,751.0,754.9000244140625,738.8499755859375,743.5999755859375,736.0977783203125,4891868
2023-03-31,0.11791932031753406,752.1500244140625,753.0,742.0499877929688,749.0,741.443359375,5796532
2023-04-03,-0.9941314912866801,755.0,761.9000244140625,752.0499877929688,760.5499877929688,752.8767700195312,2120667
2023-04-05,-0.01872794075825368,768.0,768.0,756.0,763.4500122070312,755.74755859375,3197932
2023-04-06,-0.5012645122187678,762.5999755859375,768.7000122070312,759.0999755859375,765.9500122070312,758.2223510742188,1777379
2023-04-10,-0.34867406731063966,768.9500122070312,776.2999877929688,766.4500122070312,769.75,761.9839477539062,1701065
2023-04-11,-0.9577501639723778,776.0,776.0,768.1500244140625,774.1500244140625,766.339599609375,3485481
2023-04-12,-0.7817711191580331,774.0,774.5499877929688,765.0999755859375,771.0999755859375,763.3203125,3794841
2023-04-13,-0.20778801892884075,770.0,771.1500244140625,765.4500122070312,767.0499877929688,759.3111572265625,4292170
2023-04-17,-0.9143269332125783,789.0,789.0,754.3499755859375,759.6500244140625,751.9859008789062,9083437
2023-04-18,-0.950827382854186,765.0,765.0,752.5499877929688,759.75,752.0848388671875,4051481
2023-04-19,0.4346718490123749,761.3499755859375,766.8499755859375,756.0,764.6500244140625,756.9354248046875,3429794
2023-04-21,-0.33108733749638003,769.5999755859375,775.25,764.4500122070312,765.2000122070312,757.4798583984375,4524208
2023-04-24,-0.24485399210659256,765.2000122070312,767.4000244140625,755.6500244140625,760.25,752.579833984375,5271105
2023-04-25,-0.17296321779888654,764.9500122070312,777.0,761.75,772.5999755859375,764.8052368164062,5773233
2023-04-26,0.2177413681987673,779.9000244140625,779.9000244140625,767.0999755859375,773.4500122070312,765.6466674804688,5057352
2023-04-27,0.30163040695091087,772.0,789.2000122070312,771.3499755859375,786.5,778.56494140625,4129769
2023-04-28,0.1316916341893375,789.8499755859375,802.0499877929688,787.2000122070312,799.2999877929688,791.2357788085938,6572656
2023-05-02,-0.3476622501559752,800.25,806.7999877929688,788.5499877929688,790.2000122070312,782.2276611328125,6301210
2023-05-03,-0.613589997519739,794.5,794.5,777.2000122070312,779.2999877929688,771.4376220703125,3908267
2023-05-04,0.4148625216912478,779.2999877929688,792.7000122070312,773.6500244140625,789.0999755859375,781.1387329101562,2457671
2023-05-05,0.4284215423394926,789.0999755859375,790.9500122070312,780.25,787.2999877929688,779.3568725585938,1438467
2023-05-08,-0.28930511077245075,789.9000244140625,795.2999877929688,785.2000122070312,793.75,785.7418212890625,2489174
2023-05-09,0.498162586047935,796.9000244140625,798.3499755859375,790.5,793.5999755859375,785.5933227539062,2486331
2023-05-10,-0.531792745430721,797.0,797.5499877929688,788.0499877929688,796.0499877929688,788.0186157226562,2737334
2023-05-11,-0.11995626469433773,794.5499877929688,794.5499877929688,783.7000122070312,788.5999755859375,780.6437377929688,4808171
2023-05-12,-0.32999507057441707,787.5,793.7000122070312,784.5,791.9500122070312,783.9600219726562,2576010
2023-05-15,-0.11414909862320531,793.0,802.5,789.5499877929688,797.0499877929688,789.008544921875,7569060
2023-05-16,0.10576885517608996,800.8499755859375,801.25,784.0,787.3499755859375,779.4063720703125,4846217
2023-05-17,-0.014846499728843231,788.0,797.6500244140625,783.9000244140625,792.25,784.2570190429688,6529233
2023-05-18,-0.10001075573058592,797.9500122070312,803.0,794.6500244140625,799.3499755859375,791.2853393554688,11383252
2023-05-19,0.2708334608081107,799.3499755859375,808.3499755859375,793.25,805.75,797.6207275390625,3432240
2023-05-22,-0.6247994664445287,801.0,804.0,799.5,801.8499755859375,793.7600708007812,9996762
2023-05-23,-0.7767398048192262,808.9500122070312,808.9500122070312,797.9500122070312,799.9500122070312,791.8793334960938,6516636
2023-05-24,0.35418121454616386,802.9000244140625,802.9000244140625,795.0,801.4000244140625,793.314697265625,9104329
2023-05-25,0.02732373442267999,799.5999755859375,825.5,797.8499755859375,822.7000122070312,814.3997192382812,9570396
2023-05-26,0.3393315124558285,827.9000244140625,829.3499755859375,813.4000244140625,817.9500122070312,809.6976928710938,6150206
2023-05-29,-0.23439109364990146,829.4000244140625,829.4000244140625,818.0,821.25,812.96435546875,3684829
2023-05-30,-0.5099765944614774,821.25,826.3499755859375,812.7999877929688,818.4500122070312,810.192626953125,5148256
2023-05-31,-0.9819050414953381,819.0,888.75,818.0,849.9000244140625,841.3253784179688,47342125
2023-06-01,0.11138797430321574,837.9500122070312,837.9500122070312,823.0,827.9500122070312,819.5968017578125,9713155
2023-06-02,0.47506176146089274,832.7999877929688,839.2999877929688,826.9500122070312,836.5,828.060546875,6834131
2023-06-05,0.012920453562401235,838.5,841.3499755859375,832.1500244140625,834.5,826.0806884765625,5298053
2023-06-06,-0.3865098326932639,834.5,838.25,826.1500244140625,829.4500122070312,821.0816650390625,2722174
2023-06-07,-0.15455076282378286,828.9000244140625,847.5,827.25,844.25,835.7323608398438,4110739
2023-06-08,0.2003739856050483,847.7000122070312,849.4000244140625,834.5499877929688,836.0,827.5655517578125,4050621
2023-06-09,0.8922220508975442,838.5499877929688,839.7999877929688,828.9500122070312,833.5,825.0907592773438,3332436
2023-06-12,-0.9062153976410627,834.8499755859375,843.0999755859375,831.75,836.3499755859375,827.9120483398438,1569715
2023-06-13,0.29334442405961453,838.0999755859375,844.0,832.75,834.3499755859375,825.9321899414062,3224345
2023-06-14,-0.00859123290865682,832.0,833.9500122070312,819.0,827.9500122070312,819.5968017578125,5108720
2023-06-15,0.23213431660163528,827.0,833.7999877929688,824.2000122070312,829.7000122070312,821.3291625976562,3865201
2023-06-16,-0.399947547713964,822.5,840.0,820.7999877929688,837.7999877929688,829.347412109375,4907797
2023-06-19,-0.014752494362515531,840.0,840.0,827.5,828.1500244140625,819.7947998046875,3017364
2023-06-20,-0.165422005740066,828.0999755859375,833.7000122070312,826.8499755859375,831.2000122070312,822.8140258789062,2691557
2023-06-21,-0.17892482491442935,832.0,840.75,830.4000244140625,839.0,830.5352783203125,3022724
2023-06-22,0.12389856214738554,836.7000122070312,843.5,834.7000122070312,842.7999877929688,834.2969970703125,4380046
2023-06-23,0.2396187912672758,844.0,862.75,841.3499755859375,854.7999877929688,846.1759033203125,7667340
2023-06-26,-0.5208324031049606,857.3499755859375,857.3499755859375,846.3499755859375,851.9500122070312,843.3546752929688,4431992
2023-06-27,-0.1401188185102203,856.5,871.3499755859375,853.5999755859375,864.9000244140625,856.1740112304688,5533649
2023-06-28,-0.49243521777680144,869.5,873.5999755859375,863.5999755859375,872.2000122070312,863.4003295898438,6272649
2023-06-30,-0.9877227482696375,880.0,883.0,867.0499877929688,878.75,869.8842163085938,5217511
2023-07-03,-0.2305595576763153,880.0,884.1500244140625,874.5999755859375,879.1500244140625,870.2802124023438,3333167
2023-07-04,-0.61315220381419,873.7999877929688,873.7999877929688,853.2999877929688,865.1500244140625,856.4215087890625,7397493
2023-07-05,-0.8272865341918078,868.0,871.0,863.0499877929688,866.6500244140625,857.9063720703125,4284477
2023-07-06,-0.007306926282277952,864.3499755859375,877.9000244140625,863.4500122070312,869.6500244140625,860.8760986328125,6365222
2023-07-07,-0.977084128651768,865.0,883.5999755859375,862.5,870.4500122070312,861.6680297851562,18763997
2023-07-10,-0.9586863676086068,867.0,889.5999755859375,865.0,885.4000244140625,876.4671630859375,4310681
2023-07-11,-0.023822788964025676,890.0,893.1500244140625,886.2999877929688,891.9000244140625,882.901611328125,3353977
2023-07-12,-0.05401953076943755,889.9500122070312,895.7000122070312,883.0999755859375,889.9500122070312,880.9712524414062,3033186
2023-07-13,-0.3251661518588662,891.3499755859375,893.2999877929688,883.25,885.0499877929688,876.1206665039062,4228714
2023-07-14,0.17103226287290454,885.0,890.25,879.6500244140625,886.5,877.5560913085938,3860080
2023-07-18,-0.19218914468074216,877.0499877929688,880.2000122070312,863.1500244140625,875.4500122070312,866.6176147460938,4731911
2023-07-19,0.986232363153249,875.4500122070312,877.0,867.2000122070312,870.75,861.9649658203125,6641825
2023-07-20,0.1970693445437064,871.0,886.7000122070312,868.0,884.8499755859375,875.9226684570312,3779959
2023-07-21,-0.20297817986768982,878.0999755859375,891.9000244140625,874.7999877929688,886.0,877.0610961914062,7001587
2023-07-24,0.5018461771154156,885.0,892.5999755859375,880.7999877929688,888.1500244140625,879.189453125,4125577
2023-07-25,0.6002587472758023,888.0,894.7000122070312,879.0999755859375,883.6500244140625,874.7348022460938,3652262
2023-07-26,-0.5884983398136683,886.5,896.5,883.2999877929688,889.4000244140625,880.4268798828125,2845581
2023-07-27,-0.5887289799304979,889.3499755859375,901.4000244140624,888.1500244140625,895.1500244140625,886.1188354492188,3445446
2023-07-28,-0.27253651850818034,899.9000244140625,899.9000244140625,890.5499877929688,895.0999755859375,886.0693359375,2314339
2023-07-31,-0.8134317855749812,894.0,897.7999877929688,885.25,889.9000244140625,880.9218139648438,4424817
2023-08-01,-0.3109256102058377,894.5,897.4000244140625,888.1500244140625,891.6500244140625,882.6541137695312,2087412
2023-08-02,0.46816033341019647,883.2000122070312,890.6500244140625,872.5999755859375,878.0999755859375,869.2407836914062,3328903
2023-08-03,-0.31533006499739713,875.0,882.0499877929688,865.0999755859375,871.7000122070312,862.9054565429688,4642067
2023-08-04,-0.464968787971884,869.0,892.9500122070312,866.2000122070312,889.6500244140625,880.67431640625,7066276
2023-08-07,0.30887394715682603,885.1500244140625,900.5499877929688,884.0999755859375,891.4000244140625,882.4066772460938,4086452
2023-08-08,-0.10080128723639063,892.0,894.2999877929688,880.4500122070312,885.4000244140625,876.4671630859375,3282856
2023-08-09,-0.16809834943463406,885.0,897.4500122070312,878.7999877929688,883.7000122070312,874.7843627929688,3185159
2023-08-10,-0.1511236985679716,882.0,883.9000244140625,868.2000122070312,874.7999877929688,865.9740600585938,3439922
2023-08-11,0.19572278466657736,872.0,873.7000122070312,865.0,870.5499877929688,865.7254638671875,2812690
2023-08-14,-0.1392037779706615,870.5,870.5999755859375,857.5999755859375,867.0499877929688,862.244873046875,2665905
2023-08-16,0.9684045892208815,870.0,874.0,853.2000122070312,856.9500122070312,852.2008666992188,3962408
2023-08-17,-0.09444913764794667,857.2000122070312,859.8499755859375,850.0,856.7000122070312,851.9522705078125,3013019
2023-08-18,-0.8949901829939335,856.7000122070312,862.0,852.25,856.25,851.5047607421875,4929835
2023-08-21,-0.9943071464852741,855.6500244140625,874.0,854.0999755859375,871.9500122070312,867.1177368164062,3220142
2023-08-22,-0.2733804821036756,871.0,879.9500122070312,866.2000122070312,877.6500244140625,872.7861328125,3333869
2023-08-23,-0.33289019654815394,877.0,877.0,866.7999877929688,868.1500244140625,863.3388061523438,1860153
2023-08-24,-0.346627782844007,873.0,874.7000122070312,864.2000122070312,869.4500122070312,864.631591796875,2842728
2023-08-25,-0.7707714307238348,869.4500122070312,875.9500122070312,861.0999755859375,873.5,868.6591186523438,3124339
2023-08-28,-0.33660310592191917,874.0499877929688,875.75,865.8499755859375,870.3499755859375,865.5265502929688,3094455
2023-08-29,0.05584328348049894,870.0,870.0,848.5,855.2000122070312,850.4605712890625,14064286
2023-08-30,0.02372525112393002,859.8499755859375,862.5999755859375,856.4500122070312,857.75,852.9963989257812,3261665
2023-08-31,-0.0003793712239712477,855.5,859.5,847.0499877929688,856.4000244140625,851.6539306640625,12528190
2023-09-01,0.04277478251606226,853.1500244140625,867.5499877929688,852.75,865.9500122070312,861.1510009765625,4427899
2023-09-04,0.2239809786551632,865.75,869.4500122070312,859.7000122070312,865.2999877929688,860.5045776367188,3102649
2023-09-05,-0.9567567128688097,863.0999755859375,867.7999877929688,858.4000244140625,865.9000244140625,861.1012573242188,2216754
2023-09-06,-0.330438890766042,867.1500244140625,882.4000244140625,865.7999877929688,880.2999877929688,875.4214477539062,4235096
2023-09-07,-0.474773449276755,880.2999877929688,883.7000122070312,873.1500244140625,875.2999877929688,870.4491577148438,4532834
2023-09-08,0.1770775758361976,881.7999877929688,890.6500244140625,878.1500244140625,885.8499755859375,880.940673828125,3741470
2023-09-11,0.061946053191301566,888.0,892.2999877929688,883.5999755859375,890.7999877929688,885.8632202148438,2733894
2023-09-12,-0.30739885643318604,894.9000244140625,896.5,885.0,890.4000244140625,885.4655151367188,4106031
2023-09-13,-0.13101670341566204,888.0499877929688,918.0,885.5499877929688,915.1500244140624,910.0783081054688,5222561
2023-09-14,0.9848528547057261,920.2999877929688,920.5999755859376,910.0999755859376,914.9500122070312,909.8794555664062,5513106
2023-09-15,-0.7210981640964746,912.5999755859376,948.7000122070312,910.0,936.1500244140624,930.9619750976562,14003428
2023-09-18,-0.4292999152094126,929.4000244140624,935.7999877929688,918.0,920.2000122070312,915.100341796875,2977375
2023-09-20,-0.9451479629303018,911.0,919.2999877929688,904.7999877929688,910.7000122070312,905.6530151367188,5241903
2023-09-21,-0.9660964738577604,910.2000122070312,920.1500244140624,903.3499755859376,917.9500122070312,912.86279296875,4896202
2023-09-22,-0.2254950791830197,917.9500122070312,922.3499755859376,903.7999877929688,911.4000244140624,906.34912109375,6112928
2023-09-25,-0.9992582314152969,912.0,913.3499755859376,902.0499877929688,910.4000244140624,905.3546752929688,5278045
2023-09-26,-0.9927803880806702,910.0,920.9500122070312,908.0,912.7000122070312,907.6419067382812,5355047
2023-09-27,-0.04098343251098413,914.9500122070312,921.0499877929688,907.4500122070312,920.25,915.1500244140624,4713145
2023-09-28,-0.2191923033911735,926.0,932.0,918.5999755859376,925.6500244140624,920.5201416015624,7386917
2023-09-29,0.16914962328571295,932.0,936.4000244140624,921.7999877929688,926.4000244140624,921.2659912109376,5608557
2023-10-03,0.21996460389345884,918.25,928.25,916.0499877929688,925.2999877929688,920.1720581054688,4338272
2023-10-04,0.5435454212129116,918.2999877929688,925.9500122070312,918.2999877929688,924.25,919.1278686523438,5603669
2023-10-05,-0.0296429714653641,925.0499877929688,929.5999755859376,919.4000244140624,928.8499755859376,923.702392578125,7063132
2023-10-06,0.2923176691951489,929.2000122070312,929.2000122070312,924.2999877929688,926.0499877929688,920.9179077148438,2420855
2023-10-09,-0.008214527741074562,918.0,928.0499877929688,916.5499877929688,924.5499877929688,919.4262084960938,2248103
2023-10-10,-0.2327669856022112,924.5499877929688,954.0499877929688,921.0499877929688,948.3499755859376,943.0942993164062,7897875
2023-10-11,-0.15449788337573409,948.5,956.7999877929688,948.0,955.5999755859376,950.3041381835938,5645289
2023-10-12,-0.19338996931910515,955.5999755859376,956.7999877929688,947.0,950.3499755859376,945.0831909179688,5544735
2023-10-13,-0.0012474709146772511,946.2999877929688,955.9500122070312,946.2999877929688,954.2000122070312,948.9119262695312,4421671
2023-10-16,-0.3408453152126943,957.9500122070312,958.75,943.8499755859376,946.5499877929688,941.3042602539062,1881721
2023-10-17,-0.27801825595088303,946.5499877929688,960.25,946.0,953.6500244140624,948.364990234375,3863410
2023-10-18,-0.19852165312373213,953.0,958.9000244140624,950.6500244140624,952.8499755859376,947.5693359375,2334392
2023-10-19,0.41198330416955287,945.7999877929688,951.2999877929688,941.3499755859376,942.9500122070312,937.7242431640624,4306963
2023-10-20,-0.011723319514809797,937.7999877929688,947.5,937.0,945.2000122070312,939.9617919921876,3125104
2023-10-23,0.923885703086853,941.5999755859376,949.0999755859376,937.0,939.2999877929688,934.094482421875,2180066
2023-10-25,-0.06296775987944923,924.5999755859376,939.6500244140624,919.0,922.5999755859376,917.4869995117188,6365249
2023-10-26,0.9982011310639791,921.6500244140624,924.5999755859376,900.0499877929688,905.5,900.4818115234375,6595332
2023-10-27,0.3089247554266227,910.75,918.4000244140624,906.4500122070312,914.5999755859376,909.5313110351562,3508393
2023-10-30,-0.26109518189914527,914.7999877929688,931.9500122070312,910.3499755859376,926.25,921.1168212890624,3686768
2023-10-31,-0.6586978359569219,920.2999877929688,923.5499877929688,912.4000244140624,914.4000244140624,909.33251953125,5697563
2023-11-01,0.0002344513195566833,903.0,914.5499877929688,895.4500122070312,913.4500122070312,908.3877563476562,4821458
2023-11-02,-0.2487358725629747,920.0,925.9500122070312,916.4000244140624,923.8499755859376,918.7301025390624,6611573
2023-11-03,-0.5603721598454285,925.0,933.7000122070312,922.2000122070312,930.75,925.5918579101562,3895154
2023-11-06,-0.01591343863401562,934.2000122070312,940.7000122070312,930.0,939.2000122070312,933.9950561523438,2760800
2023-11-07,-0.4323181133898158,936.0499877929688,938.9500122070312,932.4500122070312,937.1500244140624,931.9564208984376,3616946
2023-11-08,-0.5005850188463228,941.7999877929688,941.7999877929688,934.4000244140624,936.75,931.55859375,1808553
2023-11-09,-0.22344963233141849,936.75,937.2999877929688,930.5499877929688,932.3499755859376,927.1829833984376,3914416
2023-11-10,0.10777416858925587,929.0,937.0,929.0,935.5,930.3155517578124,1345614
2023-11-13,0.9992850225244183,938.0,940.2999877929688,933.7999877929688,935.0,929.8182983398438,1656368
2023-11-15,0.0751328514306806,948.0,952.7000122070312,936.2000122070312,950.0,944.7351684570312,4816316
2023-11-16,0.8582002267241478,949.0,953.9000244140624,943.25,949.5499877929688,944.2876586914062,5310736
2023-11-17,-0.5841087903827429,948.7999877929688,954.0,946.0,947.2999877929688,942.0501098632812,3249469
2023-11-20,0.2274863903876394,949.0,964.2999877929688,941.9500122070312,961.4000244140624,956.072021484375,4646962
2023-11-21,0.20914868691893804,967.0,976.3499755859376,961.0,970.8499755859376,965.4696044921876,5704644
2023-11-22,0.10203226771305449,974.2999877929688,976.2999877929688,965.9500122070312,969.75,964.375732421875,3309732
2023-11-23,-0.9772407148964704,970.0,981.0,963.7000122070312,976.6500244140624,971.2374877929688,2749555
2023-11-24,-0.20111141522647813,975.0,977.1500244140624,971.0,973.1500244140624,967.7568969726562,2322104
2023-11-28,-0.9932994092648316,974.0499877929688,988.0,971.2000122070312,984.9000244140624,979.4417724609376,5096984
2023-11-29,0.3019611401517371,995.9000244140624,1007.0999755859376,990.9500122070312,995.4000244140624,989.8836059570312,5647918
2023-11-30,0.955610103905201,995.0,1018.2000122070312,992.7000122070312,1014.7000122070312,1009.0765991210938,9934052
2023-12-01,-0.2824075110256672,1015.0,1022.5499877929688,1008.2000122070312,1014.7000122070312,1009.0765991210938,5544950
2023-12-04,-0.004097496857866645,1036.0,1044.0,1025.199951171875,1032.9000244140625,1027.17578125,5164902
2023-12-05,0.9196611947845668,1038.800048828125,1045.949951171875,1022.0999755859376,1031.0999755859375,1025.3857421875,4266159
2023-12-06,0.6909442531662838,1029.0999755859375,1035.0,1013.4500122070312,1024.449951171875,1018.7725219726562,4121251
2023-12-07,0.23491978115634993,1015.0,1019.7000122070312,998.0,1000.0,994.4580688476562,13805235
2023-12-08,-0.002024948839486266,998.7000122070312,1004.0,991.2999877929688,1000.25,994.7066650390624,6630766
2023-12-11,-0.6383356766794653,996.0999755859376,1004.5999755859376,992.0499877929688,1000.8499755859376,995.3033447265624,6195119
2023-12-12,-0.27863352713757195,999.25,1000.8499755859376,987.0,995.25,989.734375,7119331
2023-12-13,-0.2218818572582677,993.2000122070312,1002.0,991.5,999.9000244140624,994.358642578125,4153219
2023-12-14,0.7129547946263172,1006.0,1011.2000122070312,999.1500244140624,1005.2000122070312,999.6292724609376,6541673
2023-12-15,-0.6277831744768524,999.6500244140624,1010.8499755859376,988.25,992.5499877929688,987.0493774414062,10119597
2023-12-18,-0.0744926628030953,995.0,998.7999877929688,982.1500244140624,990.25,984.7620849609376,5750263
2023-12-19,-0.6240440071269404,995.4500122070312,997.9500122070312,985.9000244140624,988.4500122070312,982.9721069335938,3912964
2023-12-20,-0.1823470396338962,992.9000244140624,993.6500244140624,969.0,971.5499877929688,966.1657104492188,3990591
2023-12-21,0.08124777159860565,968.0,981.5499877929688,960.0,977.9000244140624,972.4805908203124,4294277
2023-12-22,0.20104119057456651,981.9000244140624,998.9500122070312,975.5499877929688,989.5499877929688,984.0659790039062,4605120
2023-12-26,0.3450245280733465,995.0,1002.5,989.6500244140624,999.8499755859376,994.3088989257812,2460643
2023-12-27,-0.036401514872624025,1000.0,1024.050048828125,998.0,1021.2000122070312,1015.5405883789062,4791379
2023-12-28,-0.5015349602792412,1023.9000244140624,1041.949951171875,1022.2000122070312,1036.699951171875,1030.95458984375,5288328
2023-12-29,-0.12642122929294905,1033.1500244140625,1043.25,1024.4000244140625,1032.199951171875,1026.4796142578125,4631749
2024-01-01,-0.9739984581246972,1031.949951171875,1031.949951171875,1007.0,1013.0499877929688,1007.4357299804688,3804406
2024-01-02,-0.07045252209562543,1017.4000244140624,1025.449951171875,1016.0,1021.7000122070312,1016.037841796875,6865791
2024-01-03,-0.6414861620998837,1031.949951171875,1037.0,1021.3499755859376,1035.199951171875,1029.4630126953125,3604276
2024-01-04,-0.45990385734386596,1035.25,1058.800048828125,1027.550048828125,1047.9000244140625,1042.0926513671875,4664043
2024-01-05,-0.4937285850988701,1053.800048828125,1063.6500244140625,1038.949951171875,1046.5999755859375,1040.7998046875,4008221
2024-01-08,-0.18498227609719228,1050.0,1059.0,1045.25,1049.050048828125,1043.236328125,4489695
2024-01-09,0.2261036636075005,1057.0,1067.9000244140625,1048.050048828125,1064.5,1058.6005859375,3371125
2024-01-10,-0.0583005502820015,1066.949951171875,1073.300048828125,1055.300048828125,1062.699951171875,1056.810546875,3111573
2024-01-11,-0.4220854016020894,1065.75,1073.9000244140625,1057.3499755859375,1062.8499755859375,1056.959716796875,2604325
2024-01-15,-0.45939459638975677,1078.050048828125,1104.699951171875,1074.550048828125,1102.4000244140625,1096.2906494140625,3312897
2024-01-16,-0.3166745329896609,1107.0,1117.0,1093.0,1095.9000244140625,1089.82666015625,5025540
2024-01-17,-0.05112849937286228,1092.0,1108.949951171875,1078.800048828125,1085.25,1079.235595703125,4568700
2024-01-18,0.07178067392669618,1075.199951171875,1096.0,1075.199951171875,1087.050048828125,1081.0257568359375,4407330
2024-01-19,-0.9462071769958129,1091.0,1136.3499755859375,1089.800048828125,1125.0,1118.765380859375,11753391
2024-01-23,-0.6386297250476977,1145.0,1172.550048828125,1135.0,1158.0,1151.5823974609375,18194595
2024-01-24,-0.8412644642715653,1140.0999755859375,1194.0,1140.0999755859375,1189.949951171875,1183.3553466796875,9546592
2024-01-25,-0.011194286509028947,1186.0,1200.6500244140625,1157.050048828125,1160.550048828125,1154.118408203125,11424697
2024-01-29,-0.2977101763826795,1158.0,1169.75,1158.0,1162.1500244140625,1155.70947265625,4015858
2024-01-30,-0.3184959604792918,1162.1500244140625,1180.8499755859375,1154.550048828125,1158.6500244140625,1152.2288818359375,3902023
2024-01-31,0.008424979975513582,1159.0,1175.050048828125,1146.199951171875,1170.699951171875,1164.2120361328125,5981966
2024-02-01,0.002038555219769478,1165.050048828125,1170.199951171875,1148.949951171875,1151.199951171875,1144.820068359375,3606209
2024-02-02,0.3847363218665123,1155.0,1175.199951171875,1145.300048828125,1150.800048828125,1144.42236328125,4969983
2024-02-05,-0.10741756953454266,1154.3499755859375,1159.6500244140625,1110.0,1113.550048828125,1107.3787841796875,7809331
2024-02-06,0.11293036222923547,1125.0,1156.0999755859375,1123.0,1134.050048828125,1127.7652587890625,9863065
2024-02-07,-0.15411005064379424,1138.800048828125,1148.25,1131.800048828125,1134.300048828125,1128.0137939453125,2770694
2024-02-08,-0.2509091395703662,1144.4000244140625,1146.5,1116.199951171875,1142.1500244140625,1135.8203125,6519392
2024-02-09,-0.48643900235183535,1145.949951171875,1145.949951171875,1116.25,1120.25,1114.0416259765625,4203171
2024-02-12,0.15179326960683934,1122.9000244140625,1129.0,1111.300048828125,1118.699951171875,1112.500244140625,3887976
2024-02-14,0.05875089739856776,1110.0,1121.1500244140625,1104.699951171875,1115.8499755859375,1109.666015625,4653070
2024-02-15,0.16528621367178858,1122.300048828125,1131.449951171875,1109.4000244140625,1120.699951171875,1114.4891357421875,5056712
2024-02-16,-0.3135525186546147,1124.0,1127.050048828125,1116.8499755859375,1120.0,1113.7930908203125,3091952
2024-02-19,-0.11863248820009176,1121.050048828125,1145.0,1118.3499755859375,1142.199951171875,1135.8699951171875,4711035
2024-02-20,-0.8632856608601287,1145.0,1151.5999755859375,1135.0,1143.949951171875,1137.6102294921875,5397418
2024-02-21,0.5987030890537426,1155.0,1159.1500244140625,1132.5999755859375,1139.9000244140625,1133.582763671875,4570259
2024-02-22,-0.5169326710581247,1137.5999755859375,1138.75,1097.6500244140625,1135.550048828125,1129.2569580078125,8642368
2024-02-23,-0.013450415804982185,1127.0,1131.8499755859375,1115.300048828125,1125.75,1119.51123046875,6709844
2024-02-26,0.16969454451464117,1118.0999755859375,1125.9000244140625,1104.3499755859375,1110.050048828125,1103.898193359375,3186134
2024-02-27,-0.34326443359411013,1113.0,1131.0,1101.300048828125,1127.5,1121.25146484375,7149094
2024-02-28,-0.43290895540849306,1133.4000244140625,1152.6500244140625,1123.5,1128.75,1122.4945068359375,5302711
2024-02-29,-0.3333715010783635,1118.8499755859375,1137.949951171875,1099.0,1123.3499755859375,1117.12451171875,13818650
2024-03-01,0.42560902750119567,1128.0,1140.75,1117.4000244140625,1128.699951171875,1122.44482421875,5927490
2024-03-04,0.49910621652088594,1132.0,1149.25,1132.0,1133.5,1127.21826171875,5855090
2024-03-05,-0.9982136806938797,1133.050048828125,1179.75,1133.050048828125,1168.9000244140625,1162.422119140625,5375008
2024-03-06,-0.32641540638481575,1173.949951171875,1196.5999755859375,1157.3499755859375,1193.699951171875,1187.0845947265625,5464839
2024-03-07,-0.615263640958195,1209.8499755859375,1213.5999755859375,1189.449951171875,1199.699951171875,1193.05126953125,8903981
2024-03-11,-0.44861570849025156,1186.0,1218.300048828125,1186.0,1196.5999755859375,1189.968505859375,6679208
2024-03-12,-0.24493310395337176,1200.0,1208.0,1197.800048828125,1204.25,1197.576171875,4249548
2024-03-13,-0.4749437674181536,1212.0,1212.0,1151.699951171875,1168.75,1162.2728271484375,7528096
2024-03-14,-0.49998071051335763,1173.949951171875,1199.699951171875,1163.550048828125,1194.5999755859375,1187.9796142578125,8569080
2024-03-15,-0.47515849462070037,1190.0,1222.800048828125,1187.8499755859375,1220.0,1213.2388916015625,10115416
2024-03-18,-0.5116159156430513,1225.0,1230.550048828125,1215.199951171875,1225.300048828125,1218.509521484375,4141080
2024-03-19,-0.1591597884279591,1216.199951171875,1240.4000244140625,1214.5999755859375,1228.3499755859375,1221.5426025390625,7703719
2024-03-20,-0.42550606626485077,1228.25,1239.0,1223.6500244140625,1231.800048828125,1224.9735107421875,6596032
2024-03-21,-0.7350621488876641,1238.0,1242.9000244140625,1214.0999755859375,1220.800048828125,1214.034423828125,9952250
2024-03-22,-0.3548763638051848,1226.949951171875,1245.0,1222.0,1236.0999755859375,1229.2496337890625,7840007
2024-03-26,-0.6961293777334504,1225.0,1234.0,1210.0,1213.0999755859375,1206.3770751953125,10898138
2024-03-27,-0.3107181780117874,1210.550048828125,1228.25,1210.550048828125,1224.800048828125,1218.0123291015625,5779169
2024-03-28,-0.9501523372891825,1226.949951171875,1238.5,1220.300048828125,1228.5999755859375,1221.7911376953125,10518377
2024-04-01,-0.0006719520630819412,1228.0,1231.9000244140625,1208.0,1217.3499755859375,1210.603515625,5461473
2024-04-02,-0.9062302976264618,1225.0,1227.75,1203.199951171875,1208.25,1201.553955078125,3625577
2024-04-03,-0.49604045040905476,1195.0,1240.5999755859375,1189.449951171875,1225.699951171875,1218.9072265625,9532291
2024-04-04,-0.9802433690056205,1231.949951171875,1233.0,1201.300048828125,1206.8499755859375,1200.1617431640625,7327626
2024-04-05,-0.8190806839847937,1205.9000244140625,1211.3499755859375,1188.949951171875,1191.0,1184.3995361328125,4227519
2024-04-08,-0.35965563892386854,1188.0,1210.550048828125,1183.0999755859375,1204.699951171875,1198.0235595703125,4827733
2024-04-09,-0.6907123439013958,1214.949951171875,1214.949951171875,1198.300048828125,1204.449951171875,1197.7750244140625,3372798
2024-04-10,-0.2189921605522218,1213.25,1230.699951171875,1208.75,1229.4000244140625,1222.5867919921875,6442196
2024-04-12,-0.3122504226863384,1226.0999755859375,1231.8499755859375,1219.550048828125,1225.550048828125,1218.7581787109375,7877073
2024-04-15,-0.9525934401899576,1210.5999755859375,1235.0,1210.3499755859375,1224.550048828125,1217.763671875,4281602
2024-04-16,-0.37286517533357255,1223.9000244140625,1233.949951171875,1212.050048828125,1216.449951171875,1209.70849609375,5235632
2024-04-18,-0.08425498725409852,1220.0,1281.8499755859375,1215.800048828125,1265.75,1258.7353515625,19939924
2024-04-19,-0.08308709672128316,1280.0,1296.5,1253.3499755859375,1289.0,1281.8564453125,13103862
2024-04-22,-0.35706768493400887,1304.0,1305.4000244140625,1288.25,1297.550048828125,1290.359130859375,7894656
2024-04-23,-0.2064693570525075,1310.0,1351.0,1302.0999755859375,1342.3499755859375,1334.9107666015625,12074766
2024-04-24,-0.587036172519826,1352.0,1354.0,1333.550048828125,1336.4000244140625,1328.9937744140625,6277492
2024-04-25,-0.1695251004653983,1331.0,1343.800048828125,1324.3499755859375,1338.699951171875,1331.281005859375,8512627
2024-04-26,0.0859223046572879,1338.0,1345.699951171875,1322.0,1326.0,1318.6513671875,5289771
2024-04-29,-0.5816742958500981,1324.5,1346.0,1320.0,1332.449951171875,1325.065673828125,3195888
2024-04-30,-0.934425400570035,1323.1500244140625,1334.800048828125,1319.949951171875,1322.300048828125,1314.971923828125,5272565
2024-05-02,0.021897778157532837,1315.25,1319.9000244140625,1293.5999755859375,1304.050048828125,1296.8231201171875,7995432
2024-05-03,-0.9947287590475753,1306.0,1310.5,1258.1500244140625,1277.4000244140625,1270.32080078125,11290875
2024-05-06,-0.8296451408416032,1275.0,1298.449951171875,1273.199951171875,1283.4000244140625,1276.2874755859375,5555467
2024-05-07,-0.5719694441184402,1286.3499755859375,1294.449951171875,1271.0,1286.1500244140625,1279.0223388671875,5767030
2024-05-08,-0.21353336796164513,1276.1500244140625,1299.4000244140625,1274.699951171875,1288.5999755859375,1281.4586181640625,2682816
2024-05-09,-0.5378958740911912,1283.0,1295.300048828125,1270.050048828125,1275.449951171875,1268.3814697265625,4809145
2024-05-10,-0.06283041188362404,1275.050048828125,1308.5,1271.75,1301.1500244140625,1293.939208984375,5532513
2024-05-13,0.3280723756373239,1301.1500244140625,1302.9000244140625,1281.4000244140625,1285.949951171875,1278.8233642578125,3703942
2024-05-14,-0.45918006146426443,1290.550048828125,1299.9000244140625,1280.699951171875,1284.300048828125,1277.1826171875,3262908
2024-05-15,0.003978296539571602,1281.550048828125,1318.25,1280.5,1309.9000244140625,1302.640625,6891004
2024-05-16,-0.4758404415535132,1328.0,1356.8499755859375,1321.300048828125,1345.0999755859375,1337.6455078125,11932181
2024-05-17,-0.3218902191147208,1353.5999755859375,1360.0,1339.25,1344.449951171875,1336.9991455078125,6614017
2024-05-21,-0.582123917984427,1356.0,1362.75,1335.75,1344.300048828125,1336.85009765625,5422220
2024-05-22,-0.9821227118372917,1342.1500244140625,1351.0,1329.550048828125,1347.9000244140625,1340.4300537109375,3026723
2024-05-23,-0.11588675566864284,1350.75,1377.300048828125,1344.300048828125,1374.050048828125,1366.4351806640625,7147341
2024-05-24,0.11652986798851218,1375.5,1397.75,1374.050048828125,1388.5,1380.8050537109375,5622368
2024-05-27,0.20355536045099143,1396.0,1407.0,1378.0,1384.3499755859375,1376.677978515625,6553974
2024-05-28,-0.872769965637417,1384.800048828125,1386.949951171875,1366.9000244140625,1371.050048828125,1363.4517822265625,2068963
2024-05-29,-0.23310733796097338,1355.5,1390.25,1355.5,1377.0999755859375,1369.4681396484375,4445083
2024-05-30,0.5100539670517416,1378.800048828125,1386.449951171875,1363.5,1377.1500244140625,1369.5179443359375,7100303
2024-05-31,-0.32883351627970114,1380.0,1388.0,1338.0,1372.75,1365.142333984375,24825643
2024-06-03,-0.3322341897680114,1415.300048828125,1420.449951171875,1385.0,1391.0999755859375,1383.390625,6017122
2024-06-04,-0.8072074928010503,1391.0999755859375,1397.0,1219.050048828125,1299.699951171875,1292.4970703125,19924421
2024-06-05,-0.9036182911135257,1325.6500244140625,1348.75,1279.8499755859375,1344.3499755859375,1336.899658203125,12175520
2024-06-06,0.054256158570448555,1359.0,1376.25,1329.0,1370.5999755859375,1363.0042724609375,10279789
2024-06-07,0.2993208710104227,1370.5999755859375,1430.6500244140625,1363.1500244140625,1425.25,1417.351318359375,12280748
2024-06-10,0.04056559409946203,1421.050048828125,1436.6500244140625,1421.050048828125,1426.050048828125,1418.14697265625,5318477
2024-06-11,0.055072697694413364,1426.0,1434.5999755859375,1413.0,1427.25,1419.34033203125,4416792
2024-06-12,-0.9664453398436308,1425.0,1447.8499755859375,1422.0999755859375,1438.4000244140625,1430.428466796875,4876138
2024-06-13,0.9994923138583545,1449.0,1455.949951171875,1420.449951171875,1425.75,1417.8486328125,7990376
2024-06-14,-0.7305090494919568,1434.0,1434.0,1420.949951171875,1427.4000244140625,1419.489501953125,3978442
2024-06-18,-0.33627446931010735,1444.0,1444.0,1418.0,1428.3499755859375,1420.4342041015625,8671131
2024-06-19,-0.3230534132841664,1433.949951171875,1434.800048828125,1388.300048828125,1392.3499755859375,1384.6336669921875,8640918
2024-06-20,-0.4991979113779962,1405.949951171875,1406.949951171875,1376.25,1381.1500244140625,1373.495849609375,8742855
2024-06-21,-0.983840426109964,1384.949951171875,1423.949951171875,1372.8499755859375,1416.050048828125,1408.202392578125,43929578
2024-06-24,-0.1711202569771558,1402.0,1423.800048828125,1389.3499755859375,1419.800048828125,1411.931640625,6195831
2024-06-25,-0.9284681144636124,1434.0,1434.0,1409.8499755859375,1414.949951171875,1407.1083984375,6353748
2024-06-26,-0.21645067251908282,1414.949951171875,1479.949951171875,1408.949951171875,1459.5,1451.41162109375,9579826
2024-06-27,0.3650751667640482,1464.0,1489.0,1440.050048828125,1475.800048828125,1467.621337890625,19675528
2024-06-28,-0.761943611864505,1536.25,1536.25,1436.6500244140625,1444.050048828125,1436.0472412109375,29145832
2024-07-01,-0.5499738760321634,1450.0,1466.800048828125,1449.25,1454.0,1445.9420166015625,6011806
2024-07-02,-0.14165156870149076,1462.0,1473.4000244140625,1417.0,1418.949951171875,1411.0863037109375,7792632
2024-07-03,-0.5958030676702037,1427.949951171875,1432.4000244140625,1408.449951171875,1419.8499755859375,1411.9813232421875,8261388
2024-07-04,-0.8416852803929942,1418.0,1441.0999755859375,1411.5,1423.050048828125,1415.16357421875,9570938
2024-07-05,-0.7643083534276229,1422.5,1433.5999755859375,1416.8499755859375,1429.699951171875,1421.776611328125,4881198
2024-07-08,0.0708335941361094,1431.0,1438.8499755859375,1423.1500244140625,1435.1500244140625,1427.196533203125,3261797
2024-07-10,0.1095470863760316,1441.0,1448.75,1426.1500244140625,1445.050048828125,1437.041748046875,3416762
2024-07-11,-0.002848637755960226,1450.0,1450.8499755859375,1428.0,1437.949951171875,1429.98095703125,4178558
2024-07-12,-0.5537774969707243,1442.0,1447.5999755859375,1421.449951171875,1433.25,1425.3070068359375,6342135
2024-07-15,0.3252974757148574,1433.25,1440.0,1426.050048828125,1437.5999755859375,1429.6329345703125,3324806
2024-07-16,0.20697111641056837,1452.0,1473.300048828125,1445.0,1466.5,1458.372802734375,6967651
2024-07-18,-0.21946647068640837,1466.0,1485.949951171875,1459.050048828125,1483.6500244140625,1475.427734375,6470342
2024-07-19,-0.5871946480890203,1480.0,1480.0,1451.949951171875,1461.75,1453.6490478515625,3858596
2024-07-22,0.06445798074128106,1450.0,1472.0,1449.050048828125,1465.4000244140625,1457.2789306640625,3560584
2024-07-23,0.2642667112639174,1470.0,1470.0,1428.449951171875,1465.699951171875,1457.5771484375,2936143
2024-07-24,-0.4921163320541382,1466.0,1475.5999755859375,1436.550048828125,1455.199951171875,1447.1353759765625,4529339
2024-07-25,-0.27572317522329587,1445.0,1454.0,1440.0999755859375,1449.1500244140625,1441.118896484375,4277756
2024-07-26,-0.36257377134946484,1450.25,1520.0,1449.1500244140625,1514.4000244140625,1506.00732421875,9564987
2024-07-29,-0.12504596434882842,1525.0,1525.0,1477.050048828125,1481.3499755859375,1473.1405029296875,4589313
2024-07-30,0.4389805859121095,1484.4000244140625,1484.9000244140625,1464.050048828125,1470.3499755859375,1462.201416015625,4263689
2024-07-31,-0.9759481009095907,1477.8499755859375,1504.1500244140625,1473.1500244140625,1491.550048828125,1483.2840576171875,5634305
2024-08-01,0.32936278039899963,1485.0,1511.0,1485.0,1505.5,1497.1566162109375,4531379
2024-08-02,-0.7462155732791871,1494.0999755859375,1505.1500244140625,1483.5999755859375,1493.800048828125,1485.521484375,3335905
2024-08-05,-0.04223575680225622,1482.0,1488.0,1451.5,1465.699951171875,1457.5771484375,5111901
2024-08-06,0.44125295863486824,1483.0999755859375,1492.9000244140625,1431.0999755859375,1443.550048828125,1435.550048828125,8249573
2024-08-07,-0.31947542905497056,1452.0,1454.9000244140625,1422.5999755859375,1441.75,1441.75,5700734
2024-08-08,0.5156731042613197,1435.0,1466.5,1430.0,1451.800048828125,1451.800048828125,5986360
2024-08-09,-0.2819004862879713,1465.0,1482.0,1457.300048828125,1464.0999755859375,1464.0999755859375,3615910
2024-08-12,-0.23737634683493525,1466.0,1477.5,1445.0,1458.5999755859375,1458.5999755859375,4028226
2024-08-13,0.0801744929049164,1468.0,1478.4000244140625,1450.3499755859375,1459.699951171875,1459.699951171875,4495208
2024-08-14,-0.31486225345482427,1453.0999755859375,1480.0999755859375,1453.0999755859375,1471.699951171875,1471.699951171875,5891784
2024-08-16,-0.5530605570529588,1480.0,1491.0,1468.0999755859375,1483.550048828125,1483.550048828125,7176426
2024-08-19,0.1451084315776825,1487.0,1489.0999755859375,1464.300048828125,1469.6500244140625,1469.6500244140625,4404075
2024-08-20,-0.9792633424658561,1480.0,1484.75,1446.5,1449.1500244140625,1449.1500244140625,10046892
2024-08-21,-0.07735968778641629,1453.0,1466.5999755859375,1447.699951171875,1463.449951171875,1463.449951171875,6175510
2024-08-22,-0.21653785745147616,1473.699951171875,1499.9000244140625,1465.0,1486.3499755859375,1486.3499755859375,6781325
2024-08-23,-0.4528835443779826,1493.0,1510.0,1479.3499755859375,1506.75,1506.75,6238112
2024-08-26,-0.8885099531471496,1509.0,1520.699951171875,1505.0,1513.550048828125,1513.550048828125,4307432
2024-08-27,-0.3894545620608948,1518.0,1526.3499755859375,1502.0,1522.75,1522.75,3965066
2024-08-28,-0.24798762842159097,1527.949951171875,1564.5,1521.6500244140625,1556.3499755859375,1556.3499755859375,6225319
2024-08-29,-0.21377638257108628,1565.0,1571.699951171875,1545.949951171875,1565.9000244140625,1565.9000244140625,8036748
2024-08-30,-0.8730326453223825,1576.0,1608.4000244140625,1561.5999755859375,1589.050048828125,1589.050048828125,37820442
2024-09-02,0.1469772481268592,1605.0,1605.0,1565.5,1571.3499755859375,1571.3499755859375,4890314
2024-09-03,-0.2771049916773336,1579.0,1579.0,1558.5999755859375,1560.5999755859375,1560.5999755859375,4546295
2024-09-04,-0.6969150800796342,1558.0,1566.0,1542.0,1561.9000244140625,1561.9000244140625,5213811
2024-09-05,-0.3172271233003509,1559.0,1563.0,1541.5,1547.199951171875,1547.199951171875,5652812
2024-09-06,0.14142816586952126,1552.800048828125,1555.5999755859375,1530.199951171875,1539.25,1539.25,5497805
2024-09-09,0.01213340341928415,1523.25,1546.75,1523.25,1542.6500244140625,1542.6500244140625,3912508
2024-09-10,0.6648476834670873,1545.1500244140625,1586.0,1545.1500244140625,1577.8499755859375,1577.8499755859375,6163457
2024-09-11,-0.9940053271129727,1578.449951171875,1598.9000244140625,1574.449951171875,1577.800048828125,1577.800048828125,5994914
2024-09-12,0.35692919700886705,1596.1500244140625,1652.800048828125,1590.0999755859375,1646.75,1646.75,12204496
2024-09-13,0.37449721166298594,1651.0,1654.9000244140625,1631.050048828125,1634.449951171875,1634.449951171875,5609618
2024-09-17,-0.31662110340160626,1650.0,1666.050048828125,1638.5,1661.75,1661.75,4223072
2024-09-18,-0.804036617744714,1655.199951171875,1670.949951171875,1647.8499755859375,1654.9000244140625,1654.9000244140625,3171195
2024-09-19,-0.5702091275127784,1647.699951171875,1711.699951171875,1647.699951171875,1664.8499755859375,1664.8499755859375,8498240
2024-09-20,-0.18297687898822396,1671.0,1723.4000244140625,1666.0,1711.75,1711.75,21646275
2024-09-23,0.9881916611047927,1719.0,1754.25,1719.0,1750.449951171875,1750.449951171875,5001827
2024-09-24,0.09665094799129292,1752.0,1767.550048828125,1746.0999755859375,1756.6500244140625,1756.6500244140625,7579205
2024-09-25,-0.268190469453758,1755.550048828125,1766.9000244140625,1745.0,1760.4000244140625,1760.4000244140625,4017103
2024-09-26,-0.6600878374786893,1770.0,1779.0,1746.1500244140625,1771.0999755859375,1771.0999755859375,7417423
2024-09-27,-0.8907365524210036,1755.199951171875,1763.449951171875,1722.5,1734.5999755859375,1734.5999755859375,7116861
2024-09-30,-0.4925425628389348,1714.0,1733.0,1704.199951171875,1709.550048828125,1709.550048828125,6907288
2024-10-01,-0.6433136023115367,1705.0,1722.8499755859375,1696.0,1698.699951171875,1698.699951171875,3649090
2024-10-03,-0.39119938464968335,1665.0,1695.0,1665.0,1673.449951171875,1673.449951171875,7200276
2024-10-04,-0.10622285473315667,1670.050048828125,1686.699951171875,1630.1500244140625,1640.9000244140625,1640.9000244140625,8576527
2024-10-07,-0.23203313807607628,1651.0,1670.0,1642.449951171875,1662.050048828125,1662.050048828125,5387707
2024-10-08,-0.47952293139480223,1662.5999755859375,1679.5,1652.0,1657.449951171875,1657.449951171875,5224335
2024-10-09,-0.05434267459869651,1666.75,1704.5999755859375,1661.050048828125,1678.0999755859375,1678.0999755859375,3414614
2024-10-10,-0.12440234667155892,1686.5999755859375,1698.949951171875,1665.0,1678.0999755859375,1678.0999755859375,5047657
2024-10-11,-0.6604686445101503,1678.0999755859375,1690.25,1658.6500244140625,1687.4000244140625,1687.4000244140625,2367678
2024-10-14,0.02270971117541194,1686.0,1710.050048828125,1679.3499755859375,1695.5999755859375,1695.5999755859375,2069815
2024-10-15,0.01656079863460036,1708.0,1732.75,1699.949951171875,1717.25,1717.25,5891334
2024-10-16,-0.21896187193818728,1720.0,1742.25,1717.0999755859375,1733.949951171875,1733.949951171875,3299887
2024-10-17,-0.21206871493874738,1736.75,1737.949951171875,1694.4000244140625,1701.1500244140625,1701.1500244140625,4373392
2024-10-18,0.592514859745279,1710.0,1716.0999755859375,1685.199951171875,1707.8499755859375,1707.8499755859375,4154915
