date,Bajaj_avg_sentiment,Open,High,Low,Close,Adj Close,Volume
2021-08-02,-0.9638981483876705,3874.0,3880.0,3813.199951171875,3841.550048828125,3563.622802734375,351187
2021-08-03,0.012204122729599476,3830.0,3838.0,3805.64990234375,3828.199951171875,3551.238525390625,408981
2021-08-04,-0.40393821010075043,3835.0,3864.85009765625,3816.0,3832.0,3554.763916015625,363955
2021-08-05,-0.9376564072445035,3842.0,3858.0,3813.60009765625,3818.75,3542.47216796875,333818
2021-08-06,0.027720960974693298,3833.0,3872.35009765625,3797.25,3847.85009765625,3569.466796875,504011
2021-08-09,0.487180127774991,3858.14990234375,3898.89990234375,3837.050048828125,3855.14990234375,3576.23876953125,396098
2021-08-10,-0.9896129051339813,3857.0,3861.75,3785.10009765625,3797.949951171875,3523.177001953125,253258
2021-08-11,-0.5237733724279678,3800.0,3806.25,3695.199951171875,3727.14990234375,3457.499267578125,497724
2021-08-12,-0.9810767517968392,3746.800048828125,3777.0,3736.0,3769.35009765625,3496.646240234375,316454
2021-08-13,-0.9890312727657147,3780.0,3860.0,3760.0,3825.75,3548.9658203125,581862
2021-08-16,0.2935625485377386,3826.0,3829.0,3744.0,3748.449951171875,3477.25830078125,294567
2021-08-17,-0.004111586697399616,3749.0,3819.5,3741.550048828125,3807.449951171875,3531.98974609375,319770
2021-08-18,0.053368173824856056,3810.0,3856.050048828125,3775.0,3833.050048828125,3555.73779296875,493285
2021-08-20,-0.6111077517271042,3780.0,3825.0,3725.800048828125,3751.5,3480.087646484375,301943
2021-08-23,-0.20628280648088548,3787.89990234375,3787.89990234375,3647.14990234375,3668.25,3402.860595703125,455643
2021-08-24,0.7139665979123674,3690.0,3722.0,3653.699951171875,3714.75,3445.996337890625,276602
2021-08-25,0.07350421411683783,3731.449951171875,3759.949951171875,3680.0,3689.64990234375,3422.71240234375,398715
2021-08-26,-0.9670571419410408,3689.64990234375,3719.64990234375,3670.0,3691.39990234375,3424.33544921875,283891
2021-08-27,-0.2015665810322389,3707.39990234375,3749.89990234375,3679.0,3699.449951171875,3431.80322265625,274822
2021-08-30,-0.4987985667248722,3717.89990234375,3756.60009765625,3705.0,3720.39990234375,3451.237548828125,561903
2021-08-31,0.1265937616408337,3732.949951171875,3739.0,3705.60009765625,3727.85009765625,3458.148681640625,693952
2021-09-01,0.4225992689607665,3754.0,3810.0,3730.10009765625,3758.300048828125,3486.395751953125,585605
2021-09-02,0.3848720188252628,3789.0,3789.0,3717.0,3720.949951171875,3451.747802734375,474397
2021-09-06,0.4677647770877229,3784.449951171875,3829.0,3770.0,3781.10009765625,3507.546142578125,779715
2021-09-07,-0.9691145476535894,3796.800048828125,3800.64990234375,3762.14990234375,3770.699951171875,3497.8984375,450262
2021-09-08,-0.8748292162781581,3769.75,3769.75,3718.0,3725.35009765625,3455.82958984375,396710
2021-09-09,-0.31719954890043783,3724.89990234375,3728.949951171875,3695.0,3700.60009765625,3432.8701171875,479537
2021-09-13,0.007601949851959944,3699.0,3720.0,3680.0,3699.550048828125,3431.896240234375,342427
2021-09-14,-0.9780302539584227,3717.39990234375,3767.0,3690.0,3751.050048828125,3479.67041015625,741880
2021-09-15,0.9931157694663852,3762.60009765625,3801.60009765625,3758.050048828125,3779.10009765625,3505.69091796875,510406
2021-09-16,0.9963735016062856,3798.0,3834.0,3780.050048828125,3813.5,3537.601806640625,558125
2021-09-17,0.9053266458213329,3840.0,3879.39990234375,3810.449951171875,3822.199951171875,3545.672607421875,1304667
2021-09-20,-0.9662404701424142,3813.39990234375,3813.39990234375,3735.0,3776.050048828125,3502.861572265625,399648
2021-09-21,-0.33324756198562683,3777.0,3793.85009765625,3696.0,3728.800048828125,3459.030029296875,354217
2021-09-22,-0.42415296837862115,3732.0,3770.0,3722.050048828125,3757.14990234375,3485.32861328125,245919
2021-09-23,-0.20208228658884764,3757.14990234375,3820.0,3757.14990234375,3799.199951171875,3524.3369140625,228970
2021-09-24,-0.9641880113631487,3800.0,3849.10009765625,3787.050048828125,3809.800048828125,3534.169921875,363519
2021-09-27,0.31511033599381333,3831.0,3924.800048828125,3822.800048828125,3913.39990234375,3630.274658203125,962801
2021-09-28,-0.6665962005582904,3929.0,3944.800048828125,3875.39990234375,3908.699951171875,3625.91455078125,478682
2021-09-29,-0.9103614027013204,3900.0,3935.89990234375,3850.0,3899.25,3617.1484375,379896
2021-09-30,-0.5652487370651216,3892.25,3896.39990234375,3812.0,3832.64990234375,3555.366455078125,576711
2021-10-01,-0.9695057650445961,3820.0,3880.75,3802.64990234375,3852.60009765625,3573.873291015625,407091
2021-10-04,0.25985739277010517,3856.449951171875,3884.60009765625,3821.25,3825.949951171875,3549.151123046875,237249
2021-10-05,-0.8741763792932034,3824.449951171875,3873.89990234375,3820.0,3864.0,3584.448486328125,287612
2021-10-06,-0.18986460147425532,3876.0,3884.0,3760.0,3770.050048828125,3497.295654296875,383507
2021-10-07,-0.9913805774413049,3815.0,3868.64990234375,3785.0,3828.550048828125,3551.563232421875,343916
2021-10-08,-0.5809918628016021,3843.550048828125,3878.550048828125,3806.10009765625,3815.550048828125,3539.50390625,215542
2021-10-11,-0.04468297019290427,3845.0,3879.89990234375,3830.35009765625,3852.10009765625,3573.409423828125,239321
2021-10-12,-0.3029720975706975,3860.0,3994.5,3858.0,3978.75,3690.896484375,1353877
2021-10-13,0.273922189604491,3994.949951171875,4050.0,3956.60009765625,3967.64990234375,3680.599609375,648769
2021-10-14,0.6621313169598579,3970.0,4009.050048828125,3954.199951171875,3965.89990234375,3678.97607421875,272066
2021-10-18,0.17722310102544725,3861.0,3969.699951171875,3861.0,3915.949951171875,3632.639892578125,463126
2021-10-19,0.8504346879199147,3930.199951171875,3955.0,3892.25,3911.550048828125,3628.55859375,275481
2021-10-20,-0.521292256298087,3903.75,3909.89990234375,3828.0,3848.64990234375,3570.208984375,321450
2021-10-21,-0.07179790176451206,3870.0,3875.14990234375,3769.5,3804.0,3528.78955078125,373336
2021-10-22,-0.9738716909196228,3839.449951171875,3910.0,3813.050048828125,3866.5,3586.767822265625,408499
2021-10-25,0.42100070013354224,3854.0,3884.75,3735.0,3763.75,3491.451171875,306195
2021-10-26,0.48020326561527327,3779.85009765625,3811.800048828125,3762.25,3791.75,3517.42578125,170050
2021-10-27,0.15647030111479884,3795.0,3815.0,3760.0,3776.5,3503.27880859375,251226
2021-10-28,0.2515696498642986,3854.949951171875,3860.0,3688.85009765625,3700.699951171875,3432.962646484375,706705
2021-10-29,0.060748340969439596,3720.0,3754.85009765625,3665.0,3707.25,3439.0390625,316325
2021-11-01,-0.2658959826027664,3721.800048828125,3750.0,3681.60009765625,3726.14990234375,3456.571533203125,228051
2021-11-02,-0.6159211624934952,3735.0,3790.0,3727.050048828125,3741.85009765625,3471.1357421875,250053
2021-11-03,-0.33060000561332953,3726.199951171875,3763.949951171875,3689.050048828125,3698.39990234375,3430.829345703125,261709
2021-11-04,-0.9152897894382477,3718.5,3764.89990234375,3718.5,3759.35009765625,3487.3701171875,65679
2021-11-08,0.0034863280210023126,3791.0,3800.0,3743.60009765625,3777.300048828125,3504.021240234375,261609
2021-11-09,-0.6216697558799448,3780.0,3845.0,3772.0,3794.449951171875,3519.93017578125,521920
2021-11-10,-0.9981044378655497,3790.0,3801.60009765625,3744.0,3771.699951171875,3498.826171875,373526
2021-11-11,-0.4051628417801112,3774.5,3781.85009765625,3726.0,3749.949951171875,3478.649658203125,446382
2021-11-12,0.3403004448628053,3782.0,3782.0,3615.699951171875,3635.050048828125,3372.0625,745428
2021-11-15,-0.15263274334332286,3651.0,3673.89990234375,3580.050048828125,3601.14990234375,3340.614990234375,551238
2021-11-16,-0.5105079795591466,3612.89990234375,3651.800048828125,3583.10009765625,3608.699951171875,3347.61865234375,473529
2021-11-17,0.673924132308457,3610.0,3644.0,3576.39990234375,3583.800048828125,3324.520263671875,348752
2021-11-18,-0.6810386243256895,3590.5,3594.89990234375,3525.0,3547.550048828125,3290.89306640625,384426
2021-11-22,-0.7238202727494354,3570.0,3570.0,3426.0,3444.199951171875,3195.02001953125,422572
2021-11-23,-0.32505952382537845,3440.0,3448.5,3376.050048828125,3434.85009765625,3186.3466796875,713102
2021-11-24,0.8497367352247238,3459.0,3459.0,3385.64990234375,3407.10009765625,3160.604248046875,287005
2021-11-25,0.1055344529915601,3402.0,3413.89990234375,3377.050048828125,3391.699951171875,3146.318359375,264226
2021-11-26,-0.0003742709814105183,3370.0,3383.5,3320.0,3334.60009765625,3093.349365234375,341506
2021-11-29,0.17216078352648764,3321.0,3354.35009765625,3246.199951171875,3298.199951171875,3059.582763671875,403739
2021-11-30,-0.13943725088029169,3296.0,3322.949951171875,3223.050048828125,3240.300048828125,3005.871826171875,682518
2021-12-01,-0.5398070963448844,3280.0,3294.199951171875,3227.300048828125,3249.550048828125,3014.45263671875,551434
2021-12-02,-0.9742431303020567,3259.949951171875,3337.35009765625,3236.5,3328.39990234375,3087.597900390625,502905
2021-12-03,0.10410111874807626,3335.0,3343.14990234375,3280.60009765625,3287.85009765625,3049.981689453125,315536
2021-12-06,0.3815044154180214,3297.800048828125,3300.0,3242.699951171875,3249.75,3014.63818359375,251407
2021-12-07,0.9973751369398087,3284.949951171875,3317.0,3261.0,3286.449951171875,3048.682861328125,286908
2021-12-08,0.5433915853500366,3302.85009765625,3337.949951171875,3297.0,3332.050048828125,3090.983642578125,334037
2021-12-09,0.05423200959339738,3350.0,3350.0,3306.0,3341.0,3099.286376953125,237723
2021-12-10,-0.03410890180748538,3320.199951171875,3364.199951171875,3320.0,3344.75,3102.76513671875,220039
2021-12-13,-0.6001527028493001,3367.0,3372.449951171875,3295.0,3305.449951171875,3066.308349609375,214515
2021-12-14,-0.6550485472362197,3300.0,3305.0,3268.0,3291.64990234375,3053.506591796875,181626
2021-12-15,-0.9676108154108078,3289.64990234375,3329.85009765625,3275.0,3294.5,3056.150390625,295667
2021-12-16,0.19841252133095016,3327.75,3327.75,3227.35009765625,3253.14990234375,3017.792236328125,324140
2021-12-17,0.2557508001004213,3248.050048828125,3261.800048828125,3149.10009765625,3179.14990234375,2949.145751953125,3170631
2021-12-20,-0.9912146222777665,3149.89990234375,3171.10009765625,3027.050048828125,3105.199951171875,2880.5458984375,595625
2021-12-21,-0.06257403257768601,3112.0,3160.050048828125,3092.0,3130.800048828125,2904.2939453125,326850
2021-12-22,-0.49618710938375443,3132.0,3173.550048828125,3126.0,3135.85009765625,2908.978515625,294578
2021-12-23,0.2029801363569277,3150.0,3190.949951171875,3138.0,3174.10009765625,2944.46142578125,224147
2021-12-24,0.00012898066779598594,3181.300048828125,3195.0,3135.0,3152.050048828125,2924.006591796875,123753
2021-12-27,0.4776747635740321,3145.0,3174.14990234375,3122.0,3154.10009765625,2925.908203125,94069
2021-12-28,-0.9590268805623055,3161.199951171875,3187.550048828125,3150.0,3176.050048828125,2946.270263671875,214640
2021-12-29,0.3572862299333792,3188.75,3269.0,3152.050048828125,3262.5,3026.465576171875,563709
2021-12-30,-0.11017348141758702,3278.0,3279.14990234375,3187.0,3200.800048828125,2969.2294921875,594987
2021-12-31,-0.8521652009027699,3230.0,3264.699951171875,3217.0,3249.25,3014.17431640625,248103
2022-01-03,0.12005589292052068,3258.699951171875,3292.60009765625,3251.5,3277.10009765625,3040.009521484375,266680
2022-01-04,0.4758333951467648,3284.0,3316.0,3270.64990234375,3289.14990234375,3051.1875,244503
2022-01-05,0.724189708736958,3289.14990234375,3365.0,3281.0,3358.550048828125,3115.566650390625,312215
2022-01-06,-0.33332394800215426,3344.800048828125,3429.0,3333.0,3418.199951171875,3170.901123046875,410181
2022-01-07,0.6192108324861952,3437.5,3437.5,3377.0,3392.5,3147.060546875,263996
2022-01-10,0.13935420194175094,3414.800048828125,3451.25,3404.449951171875,3435.10009765625,3186.57861328125,318473
2022-01-11,-0.003203160362318158,3413.0,3445.949951171875,3413.0,3436.75,3188.109130859375,225782
2022-01-12,0.17403353585395961,3446.10009765625,3452.0,3414.25,3440.10009765625,3191.216796875,198452
2022-01-14,-0.9929442070424557,3451.0,3462.199951171875,3425.0,3432.800048828125,3184.445068359375,127752
2022-01-17,0.824507330195047,3450.0,3527.0,3434.050048828125,3489.75,3237.274658203125,646271
2022-01-18,0.19795714031947267,3488.949951171875,3497.199951171875,3392.60009765625,3400.949951171875,3154.89892578125,656590
2022-01-19,-0.586368553705203,3400.949951171875,3462.300048828125,3383.050048828125,3436.800048828125,3188.1552734375,694189
2022-01-20,-0.8014780695731234,3398.89990234375,3448.0,3295.0,3308.75,3069.36962890625,874508
2022-01-21,-0.6572102779668058,3308.75,3473.949951171875,3270.0,3419.800048828125,3172.385498046875,1609260
2022-01-24,-0.930721996400583,3421.0,3454.199951171875,3350.0,3382.300048828125,3137.598388671875,788137
2022-01-25,-0.5936065722606145,3359.0,3490.0,3328.75,3469.10009765625,3218.118896484375,571406
2022-01-27,-0.9924028015811928,3445.0,3536.800048828125,3394.199951171875,3501.10009765625,3247.803466796875,664333
2022-01-28,-0.012207022596461078,3505.0,3562.300048828125,3485.10009765625,3497.199951171875,3244.185546875,575466
2022-01-31,-0.14012876246124506,3520.0,3585.64990234375,3487.0,3564.64990234375,3306.755859375,470500
2022-02-01,-0.9982251483597793,3577.0,3592.35009765625,3511.550048828125,3534.449951171875,3278.74072265625,487464
2022-02-03,0.9890977214090526,3550.0,3650.949951171875,3521.0,3621.10009765625,3359.1220703125,760774
2022-02-09,-0.9807752799242735,3452.0,3570.0,3452.0,3563.550048828125,3305.735595703125,352729
2022-02-14,0.46520570232744585,3465.0,3538.0,3461.35009765625,3487.949951171875,3235.60498046875,282645
2022-02-15,0.5270401811809279,3490.0,3601.0,3473.75,3589.199951171875,3329.529541015625,357052
2022-02-16,0.9996453145140549,3599.0,3640.0,3571.10009765625,3586.89990234375,3327.39599609375,244587
2022-02-17,0.9094984849216416,3590.10009765625,3660.0,3590.10009765625,3597.300048828125,3337.0439453125,513917
2022-02-18,0.971960618160665,3597.0,3642.5,3563.60009765625,3632.14990234375,3369.372314453125,277299
2022-02-21,0.9912465717643499,3624.14990234375,3637.949951171875,3567.35009765625,3579.5,3320.531494140625,344326
2022-02-23,-0.6753199398517609,3615.10009765625,3639.89990234375,3570.0,3580.300048828125,3321.273681640625,209392
2022-02-25,0.9834801207762212,3490.10009765625,3560.0,3490.10009765625,3508.39990234375,3254.5751953125,327777
2022-02-28,0.9387726121931337,3497.699951171875,3561.0,3448.050048828125,3530.35009765625,3274.9375,387040
2022-03-03,0.37429122018511407,3399.0,3404.800048828125,3279.0,3297.10009765625,3058.5625,536758
2022-03-04,0.9981375840143301,3251.0,3285.949951171875,3151.0,3242.10009765625,3007.541748046875,509620
2022-03-07,0.23760144730476895,3185.0,3279.0,3125.0,3234.64990234375,3000.63037109375,335205
2022-03-08,-0.48189866511529544,3229.0,3354.449951171875,3175.699951171875,3317.10009765625,3077.115478515625,557492
2022-03-09,0.23515236085014685,3320.0,3360.0,3293.0,3339.0,3097.43115234375,508262
2022-03-10,-0.16146773498039693,3399.0,3440.0,3385.39990234375,3422.35009765625,3174.751220703125,350154
2022-03-11,0.3221652364979188,3400.0,3445.5,3386.449951171875,3423.0,3175.353759765625,156038
2022-03-14,0.30800632347947815,3402.0,3464.949951171875,3368.0,3452.550048828125,3202.765869140625,245299
2022-03-15,0.5376198385686924,3441.0,3494.0,3426.35009765625,3454.050048828125,3204.157470703125,229544
2022-03-16,0.32133870256503166,3490.050048828125,3592.199951171875,3481.0,3569.800048828125,3311.533203125,262987
2022-03-17,0.5718962592072785,3580.0,3664.85009765625,3575.64990234375,3650.449951171875,3386.348388671875,429272
2022-03-21,-0.996533038909547,3650.449951171875,3718.0,3580.25,3589.050048828125,3329.390625,432309
2022-03-22,-0.530849607908749,3580.0,3662.0,3564.5,3656.449951171875,3391.914306640625,213667
2022-03-23,-0.1223564737093901,3664.949951171875,3683.35009765625,3590.0,3601.5,3340.939697265625,281347
2022-03-24,-0.331978589859015,3590.300048828125,3637.89990234375,3569.699951171875,3583.89990234375,3324.613037109375,385957
2022-03-25,-0.008554151669765512,3592.0,3659.14990234375,3592.0,3654.35009765625,3389.96630859375,492945
2022-03-28,-0.8900627692540487,3654.35009765625,3737.0,3645.050048828125,3687.75,3420.949951171875,688267
2022-03-29,0.058877393952570856,3697.800048828125,3735.0,3660.85009765625,3689.10009765625,3422.202392578125,376929
2022-03-30,0.27466235900382424,3729.64990234375,3729.64990234375,3665.25,3674.10009765625,3408.28759765625,343930
2022-03-31,0.9296570979058743,3680.0,3715.14990234375,3636.10009765625,3653.0,3388.7138671875,511249
2022-04-01,0.37431083188857883,3636.0,3746.0,3636.0,3739.89990234375,3469.326904296875,391985
2022-04-04,-0.37723492939646047,3750.0,3772.0,3716.39990234375,3763.64990234375,3491.358642578125,419517
2022-04-05,-0.16184916987549514,3765.0,3819.949951171875,3765.0,3809.699951171875,3534.076904296875,339228
2022-04-06,-0.8936863879983624,3801.0,3810.0,3741.60009765625,3801.800048828125,3526.74853515625,240470
2022-04-07,-0.1631428666820284,3801.85009765625,3819.60009765625,3771.050048828125,3802.25,3527.166015625,224527
2022-04-08,-0.3670549754646014,3812.300048828125,3836.0,3767.0,3810.35009765625,3534.679931640625,229962
2022-04-12,0.9788156021386385,3768.5,3776.699951171875,3676.050048828125,3712.050048828125,3443.49169921875,266145
2022-04-13,0.2482359663990792,3712.050048828125,3747.5,3669.10009765625,3697.300048828125,3429.808837890625,198206
2022-04-18,0.21505108755081892,3690.0,3758.25,3645.25,3714.60009765625,3445.857421875,373718
2022-04-19,-0.9844692935002968,3740.0,3774.60009765625,3618.35009765625,3657.14990234375,3392.563720703125,211918
2022-04-20,0.9844126595999114,3666.0,3734.949951171875,3652.300048828125,3720.75,3451.5625,174080
2022-04-21,0.47608650363981725,3705.0,3739.5,3680.10009765625,3702.35009765625,3434.49365234375,216475
2022-04-22,0.8969851806759834,3670.0,3694.75,3622.85009765625,3642.5,3378.973388671875,228316
2022-04-25,-0.45768583113593714,3602.0,3724.75,3600.0,3682.949951171875,3416.4970703125,444222
2022-04-26,0.01861891121370718,3704.949951171875,3905.0,3704.949951171875,3892.10009765625,3610.515625,1107122
2022-04-27,-0.7327962646726519,3870.0,3919.0,3846.0,3905.64990234375,3623.08544921875,541564
2022-04-28,0.09510198613861576,4000.0,4000.0,3805.0,3834.39990234375,3556.989990234375,1628318
2022-04-29,-0.8924340494753172,3805.0,3840.0,3711.35009765625,3729.550048828125,3459.725830078125,594650
2022-05-02,-0.7998150213120075,3720.0,3720.0,3606.0,3623.449951171875,3361.3017578125,376660
2022-05-04,-0.5961566822079476,3625.0,3683.0,3485.39990234375,3496.89990234375,3243.9072265625,575428
2022-05-05,0.5079184270696715,3538.800048828125,3595.0,3510.39990234375,3523.89990234375,3268.953857421875,323081
2022-05-06,-0.07313731641625054,3488.300048828125,3555.0,3460.0,3499.75,3246.55126953125,436366
2022-05-10,0.9810334600624628,3564.949951171875,3646.699951171875,3540.0,3593.050048828125,3333.101318359375,507087
2022-05-11,-0.414745688981687,3600.0,3627.949951171875,3537.300048828125,3612.85009765625,3351.46875,437746
2022-05-12,-0.2328294612270838,3585.0,3654.0,3539.199951171875,3585.0,3325.633544921875,777332
2022-05-13,0.6420376649669682,3618.050048828125,3736.0,3618.050048828125,3642.10009765625,3378.6025390625,633218
2022-05-16,0.32740769046358764,3650.0,3725.0,3650.0,3715.85009765625,3447.016845703125,401803
2022-05-17,-0.5161272143304814,3725.10009765625,3787.0,3725.10009765625,3742.89990234375,3472.10986328125,402398
2022-05-18,-0.9864578492706642,3743.0,3829.5,3736.199951171875,3791.199951171875,3516.915283203125,507061
2022-05-19,-0.07151789162307978,3691.89990234375,3778.0,3680.050048828125,3698.550048828125,3430.968505859375,261026
2022-05-20,-0.7092448137700558,3760.0,3849.0,3735.0,3787.800048828125,3513.761474609375,396832
2022-05-23,0.23733213134109973,3836.0,3874.5,3770.0,3786.14990234375,3512.230712890625,339483
2022-05-24,0.006115400698035955,3817.39990234375,3842.0,3771.050048828125,3783.300048828125,3509.587158203125,369304
2022-05-25,0.6475654189125635,3814.550048828125,3819.0,3742.25,3791.800048828125,3517.47216796875,225253
2022-05-26,0.9959083371795714,3801.10009765625,3870.0,3754.050048828125,3857.35009765625,3578.279541015625,419826
2022-05-27,0.23788094639670676,3875.0,3890.0,3823.050048828125,3833.050048828125,3555.73779296875,422591
2022-05-30,0.35380921547766775,3860.0,3903.14990234375,3843.050048828125,3856.699951171875,3577.6767578125,271827
2022-05-31,0.9171061040542554,3876.0,3958.0,3839.0,3864.10009765625,3584.541259765625,1154256
2022-06-01,-0.7937182023539208,3877.199951171875,3904.0,3707.300048828125,3720.10009765625,3450.95947265625,784215
2022-06-02,-0.19029646941926331,3720.10009765625,3749.89990234375,3666.35009765625,3688.699951171875,3421.830810546875,346754
2022-06-03,0.10372436247832541,3719.0,3733.89990234375,3650.0,3672.699951171875,3406.98876953125,409815
2022-06-06,0.440586153708864,3660.0,3869.75,3650.5,3817.0,3540.848876953125,1136609
2022-06-07,0.9744165612695118,3765.0,3853.64990234375,3765.0,3834.10009765625,3556.7119140625,561644
2022-06-09,-0.3038041976590951,3794.14990234375,3895.0,3779.39990234375,3878.64990234375,3598.03857421875,627869
2022-06-10,-0.12448507349472493,3956.300048828125,3971.0,3850.0,3881.0,3600.21875,1412838
2022-06-13,-0.509937773400452,3825.0,3895.050048828125,3794.449951171875,3881.25,3600.450439453125,519745
2022-06-14,-0.8422165545731938,3885.0,3915.75,3602.949951171875,3681.75,3415.384033203125,1733394
2022-06-15,-0.16719807086337823,3700.0,3742.64990234375,3645.0,3698.10009765625,3430.551025390625,753821
2022-06-16,-0.09743966637179255,3736.800048828125,3736.800048828125,3633.0,3658.199951171875,3393.53759765625,438590
2022-06-17,-0.5946690348675474,3670.0,3713.949951171875,3615.60009765625,3628.949951171875,3366.40380859375,727356
2022-06-20,0.9460616790068647,3620.25,3638.800048828125,3574.800048828125,3615.949951171875,3354.344482421875,268242
2022-06-21,0.2992223851615563,3631.0,3675.0,3616.050048828125,3645.25,3381.524658203125,424763
2022-06-22,-0.06863860071947177,3645.0,3721.5,3614.14990234375,3635.64990234375,3372.619140625,585483
2022-06-23,-0.27275504989665933,3680.10009765625,3796.0,3665.25,3784.800048828125,3510.978515625,1186420
2022-06-24,-0.838183781132102,3800.800048828125,3841.35009765625,3781.949951171875,3813.35009765625,3537.463134765625,558798
2022-06-27,-0.21424493298929354,3870.0,3958.449951171875,3817.0,3861.199951171875,3581.85107421875,1819576
2022-06-28,-0.22695976284901714,3839.949951171875,3907.199951171875,3783.050048828125,3889.0,3607.6396484375,799053
2022-06-29,0.827384715700949,3880.0,3900.0,3856.050048828125,3867.550048828125,3587.74169921875,524392
2022-06-30,0.006736779701896012,3750.0,3768.35009765625,3692.0,3706.60009765625,3567.577392578125,715926
2022-07-01,-0.989447450323496,3667.949951171875,3678.699951171875,3601.10009765625,3624.60009765625,3488.653076171875,756589
2022-07-04,-0.9752853750667002,3644.39990234375,3695.14990234375,3608.0,3679.75,3541.734375,536505
2022-07-05,-0.8802532099332894,3700.0,3700.0,3663.0,3682.75,3544.6220703125,294980
2022-07-06,0.2208833734464581,3682.0,3777.300048828125,3675.14990234375,3773.050048828125,3631.53515625,333226
2022-07-07,0.32799190810571116,3786.300048828125,3836.10009765625,3785.0,3795.5,3653.14306640625,534547
2022-07-08,-0.9868902808520943,3830.0,3830.0,3792.699951171875,3825.0,3681.53662109375,326804
2022-07-11,-0.9370489235967397,3820.0,3858.0,3795.0,3848.550048828125,3704.203369140625,372417
2022-07-12,-0.5893853511777707,3853.0,3863.0,3832.050048828125,3847.85009765625,3703.529541015625,244636
2022-07-13,0.33507405198179185,3858.0,3878.949951171875,3848.0,3860.75,3715.94580078125,308508
2022-07-14,-0.9760413924232125,3858.89990234375,3885.949951171875,3841.0,3863.199951171875,3718.3037109375,377688
2022-07-15,-0.20994700226001442,3863.0,3919.0,3861.0,3913.35009765625,3766.572998046875,281730
2022-07-18,0.509145865534083,3930.0,3990.0,3925.10009765625,3984.050048828125,3834.621337890625,513318
2022-07-19,0.01950626214966178,3977.050048828125,4036.0,3966.0,4002.0,3851.89794921875,512451
2022-07-20,0.9909563534893095,4018.0,4055.0,3999.0,4002.050048828125,3851.946044921875,377717
2022-07-21,0.016518565981338423,4004.64990234375,4070.60009765625,3993.449951171875,4057.050048828125,3904.88330078125,371547
2022-07-22,-0.21038436850067227,4065.0,4091.0,4045.25,4054.5,3902.4287109375,280291
2022-07-25,0.9931873688474298,4054.5,4073.949951171875,3998.300048828125,4021.14990234375,3870.32958984375,372987
2022-07-26,-0.40202221764332574,4014.0,4030.0,3917.0,3925.60009765625,3778.363525390625,882407
2022-07-27,-0.23135439728503115,3933.0,3960.0,3845.14990234375,3883.85009765625,3738.179443359375,514997
2022-07-28,0.13154410702797273,3884.0,3913.699951171875,3847.0,3858.25,3713.53955078125,423758
2022-07-29,0.4590556482144166,3899.0,3952.25,3878.0,3914.449951171875,3767.631591796875,412805
2022-08-01,-0.01763166149612516,3919.949951171875,3988.25,3915.0,3973.300048828125,3824.2744140625,459482
2022-08-02,0.03688926552422345,3973.300048828125,4005.0,3941.35009765625,3996.199951171875,3846.315185546875,398168
2022-08-03,-0.8581743259797804,3999.0,4010.0,3963.050048828125,4003.449951171875,3853.29345703125,312355
2022-08-04,-0.03968460176838562,4011.0,4035.0,3976.0,4011.699951171875,3861.234130859375,310996
2022-08-05,-0.9804359279572964,4025.0,4038.25,3993.050048828125,4013.10009765625,3862.58154296875,287542
2022-08-08,0.007472517318092287,4013.0,4039.89990234375,4000.0,4022.64990234375,3871.773193359375,238574
2022-08-10,0.2208562232553959,4014.0,4066.0,4014.0,4034.85009765625,3883.515869140625,218912
2022-08-11,0.2986307174433023,4050.10009765625,4058.25,4022.35009765625,4033.5,3882.216552734375,277432
2022-08-12,0.328591478348244,4033.5,4060.0,4013.75,4038.0,3886.547607421875,217139
2022-08-16,0.49393223853985546,4038.0,4100.0,4038.0,4091.14990234375,3937.7041015625,302627
2022-08-17,0.45184597486684863,4095.10009765625,4120.4501953125,4060.0,4067.89990234375,3915.326171875,313179
2022-08-18,-0.18535078465938568,4079.0,4079.0,4040.5,4060.64990234375,3908.347900390625,451908
2022-08-19,-0.8867815369158052,4052.0,4088.449951171875,4050.0,4074.550048828125,3921.726806640625,223883
2022-08-22,0.038898459666490776,4030.0,4073.39990234375,4008.800048828125,4041.60009765625,3890.0126953125,388178
2022-08-23,-0.5468818318913691,4025.0,4072.85009765625,4016.050048828125,4064.449951171875,3912.005615234375,172256
2022-08-25,-0.3329962481657276,4073.0,4095.64990234375,4051.10009765625,4062.949951171875,3910.561767578125,374693
2022-08-26,-0.5513883317554635,4075.0,4124.35009765625,4041.449951171875,4054.39990234375,3902.33251953125,453561
2022-08-29,0.9513084792852169,4024.949951171875,4050.0,3985.5,4030.050048828125,3878.89599609375,608621
2022-08-30,0.6099932857439854,4050.25,4128.9501953125,4011.550048828125,4084.85009765625,3931.640625,740581
2022-09-01,-0.5089468051883159,4010.0,4131.75,4010.0,4076.300048828125,3923.411376953125,510034
2022-09-02,-0.00226534033815066,4080.0,4102.7998046875,4025.39990234375,4030.89990234375,3879.7138671875,556543
2022-09-05,-0.17689653237660727,4050.0,4055.85009765625,3944.300048828125,3956.64990234375,3808.24853515625,799837
2022-09-06,-0.46787769786412053,3962.0,3990.0,3919.5,3929.39990234375,3782.020751953125,508096
2022-09-07,-0.8231613936717622,3915.0,3937.5,3811.199951171875,3845.64990234375,3701.412109375,724097
2022-09-08,-0.9850187324918807,3864.89990234375,3879.949951171875,3840.0,3846.60009765625,3702.326416015625,493973
2022-09-09,-0.8156727366149426,3865.85009765625,3880.0,3835.0,3848.60009765625,3704.25146484375,485613
2022-09-12,0.4034905643668026,3840.0,3889.800048828125,3825.0,3870.300048828125,3725.1376953125,369281
2022-09-13,-0.2520522097516472,3865.0,3890.0,3855.0,3866.5,3721.47998046875,507487
2022-09-14,-0.32344254525378346,3815.0,3918.949951171875,3811.60009765625,3850.25,3705.839599609375,576311
2022-09-15,0.38555509307687835,3865.0,3884.60009765625,3751.35009765625,3768.0,3626.674560546875,351737
2022-09-16,0.9969591039698571,3800.0,3800.0,3676.10009765625,3689.550048828125,3551.1669921875,579176
2022-09-19,0.13645507065146895,3700.0,3731.85009765625,3661.10009765625,3708.25,3569.16552734375,454942
2022-09-20,0.4916430155008129,3726.800048828125,3807.89990234375,3725.0,3768.60009765625,3627.252197265625,268923
2022-09-21,0.9990227020462044,3773.85009765625,3807.449951171875,3724.0,3730.60009765625,3590.677490234375,197924
2022-09-22,0.019453887012787163,3720.0,3760.0,3700.0,3728.89990234375,3589.041015625,149651
2022-09-23,-0.29346325846078497,3730.0,3770.0,3683.0,3698.89990234375,3560.166259765625,158122
2022-09-26,-0.9984730966971256,3668.89990234375,3686.75,3566.0,3574.5,3440.431884765625,517637
2022-09-27,-0.9972648263210431,3590.0,3594.949951171875,3510.10009765625,3541.89990234375,3409.0546875,344198
2022-09-28,-0.15446640155278146,3525.0,3573.89990234375,3505.0,3545.89990234375,3412.90478515625,181128
2022-09-29,0.11421564331976697,3563.0,3563.85009765625,3465.050048828125,3476.699951171875,3346.30029296875,350931
2022-09-30,-0.16356660146266222,3486.5,3553.949951171875,3461.25,3527.75,3395.435546875,276996
2022-10-03,0.06344481464475393,3527.75,3559.89990234375,3475.0,3515.35009765625,3383.500732421875,442640
2022-10-04,0.24803682412796965,3550.5,3599.89990234375,3539.199951171875,3579.60009765625,3445.3408203125,317554
2022-10-06,-0.8224400432780385,3597.5,3617.14990234375,3570.0,3594.64990234375,3459.826171875,353529
2022-10-07,-0.9501772589050234,3580.050048828125,3668.89990234375,3580.0,3603.550048828125,3468.392578125,591544
2022-10-10,-0.25335079664364457,3557.35009765625,3624.89990234375,3529.050048828125,3616.949951171875,3481.2900390625,240975
2022-10-11,-0.20217830916953972,3635.050048828125,3635.050048828125,3519.60009765625,3528.75,3396.39794921875,258827
2022-10-12,-0.4801126089114405,3546.39990234375,3653.0,3515.85009765625,3624.5,3488.556640625,496229
2022-10-13,-0.15950426447670907,3616.85009765625,3648.800048828125,3590.0,3604.800048828125,3469.595703125,336605
2022-10-14,-0.4615286498083151,3659.949951171875,3663.0,3552.14990234375,3570.5,3436.582275390625,499983
2022-10-17,-0.09775949786787598,3580.0,3674.800048828125,3578.0,3629.0,3492.887939453125,921084
2022-10-18,0.4208216501623004,3647.14990234375,3664.85009765625,3602.10009765625,3611.300048828125,3475.851806640625,496519
2022-10-19,0.9804849575739354,3629.39990234375,3716.949951171875,3623.75,3655.85009765625,3518.73095703125,456361
2022-10-20,0.0038359917816706,3629.35009765625,3703.89990234375,3586.0,3691.85009765625,3553.380615234375,310251
2022-10-21,-0.18742716731503606,3699.0,3720.35009765625,3641.75,3668.60009765625,3531.002685546875,207556
2022-10-25,-0.37975595401561196,3699.0,3727.0,3644.0,3654.10009765625,3517.046630859375,351456
2022-10-27,0.7735652792725887,3690.60009765625,3690.60009765625,3606.14990234375,3622.300048828125,3486.439208984375,333703
2022-10-28,0.4519052275223657,3640.449951171875,3719.0,3631.0,3670.699951171875,3533.02392578125,500485
2022-10-31,0.7467607309110462,3689.10009765625,3706.35009765625,3659.10009765625,3671.85009765625,3534.130859375,314769
2022-11-01,-0.1429643954252242,3686.550048828125,3744.199951171875,3663.0,3732.699951171875,3592.698486328125,514106
2022-11-02,0.348055362701416,3746.0,3746.0,3693.60009765625,3736.800048828125,3596.644775390625,317571
2022-11-03,-0.6789413981241523,3754.0,3814.0,3731.050048828125,3773.5,3631.96826171875,637882
2022-11-04,0.02446401083060274,3779.449951171875,3809.89990234375,3762.89990234375,3771.10009765625,3629.658447265625,230932
2022-11-07,0.021248329430818558,3790.0,3818.64990234375,3758.5,3769.85009765625,3628.455322265625,272013
2022-11-09,-0.9809413345064968,3790.0,3794.0,3717.85009765625,3739.550048828125,3599.29150390625,249436
2022-11-10,-0.9273682459024712,3739.550048828125,3770.0,3717.0,3724.60009765625,3584.90234375,291055
2022-11-15,0.8948847685242072,3726.050048828125,3789.0,3726.050048828125,3764.14990234375,3622.96875,296104
2022-11-16,0.03226223409209134,3757.0,3798.5,3739.64990234375,3747.449951171875,3606.89501953125,329588
2022-11-17,-0.3415301837376319,3749.0,3767.35009765625,3678.39990234375,3694.14990234375,3555.59423828125,185433
2022-11-18,-0.5316613829345442,3694.14990234375,3706.85009765625,3621.0,3632.949951171875,3496.689697265625,327528
2022-11-21,-0.33353053411285927,3615.0,3645.800048828125,3606.39990234375,3619.5,3483.744384765625,226673
2022-11-22,-0.5219201550515007,3636.0,3643.0,3585.0,3619.10009765625,3483.359375,322261
2022-11-23,-0.2007622164514032,3622.199951171875,3654.14990234375,3595.0,3607.85009765625,3472.53125,340707
2022-11-24,-0.2510696123703383,3617.199951171875,3629.64990234375,3598.449951171875,3620.14990234375,3484.369873046875,397640
2022-11-25,-0.997384924790822,3632.25,3652.699951171875,3601.0,3640.25,3503.7158203125,224797
2022-11-28,0.06372876381501555,3630.199951171875,3710.0,3630.199951171875,3676.699951171875,3538.798828125,185431
2022-11-29,-0.9805388175154803,3680.35009765625,3697.0,3652.0,3660.10009765625,3522.821533203125,134922
2022-11-30,-4.978626384399831e-05,3674.949951171875,3772.89990234375,3671.0,3750.699951171875,3610.023193359375,1267676
2022-12-01,-0.7083440088899806,3744.050048828125,3744.050048828125,3594.35009765625,3707.60009765625,3568.5400390625,514227
2022-12-02,-0.9176545714338621,3707.0,3712.35009765625,3640.800048828125,3659.35009765625,3522.099853515625,349992
2022-12-05,0.018857870556530543,3672.0,3672.0,3638.0,3659.89990234375,3522.62890625,163476
2022-12-06,-0.08654332683525151,3652.0,3699.800048828125,3642.10009765625,3694.800048828125,3556.219970703125,251515
2022-12-07,-0.6703445672562035,3694.800048828125,3708.550048828125,3629.550048828125,3634.64990234375,3498.325927734375,167024
2022-12-08,-0.6760348903248087,3635.050048828125,3658.550048828125,3618.0,3636.14990234375,3499.769775390625,141912
2022-12-09,-0.295170981005261,3650.0,3669.300048828125,3601.0,3616.949951171875,3481.2900390625,166035
2022-12-12,-0.11936959339488697,3616.949951171875,3624.60009765625,3573.550048828125,3596.75,3461.84765625,171844
2022-12-13,-0.4695156197412871,3614.75,3642.0,3591.300048828125,3636.75,3500.347412109375,126272
2022-12-14,0.3374671851828073,3650.0,3667.949951171875,3641.0,3652.050048828125,3515.073486328125,132320
2022-12-15,0.9969486116897315,3635.0,3656.0,3610.0,3619.300048828125,3483.5517578125,161541
2022-12-16,0.2549217503517866,3613.75,3627.89990234375,3539.0,3549.60009765625,3416.466064453125,228381
2022-12-19,0.6036917195655406,3567.35009765625,3636.35009765625,3550.0,3629.75,3493.60986328125,238078
2022-12-20,-0.12028091835340352,3634.0,3634.0,3581.39990234375,3613.60009765625,3478.065673828125,152284
2022-12-21,0.7711895315442234,3615.0,3657.14990234375,3592.60009765625,3611.050048828125,3475.611328125,149348
2022-12-22,0.45596607158326413,3629.14990234375,3647.89990234375,3581.550048828125,3600.85009765625,3465.793701171875,158182
2022-12-23,-0.0496224501170218,3580.0,3600.0,3533.0,3541.800048828125,3408.95849609375,122024
2022-12-26,0.1915803428273648,3542.0,3574.800048828125,3524.050048828125,3552.199951171875,3418.968505859375,140091
2022-12-27,-0.47897782373022185,3555.0,3600.0,3550.0,3590.949951171875,3456.264892578125,115917
2022-12-28,-0.9773472694990536,3580.0,3604.949951171875,3550.0,3586.85009765625,3452.319091796875,229748
2022-12-29,-0.03490931887354236,3579.0,3600.0,3540.0,3568.800048828125,3434.946044921875,748244
2022-12-30,0.016157367562603515,3580.0,3643.10009765625,3567.64990234375,3616.050048828125,3480.423583984375,287867
2023-01-02,-0.992053551657591,3617.0,3620.0,3520.449951171875,3573.949951171875,3439.90283203125,471328
2023-01-03,-0.9142133370041847,3562.5,3620.0,3562.5,3601.699951171875,3466.61181640625,218996
2023-01-05,-0.9974305035793805,3568.0,3632.5,3558.35009765625,3621.14990234375,3485.332275390625,294998
2023-01-06,-0.60111405881471,3618.0,3648.0,3598.0,3642.25,3505.640869140625,173591
2023-01-09,-0.6178396553732455,3660.5,3669.0,3606.0,3620.75,3484.947265625,200031
2023-01-10,-0.9949923435924575,3630.60009765625,3636.0,3563.300048828125,3574.199951171875,3440.143310546875,247609
2023-01-11,0.8639862069976516,3585.0,3589.949951171875,3531.050048828125,3538.050048828125,3405.34912109375,308958
2023-01-12,-0.04838774376548827,3538.050048828125,3580.0,3520.050048828125,3570.300048828125,3436.3896484375,182941
2023-01-13,-0.003558669239282608,3580.0,3617.85009765625,3555.14990234375,3605.300048828125,3470.076904296875,180876
2023-01-16,0.7323966738601614,3609.949951171875,3620.949951171875,3560.0,3583.14990234375,3448.757568359375,226147
2023-01-17,0.454339213281249,3590.0,3612.699951171875,3568.14990234375,3606.949951171875,3471.6650390625,106465
2023-01-18,-0.5703868716955185,3625.0,3638.75,3579.0,3609.89990234375,3474.50439453125,306275
2023-01-19,0.955254562664777,3599.949951171875,3628.949951171875,3572.0,3575.949951171875,3441.82763671875,226186
2023-01-20,0.06775686902213185,3583.050048828125,3586.60009765625,3551.25,3572.75,3438.74755859375,191361
2023-01-23,0.04239096205371121,3583.5,3627.0,3571.0,3623.550048828125,3487.642578125,173482
2023-01-24,0.9731373056226099,3626.0,3696.10009765625,3611.449951171875,3686.5,3548.231201171875,212778
2023-01-25,0.22291021571598119,3689.0,3740.0,3673.699951171875,3717.39990234375,3577.972412109375,375571
2023-01-27,-0.42644131332829904,3850.0,3995.0,3830.0,3936.75,3789.095458984375,2375899
2023-01-30,-0.07710115434019826,3940.0,3948.949951171875,3818.85009765625,3841.14990234375,3697.080810546875,654472
2023-01-31,-0.451032420784362,3878.0,3878.0,3801.0,3818.25,3675.039794921875,359118
2023-02-01,-0.19915412194095553,3829.449951171875,3886.39990234375,3760.10009765625,3811.300048828125,3668.3505859375,328212
2023-02-02,0.9866465032100677,3799.0,3859.10009765625,3740.0,3790.699951171875,3648.52294921875,309024
2023-02-03,0.9873887607827783,3785.0,3858.0,3769.199951171875,3852.550048828125,3708.053466796875,242350
2023-02-06,-0.45381113095209,3846.550048828125,3869.699951171875,3804.10009765625,3849.10009765625,3704.73291015625,205412
2023-02-07,-0.32224045232093584,3873.0,3895.0,3818.199951171875,3879.449951171875,3733.9443359375,246673
2023-02-08,0.048238924820907414,3898.85009765625,3898.85009765625,3835.5,3880.300048828125,3734.7626953125,309039
2023-02-09,0.29187735604743165,3879.89990234375,3890.5,3832.25,3845.75,3701.508544921875,249061
2023-02-10,0.8526002630630197,3845.0,3848.949951171875,3800.10009765625,3831.64990234375,3687.93701171875,170034
2023-02-13,-0.6557295744423755,3850.85009765625,3912.60009765625,3824.0,3883.5,3737.842529296875,372862
2023-02-14,-0.27480724584311245,3894.949951171875,3906.949951171875,3862.550048828125,3876.10009765625,3730.719970703125,251160
2023-02-15,0.004787206882610917,3866.60009765625,3911.89990234375,3850.0,3905.39990234375,3758.921142578125,214072
2023-02-16,0.048523191244125234,3910.0,3930.949951171875,3892.0,3906.60009765625,3760.076171875,166844
2023-02-17,0.4352108928374946,3890.0,3920.0,3872.0,3894.300048828125,3748.2373046875,167844
2023-02-20,-0.20451667881570756,3894.949951171875,3934.949951171875,3893.35009765625,3903.800048828125,3757.38134765625,169828
2023-02-21,-0.24836706998758018,3927.0,3927.0,3824.699951171875,3837.10009765625,3693.182861328125,177954
2023-02-22,-0.6587336686061462,3837.10009765625,3890.25,3814.949951171875,3840.699951171875,3696.647705078125,477992
2023-02-23,-0.9621001832808057,3847.5,3872.75,3815.199951171875,3831.89990234375,3688.177734375,299446
2023-02-24,-0.7636310458183289,3833.550048828125,3874.89990234375,3833.550048828125,3849.949951171875,3705.55078125,263732
2023-02-27,-0.08175260675224391,3799.949951171875,3799.949951171875,3626.050048828125,3639.85009765625,3503.331298828125,822866
2023-02-28,-0.2419085941898326,3647.0,3743.0,3625.60009765625,3661.199951171875,3523.88037109375,723245
2023-03-01,-0.22131802022825772,3670.0,3748.35009765625,3636.89990234375,3731.64990234375,3591.687744140625,432887
2023-03-02,0.3888100335263351,3731.050048828125,3757.35009765625,3680.0,3715.25,3575.903076171875,276614
2023-03-03,0.16424603387713432,3720.050048828125,3748.0,3697.449951171875,3732.0,3592.02490234375,281411
2023-03-06,-0.03912651321540276,3721.699951171875,3774.0,3718.14990234375,3723.050048828125,3583.410400390625,186747
2023-03-08,0.14289438491687179,3723.800048828125,3817.800048828125,3711.050048828125,3811.199951171875,3668.254150390625,478922
2023-03-09,-0.4937034906220755,3811.199951171875,3838.75,3801.0,3813.5,3670.4677734375,295897
2023-03-10,-0.3249514803367977,3830.0,3845.39990234375,3798.0,3821.89990234375,3678.552734375,530973
2023-03-13,-0.008351032272912562,3822.949951171875,3838.0,3768.300048828125,3778.449951171875,3636.732666015625,247745
2023-03-14,-0.9019154746900313,3778.449951171875,3794.449951171875,3735.89990234375,3752.89990234375,3612.140869140625,278919
2023-03-15,-0.11178881799181302,3774.89990234375,3787.5,3720.550048828125,3730.0,3590.099853515625,317890
2023-03-16,0.4072811650424098,3740.949951171875,3811.0,3740.949951171875,3800.199951171875,3657.666748046875,377544
2023-03-17,0.9602962594265895,3817.800048828125,3827.949951171875,3792.050048828125,3814.39990234375,3671.334228515625,396793
2023-03-20,-0.16254940046928823,3790.0,3834.949951171875,3785.10009765625,3805.0,3662.28662109375,331370
2023-03-21,0.7161805231124163,3806.5,3922.0,3796.75,3905.699951171875,3759.209716796875,803886
2023-03-27,-0.3639034501975402,3834.949951171875,3844.300048828125,3800.0,3807.550048828125,3664.7412109375,198811
2023-03-28,-0.9920338382944465,3821.0,3833.800048828125,3769.550048828125,3791.60009765625,3649.3896484375,144400
2023-03-29,0.25091039691603956,3810.5,3894.0,3800.14990234375,3879.300048828125,3733.800048828125,429300
2023-03-31,0.30324519611895084,3875.64990234375,3907.85009765625,3860.0,3884.75,3739.045654296875,248433
2023-04-03,-0.933318231254816,3904.800048828125,3995.0,3888.199951171875,3993.75,3843.957275390625,497915
2023-04-05,0.11768201214144938,3994.0,4026.949951171875,3960.050048828125,4023.14990234375,3872.254638671875,584697
2023-04-06,0.2313710603727183,4028.0,4065.0,4020.050048828125,4033.60009765625,3882.31298828125,321813
2023-04-10,0.18094262831436936,4035.050048828125,4072.0,4030.10009765625,4061.60009765625,3909.2626953125,218632
2023-04-11,0.574194699392787,4080.0,4183.5498046875,4070.550048828125,4177.39990234375,4020.71923828125,685931
2023-04-12,0.16976582822907302,4177.39990234375,4307.35009765625,4170.5,4286.0,4125.24609375,992142
2023-04-13,-0.9705681240186095,4270.0,4305.9501953125,4260.0498046875,4288.35009765625,4127.5078125,371608
2023-04-17,0.15522905932739378,4311.0,4311.0,4221.0498046875,4254.35009765625,4094.783447265625,718984
2023-04-18,0.22793022077530622,4254.25,4266.10009765625,4175.0498046875,4209.25,4051.37451171875,235015
2023-04-19,0.5039851834299043,4184.10009765625,4296.89990234375,4180.0498046875,4265.7998046875,4105.8037109375,406755
2023-04-20,-0.6317820793017745,4265.0,4330.5,4252.0498046875,4314.35009765625,4152.53271484375,409146
2023-04-21,0.9874641257338226,4323.0,4337.0,4283.0498046875,4308.2998046875,4146.70947265625,237639
2023-04-24,-0.006416478907340206,4308.2998046875,4354.9501953125,4282.7001953125,4332.10009765625,4169.6171875,279716
2023-04-25,-0.7838206338516708,4340.0,4375.0,4316.10009765625,4342.5498046875,4179.6748046875,367525
2023-04-26,0.05254300599182515,4345.0,4362.64990234375,4281.0,4299.0,4137.75830078125,964051
2023-04-27,0.07448635952291974,4300.0,4422.5498046875,4294.0,4408.2001953125,4242.86279296875,667011
2023-04-28,-0.05166187189752236,4397.35009765625,4439.7001953125,4390.0498046875,4431.9501953125,4265.72216796875,457064
2023-05-02,0.2956596940755844,4439.9501953125,4506.5,4424.0498046875,4498.0,4329.294921875,522701
2023-05-03,-0.9972234507149551,4484.5,4489.9501953125,4435.0,4447.85009765625,4281.02587890625,351550
2023-05-04,0.2670947242974459,4446.7998046875,4470.0,4437.25,4457.7001953125,4290.50634765625,191019
2023-05-05,-0.5253819217905402,4463.10009765625,4504.2998046875,4427.39990234375,4463.10009765625,4295.70361328125,180033
2023-05-08,0.99816460814327,4475.0,4558.0,4465.2001953125,4549.25,4378.62255859375,365732
2023-05-09,0.633384929940803,4572.85009765625,4577.0,4519.64990234375,4528.85009765625,4358.9873046875,329083
2023-05-10,0.10677362605929375,4555.0,4576.5,4529.35009765625,4555.9501953125,4385.0712890625,229527
2023-05-11,-0.8437008140181812,4594.0,4594.0,4535.10009765625,4547.89990234375,4377.32275390625,293197
2023-05-12,-0.4228533926029091,4545.0,4628.85009765625,4517.0,4538.89990234375,4368.66064453125,620213
2023-05-15,0.04467753111869873,4569.0,4608.5,4542.0498046875,4564.5498046875,4393.34814453125,534604
2023-05-16,-0.2753951812919695,4583.5,4595.0,4530.0,4538.35009765625,4368.13134765625,321308
2023-05-17,-0.02510340352697919,4550.0,4600.0,4509.0,4529.35009765625,4359.46875,346510
2023-05-18,0.5284222785946137,4539.9501953125,4572.4501953125,4513.25,4518.64990234375,4349.169921875,194233
2023-05-19,0.8217285424470901,4534.0,4550.14990234375,4464.0498046875,4483.2001953125,4315.0498046875,398571
2023-05-23,0.2159283120611993,4534.9501953125,4553.39990234375,4491.10009765625,4498.10009765625,4329.390625,239196
2023-05-24,0.05684038715636624,4505.5498046875,4552.2001953125,4492.0498046875,4517.60009765625,4348.15966796875,395343
2023-05-25,0.14871247851156763,4505.64990234375,4651.39990234375,4504.60009765625,4644.0,4469.818359375,1016606
2023-05-26,0.9659734293818474,4612.35009765625,4664.5498046875,4605.2998046875,4615.9501953125,4442.82080078125,484972
2023-05-29,0.2649114282685332,4659.9501953125,4663.14990234375,4608.10009765625,4618.5,4445.27490234375,301343
2023-05-30,-0.4540814238716848,4615.10009765625,4635.35009765625,4586.7001953125,4591.89990234375,4419.67236328125,229574
2023-05-31,0.4609108308068244,4589.7998046875,4628.9501953125,4552.64990234375,4567.14990234375,4395.85107421875,719613
2023-06-01,0.5304173390555661,4587.0,4669.7998046875,4567.25,4643.60009765625,4469.43359375,698733
2023-06-02,-0.11808665632270277,4674.2001953125,4707.0,4647.25,4669.10009765625,4493.9775390625,606833
2023-06-05,-0.5455166765023023,4688.0,4716.9501953125,4669.0,4710.0498046875,4533.39111328125,234925
2023-06-06,0.11900776852584946,4717.5,4744.9501953125,4710.0498046875,4726.25,4548.9833984375,353149
2023-06-07,-0.1424431753943541,4736.9501953125,4787.89990234375,4736.9501953125,4780.75,4601.439453125,239491
2023-06-08,-0.377008911786386,4800.85009765625,4829.89990234375,4776.7998046875,4800.64990234375,4620.59326171875,295499
2023-06-09,0.04520184380817227,4800.64990234375,4821.7998046875,4735.0,4743.39990234375,4565.490234375,208197
2023-06-12,-0.16969603858056612,4749.9501953125,4790.0,4733.35009765625,4769.64990234375,4590.755859375,137778
2023-06-13,-0.22998287160880865,4770.0,4795.0,4746.4501953125,4755.9501953125,4577.56982421875,247078
2023-06-14,-0.30341872785938906,4751.10009765625,4768.4501953125,4712.0,4730.2001953125,4552.78564453125,191238
2023-06-15,0.4226628564605822,4741.89990234375,4764.64990234375,4702.5,4721.5498046875,4544.4599609375,178304
2023-06-16,-0.8342767346417531,4695.0,4714.75,4620.0,4641.9501953125,4467.845703125,658995
2023-06-19,0.02437117968414289,4645.0,4655.0,4586.64990234375,4597.35009765625,4424.91796875,193043
2023-06-20,-0.7517202119537009,4585.0,4670.0,4569.0498046875,4662.0,4487.1435546875,453523
2023-06-21,-0.05024721488977472,4678.0,4703.64990234375,4637.0,4650.14990234375,4475.73779296875,274821
2023-06-22,0.062985955941258,4664.0498046875,4669.0,4601.60009765625,4612.10009765625,4439.115234375,180102
2023-06-23,0.20267756371758877,4613.10009765625,4655.0,4605.39990234375,4622.60009765625,4449.2216796875,348409
2023-06-26,0.5768222177090744,4624.75,4657.9501953125,4600.5498046875,4606.89990234375,4434.10986328125,298624
2023-06-27,-0.19283450881484895,4633.89990234375,4678.64990234375,4610.0,4618.0498046875,4444.841796875,444793
2023-06-28,0.34773230587597936,4630.0,4740.0,4620.10009765625,4716.2998046875,4539.40673828125,769406
2023-06-30,0.977848463691771,4636.0,4735.0,4635.0,4691.5498046875,4653.7275390625,587936
2023-07-03,-0.1807780495340315,4685.2001953125,4688.0,4588.0498046875,4610.64990234375,4573.47998046875,457367
2023-07-04,0.6260065575171372,4611.9501953125,4674.7998046875,4611.9501953125,4625.39990234375,4588.11083984375,286373
2023-07-05,0.540405420851635,4647.9501953125,4900.0,4633.0,4890.0498046875,4850.62744140625,891033
2023-07-06,0.40489208544022404,4890.0,4938.0,4832.0,4917.7001953125,4878.0546875,888595
2023-07-07,-0.4747879063070286,4875.5,4913.14990234375,4820.5498046875,4834.0,4795.029296875,405959
2023-07-10,-0.9192113125075897,4849.0,4951.0,4845.0498046875,4897.9501953125,4858.4638671875,659388
2023-07-11,0.31900120416789185,4938.5,4954.4501953125,4905.0,4917.64990234375,4878.0048828125,400593
2023-07-12,-0.4232287215068936,4929.0,4947.5,4867.0,4878.4501953125,4839.12109375,295827
2023-07-13,-0.026055598398670554,4921.0,4990.0,4849.85009765625,4866.4501953125,4827.2177734375,501038
2023-07-14,0.5025131082382157,4894.9501953125,4906.2998046875,4850.0,4859.60009765625,4820.42333984375,419873
2023-07-17,-0.007718884706264362,4883.9501953125,4906.39990234375,4821.10009765625,4833.14990234375,4794.18603515625,250127
2023-07-18,-0.19225696893408895,4845.5498046875,4995.10009765625,4830.0,4860.60009765625,4821.4150390625,270028
2023-07-19,0.5374506953870878,4881.0,4909.14990234375,4818.2001953125,4823.64990234375,4784.7626953125,247325
2023-07-20,0.20695739648155204,4828.0,4889.0,4782.0498046875,4868.7001953125,4829.44970703125,450566
2023-07-21,-0.8539333119988441,4842.10009765625,4879.39990234375,4835.25,4862.7001953125,4823.498046875,367833
2023-07-24,0.4836287685902789,4862.0,4919.0,4851.14990234375,4882.75,4843.38623046875,288534
2023-07-25,-0.11740386605055796,4884.5,4909.89990234375,4777.35009765625,4848.9501953125,4809.85888671875,743269
2023-07-26,-0.004184523561539559,4890.0,4903.5,4840.9501953125,4870.4501953125,4831.185546875,387130
2023-07-27,0.3472157308657188,4899.0,4908.0,4824.2998046875,4851.0,4811.892578125,321326
2023-07-28,-0.6535551112222796,4855.0,4900.0,4829.64990234375,4892.5,4853.0576171875,255158
2023-07-31,0.20815335812089455,4895.5,4938.39990234375,4866.0498046875,4931.39990234375,4891.64404296875,325463
2023-08-01,0.5566326112270222,4941.75,4978.64990234375,4899.14990234375,4923.9501953125,4884.25439453125,391794
2023-08-02,-0.4707139291567728,4913.39990234375,4937.9501953125,4821.25,4832.10009765625,4793.14501953125,249850
2023-08-03,-0.04046143247978762,4837.0,4913.64990234375,4806.0,4826.2998046875,4787.39111328125,418377
2023-08-04,0.013883264801864113,4830.0,4864.2001953125,4700.0,4712.0,4674.01318359375,451353
2023-08-07,-0.1249383342053209,4743.5498046875,4743.5498046875,4665.0,4670.10009765625,4632.45068359375,436583
2023-08-08,-0.6061846297040271,4670.10009765625,4698.0,4637.10009765625,4650.14990234375,4612.66162109375,487053
2023-08-09,0.201474003912881,4650.5,4689.7998046875,4616.10009765625,4666.5498046875,4628.92919921875,282034
2023-08-10,-0.46058947617129886,4670.0,4708.39990234375,4628.7998046875,4636.60009765625,4599.220703125,330123
2023-08-11,-0.48334652341145556,4636.60009765625,4650.0,4581.60009765625,4599.0498046875,4561.97314453125,274197
2023-08-14,-0.3870578374824783,4576.0,4633.7001953125,4541.0,4616.7001953125,4579.4814453125,154258
2023-08-16,-0.35335420661916334,4577.0,4615.0,4559.75,4600.60009765625,4563.51123046875,188763
2023-08-17,0.07358390510004635,4576.0498046875,4668.4501953125,4576.0498046875,4657.85009765625,4620.2998046875,311184
2023-08-18,-0.9349925323289686,4649.5498046875,4649.5498046875,4595.2998046875,4615.5498046875,4578.34033203125,243546
2023-08-21,-0.6099695799057372,4603.0,4629.9501953125,4592.7998046875,4610.85009765625,4573.6787109375,118491
2023-08-22,0.9964876218000427,4617.9501953125,4636.5498046875,4601.64990234375,4628.39990234375,4591.0869140625,96290
2023-08-23,0.08344414086812842,4640.0,4666.35009765625,4619.0,4660.75,4623.17626953125,263771
2023-08-24,0.18012505122460426,4689.0,4727.10009765625,4574.4501953125,4630.14990234375,4592.82275390625,433867
2023-08-25,-0.44736328686849447,4624.0,4646.89990234375,4569.75,4584.0498046875,4547.09423828125,293384
2023-08-28,0.3339180627517635,4586.5,4620.0,4586.0,4600.4501953125,4563.3623046875,283469
2023-08-29,0.0026418869383633137,4615.0,4671.0,4605.0498046875,4664.5498046875,4626.9453125,320941
2023-08-30,-0.4535511385287724,4688.9501953125,4720.7998046875,4661.60009765625,4675.0,4637.31103515625,370694
2023-08-31,0.2594905760585486,4675.0,4703.0498046875,4602.2001953125,4613.7998046875,4576.6044921875,479472
2023-09-01,-0.8037794472017724,4622.39990234375,4699.0,4619.0,4668.4501953125,4630.814453125,456071
2023-09-04,0.16136123195756227,4683.0,4689.39990234375,4622.39990234375,4637.14990234375,4599.76611328125,328037
2023-09-05,0.9694161983206868,4639.0,4735.0,4635.35009765625,4701.60009765625,4663.69677734375,353620
2023-09-06,-0.9792828136123717,4701.5,4710.0,4666.7001953125,4683.7998046875,4646.0400390625,224928
2023-09-07,-0.3387370555428788,4679.0,4725.0,4655.0,4717.2001953125,4679.17138671875,319934
2023-09-08,0.5896263148266977,4717.2001953125,4784.60009765625,4702.7001953125,4759.5498046875,4721.17919921875,209769
2023-09-11,0.46867611404741183,4779.0,4810.0,4763.0,4806.39990234375,4767.65185546875,151600
2023-09-12,-0.32789938151836395,4843.9501953125,4849.85009765625,4762.60009765625,4820.60009765625,4781.7373046875,305478
2023-09-13,-0.5550949306537708,4820.0,4843.0,4800.25,4808.2998046875,4769.53662109375,207142
2023-09-14,0.6172171345873115,4814.9501953125,4858.0,4787.5498046875,4844.5,4805.44482421875,249498
2023-09-15,-0.07255593335867161,4894.89990234375,5149.0,4893.0,5130.5,5089.13916015625,1689829
2023-09-18,-0.618977190926671,5124.0,5274.89990234375,5094.25,5176.64990234375,5134.9169921875,804973
2023-09-20,-0.2642844057797144,5176.0,5263.35009765625,5166.10009765625,5182.9501953125,5141.16650390625,622924
2023-09-21,-0.3004132928326726,5168.0,5185.5498046875,5073.10009765625,5085.2001953125,5044.20458984375,640829
2023-09-22,-0.25810261055084993,5051.0,5084.14990234375,4996.2001953125,5001.0498046875,4960.732421875,498375
2023-09-25,-0.2559378884131244,5000.0,5060.14990234375,4992.85009765625,5005.4501953125,4965.09765625,539731
2023-09-26,-0.382987004458361,5011.0,5102.9501953125,5000.14990234375,5069.2001953125,5028.33349609375,450923
2023-09-27,0.2893738248385489,5065.2001953125,5067.5498046875,5018.0,5032.9501953125,4992.37548828125,257406
2023-09-28,0.9900985946878791,5047.7998046875,5128.85009765625,4980.14990234375,5006.60009765625,4966.23828125,580065
2023-09-29,-0.8869078245013953,5029.0,5082.5,5004.89990234375,5063.7001953125,5022.8779296875,248079
2023-10-03,-0.583637606521899,5065.0,5073.0,4997.10009765625,5016.4501953125,4976.0087890625,464531
2023-10-04,-0.3257960077158218,5011.25,5019.2001953125,4903.0498046875,4918.60009765625,4878.947265625,256544
2023-10-05,-0.12030314602172719,4935.0,5039.2998046875,4925.10009765625,5011.0498046875,4970.65185546875,657876
2023-10-06,0.5034365818927264,5120.0,5120.0,4997.5,5014.60009765625,4974.17333984375,279352
2023-10-09,0.022946291137486696,4957.0498046875,5068.7001953125,4957.0498046875,5007.2998046875,4966.93212890625,244083
2023-10-10,-0.9204744781600311,5007.2998046875,5064.0,5002.2001953125,5037.5,4996.888671875,307502
2023-10-11,0.3239920064806938,5055.0,5095.0,5050.0,5064.39990234375,5023.57177734375,575680
2023-10-12,-0.15436843037605286,5085.0,5151.0,5051.10009765625,5106.60009765625,5065.431640625,472168
2023-10-13,-0.5391637204835812,5089.9501953125,5123.4501953125,5040.0,5052.39990234375,5011.66845703125,387366
2023-10-16,-0.9973803834291175,5035.0,5099.39990234375,5032.0,5076.7001953125,5035.77294921875,158560
2023-10-17,0.35894866158741934,5083.0,5150.0,5070.0,5141.25,5099.80224609375,318565
2023-10-18,-0.386862068327092,5150.0,5198.75,5125.64990234375,5137.35009765625,5095.93408203125,360985
2023-10-19,-0.30423589388166355,5300.0,5495.0,5245.0,5482.60009765625,5438.40087890625,2838352
2023-10-20,0.1728032782751446,5450.0,5510.0,5436.89990234375,5489.2998046875,5445.04638671875,763919
2023-10-23,-0.9742660562381692,5453.0498046875,5493.39990234375,5395.0498046875,5405.39990234375,5361.82275390625,451167
2023-10-25,-0.20959500879980625,5385.0,5423.9501953125,5332.2998046875,5347.2998046875,5304.19091796875,620266
2023-10-26,-0.6474904706595804,5333.85009765625,5347.4501953125,5236.0,5259.35009765625,5216.95068359375,746266
2023-10-27,0.0009428827208466828,5265.0,5423.7001953125,5265.0,5373.5498046875,5330.2294921875,843465
2023-10-30,-0.6101594801410102,5388.0,5397.75,5275.0,5308.89990234375,5266.1005859375,360967
2023-10-31,0.199546944996756,5340.0,5366.14990234375,5292.60009765625,5314.0498046875,5271.208984375,400987
2023-11-01,0.45883674891665577,5305.0,5449.5,5305.0,5344.35009765625,5301.26513671875,619765
2023-11-02,0.5894533842802048,5383.89990234375,5392.85009765625,5285.0,5318.39990234375,5275.5244140625,304362
2023-11-03,-0.03555077302735299,5357.0,5377.0498046875,5316.60009765625,5368.9501953125,5325.6669921875,448715
2023-11-06,-0.3359191648924025,5380.0,5427.5,5377.10009765625,5406.85009765625,5363.26123046875,394137
2023-11-07,-0.027677172895478594,5406.85009765625,5445.0,5405.2998046875,5419.0,5375.3134765625,202689
2023-11-08,0.41665637638652697,5434.0,5435.25,5381.25,5397.60009765625,5354.0859375,202145
2023-11-09,-0.15347424546988414,5421.7998046875,5455.0,5382.14990234375,5418.89990234375,5375.2138671875,232773
2023-11-10,0.32007833237730665,5409.9501953125,5427.0498046875,5349.0498046875,5392.0498046875,5348.58056640625,149325
2023-11-13,-0.5646085248386953,5435.0,5439.7998046875,5395.5498046875,5425.2001953125,5381.46337890625,93497
2023-11-15,-0.5161595356767066,5525.0,5555.0,5461.10009765625,5536.7001953125,5492.064453125,640468
2023-11-16,-0.1195326917222701,5520.0,5583.2998046875,5496.9501953125,5550.89990234375,5506.14990234375,324712
2023-11-17,-0.43008591179651295,5556.89990234375,5674.9501953125,5479.35009765625,5631.5,5586.10009765625,531539
2023-11-20,-0.22369010621332563,5610.0498046875,5675.9501953125,5606.0,5650.14990234375,5604.599609375,679425
2023-11-21,-0.9347631457494572,5640.5,5707.35009765625,5640.0,5685.9501953125,5640.111328125,746193
2023-11-22,-0.9677557535469532,5680.0,5764.89990234375,5661.2998046875,5751.5498046875,5705.18212890625,497403
2023-11-23,-0.5030082140583545,5800.0,5945.0,5783.10009765625,5925.25,5877.48193359375,1118718
2023-11-24,0.0001778333680704236,5940.0,5960.0,5900.0,5930.2998046875,5882.4912109375,297211
2023-11-28,0.10989276909351568,5969.7998046875,6039.64990234375,5912.0,5998.14990234375,5949.79443359375,380535
2023-11-29,-0.4945490112295374,6010.0,6096.39990234375,5973.2998046875,6069.9501953125,6021.015625,406974
2023-11-30,0.26320929254143266,6095.0,6128.89990234375,6031.0,6090.5498046875,6041.44921875,501833
2023-12-01,0.9475730457052123,6050.0,6090.0,6003.2998046875,6046.0498046875,5997.30810546875,439023
2023-12-04,-0.04064147277191902,6090.5498046875,6217.7001953125,6087.4501953125,6201.7001953125,6151.70361328125,359158
2023-12-05,-0.13546155880903826,6194.0498046875,6194.0498046875,6111.10009765625,6140.10009765625,6090.60009765625,565826
2023-12-06,0.34324112031996873,6089.0498046875,6096.0,5987.85009765625,6069.9501953125,6021.015625,699201
2023-12-07,-0.061238515307195485,6069.9501953125,6154.4501953125,6063.10009765625,6093.60009765625,6044.47509765625,427407
2023-12-08,-0.1567977302580733,6115.0,6120.0,6048.0498046875,6075.7001953125,6026.71923828125,233266
2023-12-11,-0.00021338864462450147,6085.0,6145.0,6018.2998046875,6138.39990234375,6088.91357421875,175955
2023-12-12,0.9493676882508831,6164.0,6299.9501953125,6149.9501953125,6254.2001953125,6203.7802734375,810900
2023-12-13,-0.41005184072613093,6259.89990234375,6329.0,6224.35009765625,6316.10009765625,6265.18115234375,373989
2023-12-14,0.5164536600974056,6325.0,6360.0,6284.2001953125,6334.85009765625,6283.77978515625,419212
2023-12-15,-0.13356452900916338,6368.9501953125,6402.10009765625,6256.14990234375,6275.2001953125,6224.61083984375,553522
2023-12-18,0.5586099263034865,6275.2001953125,6486.75,6262.14990234375,6465.7001953125,6413.5751953125,851061
2023-12-19,0.47828801561990986,6470.0,6470.25,6395.89990234375,6419.0,6367.25146484375,377109
2023-12-20,-0.3220711616644015,6434.0,6466.0,6350.0,6364.4501953125,6313.1416015625,385863
2023-12-21,0.4695186397584621,6333.2001953125,6345.0,6232.0,6246.35009765625,6195.99365234375,397717
2023-12-22,-0.22722773336303922,6288.0,6395.0,6264.25,6372.10009765625,6320.7294921875,237213
2023-12-26,-0.015487023734749528,6379.85009765625,6475.0,6370.0498046875,6464.5498046875,6412.43408203125,302139
2023-12-27,0.3911602025849182,6470.0,6740.25,6465.2001953125,6709.64990234375,6655.55810546875,1017894
2023-12-28,0.22126714889392524,6709.64990234375,6738.64990234375,6666.0,6703.2998046875,6649.25927734375,406228
2023-12-29,0.14118565758690238,6729.9501953125,6833.9501953125,6666.0,6797.25,6742.4521484375,345626
2024-01-01,0.5544719194760546,6770.0,6795.5,6682.0498046875,6701.10009765625,6647.0771484375,253274
2024-01-02,-0.31969843183954555,6711.0,6736.7998046875,6560.9501953125,6665.0498046875,6611.31787109375,361379
2024-01-03,-0.053951643567415886,6644.0498046875,7059.85009765625,6604.0,6986.5,6930.17626953125,1256275
2024-01-04,0.2954736455285456,7025.0,7028.9501953125,6887.0,6922.14990234375,6866.34521484375,619987
2024-01-05,0.365263482183218,6950.0,7084.0,6920.5,6978.5,6922.24072265625,659306
2024-01-08,-0.32319876411929727,7018.9501953125,7049.85009765625,6961.5,6983.85009765625,6927.5478515625,312733
2024-01-09,-0.4290252498780879,7341.0,7399.0,7075.89990234375,7093.89990234375,7036.71044921875,2125908
2024-01-10,-0.5692432824522257,7125.0,7139.9501953125,7020.0,7053.75,6996.88427734375,721432
2024-01-11,0.6441687322221696,7090.0,7324.89990234375,7075.0,7298.85009765625,7240.00830078125,1031594
2024-01-12,0.3844782750820741,7360.0,7360.9501953125,7252.0,7301.9501953125,7243.08349609375,434753
2024-01-15,0.31698309800898034,7301.9501953125,7301.9501953125,7301.9501953125,7301.9501953125,7243.08349609375,0
2024-01-16,0.748705667356262,7339.0,7356.14990234375,7244.0,7293.9501953125,7235.14794921875,272181
2024-01-17,-0.2733587536640698,7112.0,7210.0,7081.0,7165.9501953125,7108.18017578125,619338
2024-01-18,0.3403404649967949,7148.0,7189.25,7071.14990234375,7083.60009765625,7026.49365234375,557084
2024-01-19,0.2494040062185377,7138.7998046875,7180.0,7105.0,7136.5498046875,7079.0166015625,327976
2024-01-23,-0.0728942658752203,7075.0,7210.0,6936.5498046875,7095.89990234375,7038.6943359375,953921
2024-01-24,0.20347959990613163,7075.10009765625,7237.0,7028.2001953125,7212.85009765625,7154.70166015625,467134
2024-01-25,0.01203968447225634,7360.0,7625.14990234375,7210.0,7597.5,7536.25048828125,2065788
2024-01-29,0.14042050337108472,7594.0,7640.0,7480.0,7548.7998046875,7487.943359375,457853
2024-01-30,-0.16128998391179586,7574.89990234375,7660.0,7543.64990234375,7566.39990234375,7505.4013671875,266287
2024-01-31,0.28797139771955294,7566.39990234375,7686.0,7515.10009765625,7667.5498046875,7605.73583984375,336874
2024-02-01,0.7027708556270227,7680.0,7765.0,7636.35009765625,7655.75,7594.03125,394564
2024-02-02,-0.19405960403382777,7675.0,7797.5,7665.60009765625,7738.2001953125,7675.81640625,197720
2024-02-05,0.06353544486443173,7800.0,7838.0,7633.5,7658.25,7596.5107421875,252401
2024-02-06,-0.027076181994440656,7675.0,7747.7001953125,7670.60009765625,7720.39990234375,7658.15966796875,131992
2024-02-07,-0.11234577903524041,7745.0,7777.7998046875,7665.60009765625,7701.89990234375,7639.80908203125,159783
2024-02-08,0.31980881257914007,7729.0,7783.4501953125,7668.14990234375,7757.25,7694.712890625,282537
2024-02-09,-0.38468862645095214,7778.7998046875,7790.5,7669.0,7784.85009765625,7722.09033203125,173555
2024-02-12,0.5320418667203436,7775.0,7874.2001953125,7766.0498046875,7829.9501953125,7766.8271484375,219911
2024-02-13,-0.1816213713551406,7830.0,7935.14990234375,7811.9501953125,7917.39990234375,7853.57177734375,258767
2024-02-14,-0.07049431734152936,7899.0,8136.85009765625,7880.0,8083.2998046875,8018.13427734375,513900
2024-02-15,-0.7573974890401587,8120.60009765625,8156.85009765625,8045.2998046875,8123.0498046875,8057.5634765625,394525
2024-02-16,-0.5726320955902338,8185.85009765625,8455.4501953125,8137.10009765625,8325.0498046875,8257.935546875,938756
2024-02-19,0.18793575405354865,8400.0,8650.0,8361.099609375,8509.7001953125,8441.0966796875,1044959
2024-02-20,0.2599140329170041,8505.0,8505.0,8238.7001953125,8295.2001953125,8228.326171875,547082
2024-02-21,-0.13693103950936347,8300.0,8376.849609375,8205.0,8232.25,8165.88330078125,439817
2024-02-22,0.5283987351479785,8260.0,8550.0,8220.0,8498.4501953125,8429.9375,548486
2024-02-23,0.31812877058594796,8497.5,8531.0,8401.0498046875,8436.9501953125,8368.93359375,340749
2024-02-26,0.16942026217778525,8458.7998046875,8547.9501953125,8375.0,8448.0,8379.89453125,345968
2024-02-27,-0.18452212708070875,8460.0,8490.0,8383.5,8463.5,8395.26953125,392445
2024-02-28,0.22560566183165065,8470.0,8486.650390625,8071.85009765625,8188.64990234375,8122.634765625,537728
2024-02-29,-0.20689068094890734,7997.39990234375,8143.5,7890.0,7909.35009765625,7845.5869140625,1042536
2024-03-01,0.3212424325886079,7955.0,8094.0,7945.2998046875,8040.0498046875,7975.23291015625,399007
2024-03-04,0.9990580377343576,8068.75,8225.0,8046.64990234375,8207.2998046875,8141.13427734375,410053
2024-03-05,-0.08006199836157836,8160.0498046875,8388.0,8160.0498046875,8351.75,8284.419921875,615117
2024-03-06,-0.44193049702334974,8369.7001953125,8681.150390625,8364.0,8605.7998046875,8536.421875,959543
2024-03-07,0.3525009776931256,8638.0,8972.849609375,8500.0498046875,8879.0498046875,8807.46875,1243547
2024-03-11,-0.9715933598636184,9023.4501953125,9025.0,8630.0,8659.400390625,8589.58984375,631957
2024-03-12,-0.2547729204719265,8636.9501953125,8699.9501953125,8475.25,8527.7001953125,8458.9521484375,324864
2024-03-13,-0.3889695518882945,8527.7001953125,8617.2001953125,8296.9501953125,8384.900390625,8317.3037109375,430048
2024-03-14,-0.3895381831280247,8330.5,8400.0,8202.0498046875,8383.5498046875,8315.9638671875,392634
2024-03-15,-0.9971873083850369,8384.7998046875,8432.099609375,8110.0,8350.7001953125,8283.37890625,676870
2024-03-18,0.39681420630464953,8343.0,8547.150390625,8294.2001953125,8521.7998046875,8453.0986328125,367524
2024-03-19,-0.5086789000997669,8500.0,8687.900390625,8442.5498046875,8640.2001953125,8570.544921875,673456
2024-03-20,0.5685270449146629,8640.0,8784.0,8562.0,8635.599609375,8565.9814453125,790885
2024-03-21,0.072977609699592,8608.2001953125,8770.0,8585.0,8750.599609375,8680.0546875,720691
2024-03-22,-0.0740363246644847,8700.0498046875,9050.0,8682.0,8945.25,8873.1357421875,851210
2024-03-26,-0.6839620605848419,8945.25,9020.0,8851.0498046875,8960.5498046875,8888.3115234375,534067
2024-03-27,0.20914034792222083,8959.0,9287.7998046875,8926.7001953125,9162.5,9088.6337890625,1034030
2024-03-28,0.5459874750925408,9162.5,9243.599609375,8980.0498046875,9148.150390625,9074.400390625,847202
2024-04-01,0.5570053607225418,9194.7998046875,9211.599609375,9013.099609375,9042.150390625,8969.2548828125,419820
2024-04-02,0.5833287946879864,9150.0,9357.9501953125,9139.5,9276.099609375,9201.3173828125,803845
2024-04-03,0.9820172809995711,9248.9501953125,9248.9501953125,9065.2001953125,9080.4501953125,9007.24609375,453210
2024-04-04,-0.535743270535022,9139.0,9181.75,8988.0498046875,9146.150390625,9072.416015625,617929
2024-04-05,-0.05873446636542212,9130.0,9130.0,9000.5,9009.5,8936.8671875,356305
2024-04-08,-0.38931361539289355,9049.0,9090.0,8951.2998046875,9030.5,8957.6982421875,376197
2024-04-09,0.5452876999974251,9090.0,9132.7001953125,8936.400390625,8978.900390625,8906.5146484375,237944
2024-04-10,-0.9952982836402953,9034.7998046875,9049.7998046875,8901.349609375,9005.5498046875,8932.94921875,319824
2024-04-12,0.3084227174210052,8949.0498046875,9119.0,8930.0,9064.849609375,8991.7705078125,480474
2024-04-15,-0.34657871815337177,9059.099609375,9177.7001953125,8945.0,8997.0498046875,8924.517578125,386707
2024-04-18,0.04188062377506867,8967.900390625,9129.0,8950.0,9021.2998046875,8948.572265625,819240
2024-04-19,-0.4573415525115302,9075.0498046875,9090.0,8700.0498046875,8804.5,8733.5205078125,1385007
2024-04-22,0.31615706207230687,8884.0,8884.0,8745.0,8795.75,8724.8408203125,323734
2024-04-23,-0.10408207417155306,8845.0,8861.5,8761.0,8795.7998046875,8724.8896484375,295346
2024-04-24,0.46522927039768547,8819.900390625,8869.0,8680.0,8697.099609375,8626.9853515625,319824
2024-04-25,0.15995482813853484,8697.0,8770.0,8641.400390625,8734.900390625,8664.4814453125,524667
2024-04-26,-0.13019873666317752,8747.2998046875,8994.9501953125,8734.5498046875,8974.2998046875,8901.951171875,521344
2024-04-29,0.4915024833389907,8974.2998046875,8989.7998046875,8729.0,8760.099609375,8689.4775390625,299443
2024-04-30,0.32549443914710235,8799.400390625,8966.0,8795.0,8903.650390625,8831.87109375,360403
2024-05-02,0.6259180061897496,8944.0,9146.4501953125,8826.099609375,9110.650390625,9037.2021484375,638239
2024-05-03,0.06272514915053762,9170.0,9258.599609375,9064.349609375,9105.599609375,9032.1923828125,396042
2024-05-06,-0.8342674719169736,9120.0,9185.75,8810.5498046875,9052.5498046875,8979.5703125,458431
2024-05-07,-0.00944061421614606,9055.150390625,9074.9501953125,8642.5498046875,8677.900390625,8607.94140625,588285
2024-05-08,-0.17489278889358198,8651.0,8785.349609375,8592.7998046875,8749.400390625,8678.865234375,451581
2024-05-09,-0.15674708609003574,8800.0,9007.4501953125,8786.349609375,8846.849609375,8775.5283203125,645689
2024-05-10,0.023295441176742315,8950.0,9047.9501953125,8906.5,8981.7998046875,8909.390625,482797
2024-05-13,-0.1614321686252619,9022.900390625,9025.0,8870.5,8992.2998046875,8919.8056640625,435605
2024-05-14,0.2552128294482827,8952.25,9089.0,8882.75,9065.25,8992.16796875,408162
2024-05-15,-0.34976914811413734,9069.0,9125.0,8877.349609375,8903.150390625,8831.375,274392
2024-05-16,0.4012437717589949,8950.0,8955.5498046875,8710.0,8871.849609375,8800.3271484375,680474
2024-05-17,0.003141102410154417,8891.0,8958.349609375,8765.5,8780.7001953125,8709.912109375,323961
2024-05-21,0.9468349937815219,8775.0,8860.0,8775.0,8820.7001953125,8749.58984375,417798
2024-05-22,0.5761949884239584,8850.0,8850.0,8736.0,8805.5498046875,8734.5615234375,302838
2024-05-23,-0.049139308743178844,8850.0,8985.0,8751.2001953125,8963.4501953125,8891.1884765625,731514
2024-05-24,-0.4351810823136475,8980.0,9024.0,8870.099609375,8948.2001953125,8876.0615234375,455920
2024-05-27,-0.5338340926216916,9002.0,9069.4501953125,8881.7001953125,8998.7001953125,8926.154296875,301747
2024-05-28,-0.24884180778171866,8998.7001953125,9022.25,8916.2001953125,8989.75,8917.2763671875,259094
2024-05-29,0.1434560959993784,8950.0,9139.4501953125,8902.75,9070.2001953125,8997.078125,339934
2024-05-30,-0.7168749577196484,9068.0,9128.900390625,8927.599609375,8968.5,8896.1982421875,305109
2024-05-31,-0.12978031576230106,8990.0,9125.5,8923.0,9084.75,9011.5107421875,560005
2024-06-03,-0.10199735968490131,9180.0,9444.0,9122.5498046875,9335.4501953125,9260.1904296875,438422
2024-06-04,-0.9989394157310016,9227.0,9372.849609375,8808.0,9246.75,9172.205078125,738601
2024-06-05,0.10188533738255501,9241.0,9679.0,9176.0,9602.25,9524.8388671875,489543
2024-06-06,0.24430260279526314,9595.2998046875,9740.0,9454.0,9701.4501953125,9623.2392578125,570095
2024-06-07,0.22995546374780437,9643.599609375,9740.099609375,9615.0,9725.5498046875,9647.14453125,246783
2024-06-10,0.5600937482900917,9779.0,9924.0,9681.5,9733.0498046875,9654.583984375,201452
2024-06-12,0.1288826958334539,9854.0,9944.0,9795.7001953125,9904.25,9824.404296875,277175
2024-06-13,0.33573030269083876,9904.0,9940.0,9825.25,9923.400390625,9843.400390625,277783
2024-06-14,0.09531960428492832,9826.0,9995.0,9813.0498046875,9961.75,9961.75,320933
2024-06-18,0.35591389768524095,9922.0,10038.7998046875,9908.0,9918.2001953125,9918.2001953125,206100
2024-06-19,0.09093555134975097,9939.5,9948.0,9670.0,9685.7998046875,9685.7998046875,279789
2024-06-20,-0.5684626590918924,9692.0,9735.900390625,9565.0,9632.0,9632.0,324597
2024-06-21,-0.0050782115930425266,9675.0,9728.9501953125,9571.099609375,9602.25,9602.25,334018
2024-06-24,-0.11113649990875274,9580.0,9758.9501953125,9510.5498046875,9745.25,9745.25,283754
2024-06-25,0.8485810388461686,9755.0,9825.0,9645.0,9659.9501953125,9659.9501953125,282048
2024-06-26,0.2149834409239702,9659.900390625,9660.2998046875,9441.5,9474.650390625,9474.650390625,431217
2024-06-27,0.10189409667994671,9564.650390625,9564.650390625,9365.650390625,9417.4501953125,9417.4501953125,637626
2024-06-28,0.3127184193322642,9465.0,9523.7001953125,9382.25,9501.650390625,9501.650390625,237516
2024-07-01,0.6558428208809346,9505.0,9693.9501953125,9505.0,9532.400390625,9532.400390625,289355
2024-07-02,0.02268566781034072,9520.0,9532.400390625,9381.099609375,9401.25,9401.25,287884
2024-07-03,-0.15172081999480724,9474.0,9554.9501953125,9384.599609375,9422.400390625,9422.400390625,318120
2024-07-04,0.256394751323387,9479.900390625,9499.0,9420.349609375,9460.849609375,9460.849609375,234656
2024-07-05,0.3137790977077735,9522.0,9660.0,9493.2998046875,9635.7998046875,9635.7998046875,608628
2024-07-08,-0.0741567303087901,9640.0,9666.150390625,9470.0,9529.400390625,9529.400390625,316215
2024-07-09,-0.24404798501304217,9565.0,9565.0,9481.2001953125,9534.099609375,9534.099609375,262913
2024-07-10,-0.0026090055471286178,9550.0,9650.0,9451.9501953125,9542.4501953125,9542.4501953125,239607
2024-07-11,-0.14344796769520535,9542.4501953125,9569.5,9383.0,9466.7998046875,9466.7998046875,294900
2024-07-12,-0.3744329291262797,9499.9501953125,9554.349609375,9412.0,9430.75,9430.75,171581
2024-07-15,0.069653213059064,9430.75,9738.5,9403.9501953125,9673.349609375,9673.349609375,504086
2024-07-16,-0.06172548198642639,9715.0,9909.9501953125,9633.650390625,9718.349609375,9718.349609375,1041123
2024-07-18,-0.45149702191286323,9745.0,9745.0,9291.5,9626.2001953125,9626.2001953125,1055384
2024-07-19,0.49346101755509153,9635.0,9675.0,9340.0,9386.0498046875,9386.0498046875,380782
2024-07-22,-0.21731269112206064,9350.0,9435.0,9263.2001953125,9409.7001953125,9409.7001953125,247040
2024-07-23,0.9823830554960296,9435.0,9508.0,8744.599609375,9382.5,9382.5,431989
2024-07-24,-0.3781781651907497,9360.0,9372.7001953125,9250.0,9260.2001953125,9260.2001953125,283213
2024-07-25,0.023454463109374046,9260.0,9309.9501953125,9171.0,9278.25,9278.25,262328
2024-07-26,0.8415266639785841,9319.0,9505.0,9268.4501953125,9492.900390625,9492.900390625,250956
2024-07-29,-0.4168697360182705,9549.2001953125,9621.0498046875,9509.0,9557.650390625,9557.650390625,302363
2024-07-30,0.5944093187329903,9550.650390625,9654.0,9512.0,9564.349609375,9564.349609375,301885
2024-07-31,0.25650517935864625,9600.0,9680.0,9580.0498046875,9664.2001953125,9664.2001953125,315292
2024-08-01,0.3498452889422576,9844.0,9844.0,9662.0,9730.5,9730.5,308658
2024-08-02,0.25198285130318254,9714.7998046875,9730.0,9581.75,9616.2001953125,9616.2001953125,230615
2024-08-05,0.21376931397244334,9396.2001953125,9520.0,9369.2998046875,9485.0498046875,9485.0498046875,310757
2024-08-06,-0.5630278641358017,9515.25,9620.0,9400.0,9427.400390625,9427.400390625,246541
2024-08-07,0.2825430779873083,9570.0,9725.0,9497.5,9708.2001953125,9708.2001953125,270583
2024-08-08,0.3719605588509391,9735.0,9777.7001953125,9610.150390625,9641.2998046875,9641.2998046875,365016
2024-08-09,0.06848358721472322,9761.0,9775.0,9614.0,9765.9501953125,9765.9501953125,161640
2024-08-12,-0.2668574171839282,9741.0,9750.9501953125,9615.0,9710.849609375,9710.849609375,307698
2024-08-13,-0.27623755040743464,9700.0,9789.849609375,9650.0,9671.599609375,9671.599609375,161706
2024-08-14,0.9982177647179924,9704.0,9785.0,9671.599609375,9749.599609375,9749.599609375,282934
2024-08-16,0.5278011659393087,9788.0,9925.0,9693.9501953125,9888.150390625,9888.150390625,240190
2024-08-19,-0.5736430515768006,9926.9501953125,9944.0,9759.2998046875,9770.650390625,9770.650390625,148301
2024-08-20,0.6633619774615259,9772.2001953125,9876.650390625,9755.0498046875,9779.7001953125,9779.7001953125,132844
2024-08-21,-0.11960886733140796,9779.099609375,9869.0,9735.0,9852.0,9852.0,134985
2024-08-22,-0.9122405132899681,9900.0,10011.0,9841.099609375,9914.2001953125,9914.2001953125,388874
2024-08-23,-0.9488663709101578,9970.0,10444.349609375,9930.0,10406.4501953125,10406.4501953125,1229549
2024-08-26,-0.039105513994581995,10375.099609375,10517.150390625,10339.650390625,10432.5498046875,10432.5498046875,309223
2024-08-27,-0.576935637898714,10401.0,10568.4501953125,10350.0,10501.599609375,10501.599609375,262396
2024-08-28,-0.6291295668731133,10500.0,10715.0,10461.2998046875,10656.75,10656.75,338792
2024-08-29,0.7365310379318544,10582.0498046875,10850.0,10555.400390625,10807.849609375,10807.849609375,693506
2024-08-30,-0.002040766654924179,10835.0,10921.349609375,10705.0,10891.5498046875,10891.5498046875,498560
2024-09-02,-0.17980762811688086,10926.0,11154.099609375,10912.150390625,11126.099609375,11126.099609375,787108
2024-09-03,-0.28258825820295086,11105.9501953125,11118.7001953125,11015.0,11043.650390625,11043.650390625,217394
2024-09-04,-0.5312025684979744,11012.0,11029.849609375,10908.900390625,10963.7001953125,10963.7001953125,324246
2024-09-05,0.8780514691025019,10964.0,11015.849609375,10825.5498046875,10855.75,10855.75,297298
2024-09-06,-0.22984539224853506,10855.75,10913.9501953125,10796.25,10830.099609375,10830.099609375,216847
2024-09-09,-0.5130405324123178,10830.099609375,10902.400390625,10780.0,10847.599609375,10847.599609375,193055
2024-09-10,-0.6158323120749132,10793.400390625,11035.7001953125,10780.0498046875,10987.75,10987.75,466892
2024-09-11,0.3427051108155865,11067.75,11501.2998046875,10986.599609375,11420.75,11420.75,1283385
2024-09-12,-0.415670849615708,11480.75,11779.25,11443.349609375,11723.5,11723.5,1409151
2024-09-13,-0.22084236836235505,11723.5,11893.9501953125,11688.400390625,11737.150390625,11737.150390625,417878
2024-09-16,-0.2312288606373369,11734.0,11751.7998046875,11640.0498046875,11688.349609375,11688.349609375,172602
2024-09-17,-0.29012267938482444,11680.0,11972.849609375,11643.099609375,11950.2998046875,11950.2998046875,444755
2024-09-18,-0.8057195171713829,11840.5,12054.0,11740.0,11764.650390625,11764.650390625,446416
2024-09-20,-0.8572085052728653,11925.0,12015.0,11868.25,11941.7001953125,11941.7001953125,772831
2024-09-23,0.36683760727755726,12000.0,12380.0,12000.0,12338.9501953125,12338.9501953125,735579
2024-09-24,-0.6674773818813264,12230.5498046875,12477.5,12230.5498046875,12443.650390625,12443.650390625,503848
2024-09-25,-0.43284939229488373,12390.0,12430.7001953125,12310.0,12397.25,12397.25,262012
2024-09-26,-0.31109917163848877,12460.0,12676.5,12391.0498046875,12621.650390625,12621.650390625,641805
2024-09-27,-0.9372909027151763,12621.650390625,12774.0,12551.599609375,12666.400390625,12666.400390625,480852
2024-09-30,0.2823747652582824,12553.599609375,12651.150390625,12281.650390625,12345.9501953125,12345.9501953125,479000
2024-10-01,-0.2541737902890115,12414.25,12500.0,12112.099609375,12157.4501953125,12157.4501953125,670828
2024-10-03,-0.20206417208537458,11732.0,12018.849609375,11700.0,11806.4501953125,11806.4501953125,670365
2024-10-04,-0.2790191230073106,11661.2001953125,11948.2998046875,11639.0,11774.400390625,11774.400390625,650553
2024-10-07,-0.27189819715385966,11774.400390625,11817.0,11525.0,11617.0498046875,11617.0498046875,341323
2024-10-08,-0.4255961807838713,11585.0,11936.849609375,11562.2001953125,11889.099609375,11889.099609375,359432
2024-10-09,-0.07844530895332961,11944.0,11988.7998046875,11802.0,11818.099609375,11818.099609375,193883
2024-10-10,0.42569071729813,11821.5,12030.9501953125,11803.099609375,11832.0,11832.0,251378
2024-10-11,-0.21045602015510667,11890.0,11930.650390625,11705.599609375,11876.9501953125,11876.9501953125,200855
2024-10-14,-0.3821694619837217,11928.7998046875,11990.099609375,11861.599609375,11899.2998046875,11899.2998046875,177045
2024-10-15,-0.11541973805287853,11950.0,11950.0,11467.0,11521.5,11521.5,476945
2024-10-16,0.40123697223940064,11537.900390625,11680.0,11381.150390625,11616.9501953125,11616.9501953125,504602
2024-10-17,-0.3910963788714012,11222.2001953125,11287.349609375,10071.0,10119.4501953125,10119.4501953125,3668914
2024-10-18,-0.11991877577251712,10049.5498046875,10149.099609375,9841.099609375,10063.9501953125,10063.9501953125,1543331
