date,Reliance_avg_sentiment,Open,High,Low,Close,Adj Close,Volume
2021-08-02,-0.2700868546962738,1896.1182861328125,1919.2855224609373,1883.9808349609373,1912.9168701171875,1893.5574951171875,5462552
2021-08-04,-0.01923969015479088,1933.1304931640625,1951.2213134765625,1926.30029296875,1941.7606201171875,1922.109375,6584900
2021-08-05,-0.21347566028125584,1951.4981689453125,1988.879638671875,1942.2220458984373,1969.912109375,1949.9759521484373,10626039
2021-08-06,0.5329346796471245,1965.943115234375,1981.6341552734373,1918.685546875,1928.1925048828125,1908.6785888671875,8310493
2021-08-09,0.038827039301395416,1920.7623291015625,1928.884765625,1907.3787841796875,1917.208740234375,1897.8057861328125,3747071
2021-08-10,-0.6633493134674305,1921.685302734375,1950.29833984375,1914.070556640625,1927.26953125,1907.7647705078125,5959599
2021-08-11,-0.947823591530323,1935.484130859375,1956.75927734375,1922.9775390625,1954.2672119140625,1934.4892578125,4592481
2021-08-12,-0.7789761409163475,1961.281982421875,1962.48193359375,1942.914306640625,1947.9908447265625,1928.2764892578125,4068806
2021-08-13,0.04308040003525093,1954.2672119140625,1984.3570556640625,1946.5601806640625,1980.4342041015625,1960.3914794921875,6390450
2021-08-16,-0.8563192361325491,1983.849365234375,2033.3682861328125,1964.28173828125,2006.1397705078125,1985.8370361328125,10967722
2021-08-17,-0.7682160809636116,2001.847900390625,2016.9388427734373,1982.46484375,1997.60205078125,1977.3856201171875,6329084
2021-08-18,-0.33582280405486625,2006.601318359375,2018.4156494140625,1986.84912109375,2005.355224609375,1985.060302734375,5037930
2021-08-24,-0.9817337645217776,1998.3404541015625,2023.21533203125,1989.6180419921875,2015.554443359375,1995.15625,5932236
2021-08-26,-0.39136164063321693,2037.9832763671875,2072.0419921875,2035.2142333984373,2058.70458984375,2037.8697509765625,9294808
2021-08-27,-0.35788170124093693,2064.750244140625,2070.0576171875,2045.4134521484373,2055.889404296875,2035.0830078125,5240318
2021-08-30,-0.8146027624607086,2076.749267578125,2100.60888671875,2064.565673828125,2095.43994140625,2074.233154296875,7013531
2021-08-31,-0.9622539766132832,2101.577880859375,2107.900390625,2069.595947265625,2084.271728515625,2063.17822265625,13242731
2021-09-02,-0.7360119910112449,2081.3642578125,2130.0986328125,2081.3642578125,2117.73046875,2096.29833984375,4978385
2021-09-03,-0.2369173886545468,2132.129150390625,2210.584228515625,2125.206787109375,2204.584716796875,2182.273681640625,15332214
2021-09-06,0.45574075216427445,2227.1982421875,2289.039306640625,2226.275146484375,2238.828125,2216.170654296875,16820855
2021-09-07,-0.48101049413283664,2242.88916015625,2268.733154296875,2226.275146484375,2252.949951171875,2230.1494140625,8674941
2021-09-08,0.006165448110550642,2263.1953125,2265.041259765625,2221.337158203125,2244.13525390625,2221.423828125,7150825
2021-09-09,-0.3584089109485614,2240.950927734375,2250.134765625,2230.0595703125,2238.828125,2216.170654296875,4481624
2021-09-13,-0.2334732245071791,2245.658203125,2245.658203125,2185.70947265625,2188.93994140625,2166.787109375,8155580
2021-09-14,0.0175081791489252,2192.124267578125,2209.6611328125,2183.817138671875,2186.07861328125,2163.95458984375,4454178
2021-09-16,-0.9904955307720229,2198.169921875,2249.119384765625,2184.740234375,2241.227783203125,2218.545654296875,6724441
2021-09-17,-0.9566795495338738,2257.6572265625,2266.748779296875,2192.677978515625,2206.476806640625,2184.146484375,17441066
2021-09-21,-0.9956693489220925,2219.814208984375,2230.52099609375,2200.43115234375,2219.537353515625,2197.074951171875,4957868
2021-09-22,-0.9733135740971193,2222.583251953125,2253.965087890625,2213.583984375,2243.350830078125,2220.6474609375,5497956
2021-09-23,0.07629647416373093,2258.949462890625,2304.730224609375,2257.19580078125,2298.177001953125,2274.91845703125,7874198
2021-09-24,-0.9113407502882183,2310.77587890625,2312.529541015625,2281.6552734375,2291.53125,2268.340087890625,7596081
2021-09-27,-0.4641373162823064,2295.500244140625,2335.096923828125,2284.701171875,2330.066650390625,2306.48583984375,7686917
2021-09-28,0.011715515633113682,2338.881103515625,2367.40185546875,2319.3134765625,2351.849365234375,2328.0478515625,9017629
2021-09-29,-0.9139669314026833,2372.109130859375,2372.109130859375,2326.00537109375,2333.204833984375,2309.592041015625,4859937
2021-09-30,0.2731536099066337,2330.57421875,2339.43505859375,2307.822265625,2325.266845703125,2301.734375,6795327
2021-10-01,-0.5302952298273643,2309.299072265625,2344.234619140625,2302.88427734375,2329.374267578125,2305.80029296875,4479464
2021-10-04,-0.09705793494358658,2356.418212890625,2376.585693359375,2341.6962890625,2359.32568359375,2335.4482421875,5459276
2021-10-05,-0.0010343804024159908,2358.3564453125,2410.875244140625,2351.203125,2408.290771484375,2383.918212890625,6766817
2021-10-06,-0.3372742354404181,2418.212890625,2418.212890625,2354.66455078125,2362.74072265625,2338.828857421875,5129440
2021-10-07,0.8871472874772734,2395.18408203125,2398.6455078125,2369.986328125,2374.324462890625,2350.29541015625,3168332
2021-10-08,0.02220372622832656,2386.184814453125,2477.700439453125,2382.7236328125,2465.56298828125,2440.610595703125,7886246
2021-10-11,0.23341979824804834,2493.391357421875,2510.55908203125,2441.6572265625,2448.39501953125,2423.616455078125,7384333
2021-10-12,0.4228703016065992,2441.334228515625,2476.408203125,2437.872802734375,2462.37841796875,2437.458251953125,3341005
2021-10-13,-0.13934805356354144,2472.716064453125,2510.09765625,2463.762939453125,2487.43798828125,2462.264404296875,4979881
2021-10-14,0.012025551812257618,2492.422119140625,2508.20556640625,2480.28466796875,2492.46826171875,2467.24365234375,4311734
2021-10-18,0.2700132151367143,2463.116943359375,2533.634033203125,2457.302001953125,2499.114013671875,2473.822021484375,6797239
2021-10-19,0.19112810492515564,2514.06640625,2539.4951171875,2499.483154296875,2521.49658203125,2495.97802734375,4416704
2021-10-20,0.4043086317057411,2531.557373046875,2531.557373046875,2484.253662109375,2492.46826171875,2467.24365234375,6355285
2021-10-21,0.410121541513945,2517.389404296875,2517.943115234375,2402.752685546875,2420.566650390625,2396.069580078125,10415834
2021-10-22,-0.2547366806705083,2418.259033203125,2459.701904296875,2410.41357421875,2425.08935546875,2400.54638671875,5513737
2021-10-25,-0.9940712013049051,2473.63916015625,2473.63916015625,2372.109130859375,2401.46044921875,2377.15673828125,8599208
2021-10-26,0.9904249012470245,2415.58251953125,2463.393798828125,2402.70654296875,2456.148193359375,2431.291259765625,4875089
2021-10-27,-0.4763532880693674,2447.795166015625,2470.685546875,2418.212890625,2425.08935546875,2400.54638671875,4948149
2021-10-28,-0.9332322664558887,2418.259033203125,2434.826904296875,2391.03076171875,2398.5068359375,2374.23291015625,4943090
2021-10-29,-0.937764972448349,2396.24560546875,2396.24560546875,2309.068359375,2340.9580078125,2317.2666015625,7116512
2021-11-03,0.9878674321807921,2313.083251953125,2325.959228515625,2271.502197265625,2292.362060546875,2269.16259765625,5994715
2021-11-04,-0.9573433306068182,2300.991943359375,2312.02197265625,2298.269287109375,2306.437744140625,2283.095703125,852828
2021-11-08,-0.9533287300379015,2325.4052734375,2325.959228515625,2267.25634765625,2309.299072265625,2285.927978515625,10168591
2021-11-09,-0.9904801533557475,2312.1142578125,2334.173828125,2295.54638671875,2327.5283203125,2303.972900390625,7841248
2021-11-11,-0.9310084283351898,2344.46533203125,2372.570556640625,2340.311767578125,2357.848876953125,2333.98681640625,5361239
2021-11-12,-0.9604152403771877,2365.555908203125,2398.6455078125,2360.110107421875,2393.430419921875,2369.2080078125,4356170
2021-11-22,-0.6766586743926216,2248.51953125,2260.42626953125,2169.97216796875,2181.740478515625,2159.66064453125,12062153
2021-11-23,-0.7499300020135706,2153.404296875,2216.35302734375,2131.206298828125,2202.138671875,2179.852294921875,12663499
2021-11-24,-0.32589814936121303,2196.7392578125,2224.3369140625,2163.095947265625,2170.341552734375,2148.376953125,8410148
2021-11-25,-0.7668400955525512,2190.2783203125,2309.34521484375,2175.648681640625,2300.991943359375,2277.705078125,21200968
2021-11-26,-0.9915518643489728,2277.778564453125,2286.823974609375,2216.583740234375,2226.8291015625,2204.292724609375,7881569
2021-11-29,-0.9235034584756553,2251.28857421875,2307.499267578125,2214.368408203125,2253.503662109375,2230.697265625,12162677
2021-11-30,-0.48672265955246985,2277.963134765625,2285.2548828125,2204.90771484375,2220.183349609375,2197.71435546875,16086149
2021-12-01,-0.9907596601406112,2245.658203125,2283.501220703125,2238.366455078125,2277.040283203125,2253.995849609375,5052305
2021-12-02,-0.991388751892373,2279.5322265625,2303.99169921875,2272.055908203125,2291.669677734375,2268.477294921875,6360205
2021-12-03,-0.9632037878036499,2306.0224609375,2306.11474609375,2215.19921875,2222.81396484375,2200.318115234375,9611240
2021-12-06,-0.9282401166856289,2229.96728515625,2238.274169921875,2175.648681640625,2180.678955078125,2158.609619140625,5166127
2021-12-07,-0.2514179864277442,2193.185791015625,2218.89111328125,2178.279296875,2198.44677734375,2176.19775390625,5617561
2021-12-08,0.33578180397550267,2237.443603515625,2244.550537109375,2221.01416015625,2231.905517578125,2209.31787109375,4372089
2021-12-09,-0.9464676957577467,2247.504150390625,2284.331787109375,2238.274169921875,2267.302490234375,2244.356689453125,6606773
2021-12-10,0.0016720480780350044,2252.349853515625,2276.1171875,2243.212158203125,2269.610107421875,2246.640869140625,4182207
2021-12-13,-0.10818823147565126,2283.039794921875,2283.593505859375,2218.89111328125,2224.106201171875,2201.597412109375,6450866
2021-12-14,-0.7613037875853479,2196.7392578125,2220.7373046875,2190.6474609375,2196.877685546875,2174.64453125,6495761
2021-12-15,-0.3650349833071232,2200.43115234375,2219.814208984375,2179.29443359375,2190.462890625,2168.294677734375,4683484
2021-12-16,-0.3272714552779992,2220.460205078125,2229.505615234375,2186.26318359375,2218.798828125,2196.34375,4880639
2021-12-17,-0.5116879259294365,2213.3994140625,2222.583251953125,2141.359130859375,2160.234619140625,2138.372314453125,10524910
2021-12-20,-0.04798463173210621,2139.374755859375,2139.374755859375,2074.072509765625,2101.993408203125,2080.720458984375,7162923
2021-12-21,0.1803323080918441,2133.375244140625,2165.357177734375,2115.699951171875,2133.282958984375,2111.693359375,6418280
2021-12-22,-0.002193549880757928,2145.8818359375,2189.262939453125,2143.205322265625,2183.909423828125,2161.8076171875,8829271
2021-12-23,-0.9909716032561846,2191.201171875,2196.7392578125,2176.4794921875,2183.125,2161.03076171875,4536200
2021-12-24,-0.9801971167325974,2187.50927734375,2207.815185546875,2157.557861328125,2190.09375,2167.92919921875,3943247
2021-12-27,-0.4827658314607106,2179.7099609375,2194.893310546875,2167.295654296875,2187.739990234375,2165.59912109375,2008611
2021-12-28,0.06637098512370497,2192.677978515625,2219.67578125,2190.324462890625,2213.722412109375,2191.31884765625,3187306
2021-12-29,0.4918838394805789,2206.892333984375,2232.736328125,2198.677490234375,2217.5068359375,2195.06494140625,7712656
2021-12-30,0.7537301192060113,2215.19921875,2219.76806640625,2164.988037109375,2177.448486328125,2155.412109375,14666585
2021-12-31,-0.2703007713477264,2190.2783203125,2200.3388671875,2178.279296875,2185.8017578125,2163.6806640625,4738645
2022-01-03,-0.18985370562101403,2182.894287109375,2222.537109375,2181.555908203125,2218.752685546875,2196.298095703125,2710805
2022-01-04,-0.9909448590769898,2229.875,2271.502197265625,2218.89111328125,2268.825439453125,2245.8642578125,5423864
2022-01-05,-0.9805774381384254,2272.42529296875,2286.270263671875,2245.612060546875,2279.43994140625,2256.37109375,5821906
2022-01-06,-0.013893950632528254,2262.456787109375,2265.041259765625,2223.506103515625,2230.4287109375,2207.856201171875,7223711
2022-01-07,-0.16381176737559144,2243.76611328125,2268.779296875,2225.85986328125,2248.42724609375,2225.672607421875,6556057
2022-01-10,-0.48803038732148707,2263.1953125,2267.810302734375,2230.013427734375,2250.273193359375,2227.49951171875,4623365
2022-01-11,-0.47447339075469325,2248.42724609375,2284.3779296875,2247.504150390625,2266.471923828125,2243.53466796875,8102582
2022-01-12,-0.9742894973605871,2281.009033203125,2330.528076171875,2275.194091796875,2326.974365234375,2303.42431640625,7400221
2022-01-13,0.47977764550596474,2327.113037109375,2345.34228515625,2315.25244140625,2340.0810546875,2316.398681640625,5928356
2022-01-14,0.9616160988807678,2339.80419921875,2369.616943359375,2331.358642578125,2343.49609375,2319.779052734375,9965088
2022-01-18,-0.24050911725498736,2358.033447265625,2365.048095703125,2322.036376953125,2327.62060546875,2304.064208984375,3107514
2022-01-19,-0.002520603205387791,2335.189208984375,2346.26513671875,2315.80615234375,2327.43603515625,2303.881591796875,4877742
2022-01-20,0.7440898716449738,2307.54541015625,2316.68310546875,2265.964111328125,2286.685546875,2263.54345703125,8247243
2022-01-21,0.15249556828348432,2263.1953125,2309.575927734375,2263.1953125,2287.0546875,2263.908935546875,6669297
2022-01-24,0.21834284998476505,2284.42431640625,2311.883544921875,2173.756591796875,2194.801025390625,2172.5888671875,10934468
2022-01-25,-0.7724188103456981,2168.6337890625,2204.72314453125,2127.51416015625,2190.509033203125,2168.34033203125,12255102
2022-01-27,-0.03000993112800643,2156.127197265625,2174.679443359375,2133.098388671875,2158.0654296875,2136.22509765625,10010215
2022-01-28,-0.9871484834584408,2182.894287109375,2192.954833984375,2149.112548828125,2155.98876953125,2134.169189453125,7333863
2022-01-31,0.2797119403257966,2178.4638671875,2221.1064453125,2174.771728515625,2202.8310546875,2180.53759765625,6071841
2022-02-01,0.06538596230426005,2222.583251953125,2234.213134765625,2166.37255859375,2195.539306640625,2173.319580078125,6600254
2022-02-03,-0.12421472440473735,2207.815185546875,2216.53759765625,2166.46484375,2171.58740234375,2149.610107421875,4786419
2022-02-04,-0.9732923535630107,2160.7421875,2167.61865234375,2142.37451171875,2151.7890625,2130.012451171875,5530620
2022-02-07,-0.6241827007721771,2161.665283203125,2175.32568359375,2127.51416015625,2138.6826171875,2117.038330078125,5357233
2022-02-08,-0.9528159610927105,2151.189208984375,2178.279296875,2132.129150390625,2174.63330078125,2152.625244140625,6030424
2022-02-09,-0.9798664794303477,2188.57080078125,2203.384765625,2176.433349609375,2199.9697265625,2177.705322265625,5743112
2022-02-10,0.05845740751828998,2211.230224609375,2211.230224609375,2182.986572265625,2197.70849609375,2175.466796875,6232245
2022-02-11,-0.9114731214940548,2190.509033203125,2200.892822265625,2163.603515625,2193.41650390625,2171.21826171875,7971685
2022-02-14,-0.8786026984511409,2160.050048828125,2173.6181640625,2134.898193359375,2158.48095703125,2136.63623046875,5359816
2022-02-15,-0.3152305940166116,2170.15673828125,2237.259033203125,2155.850341796875,2231.76708984375,2209.1806640625,5606335
2022-02-17,-0.5735941749997437,2233.75146484375,2265.871826171875,2224.42919921875,2255.349609375,2232.524658203125,6426626
2022-02-18,0.0041929848957806826,2256.180419921875,2267.25634765625,2233.797607421875,2237.720458984375,2215.073974609375,3387729
2022-02-21,-0.9712457647547126,2226.275146484375,2249.811767578125,2200.985107421875,2215.10693359375,2192.689208984375,5553596
2022-02-23,-0.988537572324276,2216.214599609375,2221.244873046875,2185.663330078125,2191.247314453125,2169.0712890625,3655055
2022-02-24,-0.9570205267518759,2127.51416015625,2159.72705078125,2070.657470703125,2082.056396484375,2060.9853515625,12423325
2022-02-25,0.9762765178456903,2104.531494140625,2130.237060546875,2100.97802734375,2108.085205078125,2086.750732421875,7285044
2022-02-28,-0.03028052480129356,2070.288330078125,2185.063232421875,2070.288330078125,2177.86376953125,2155.822998046875,10648723
2022-03-02,-0.040786257246509194,2154.696533203125,2216.122314453125,2149.850830078125,2213.86083984375,2191.4560546875,10735893
2022-03-03,-0.7654558825772255,2215.19921875,2228.90576171875,2187.555419921875,2195.170166015625,2172.9541015625,5093374
2022-03-04,0.9239775873720646,2171.818115234375,2182.248046875,2141.682373046875,2146.48193359375,2124.7587890625,5402833
2022-03-08,-0.9533962868154049,2041.2137451171875,2073.057373046875,2012.1392822265625,2063.36572265625,2042.4837646484373,10644687
2022-03-10,-0.9818443906027824,2215.19921875,2219.814208984375,2178.279296875,2208.0458984375,2185.69970703125,8990246
2022-03-11,0.03338930616155267,2193.09326171875,2225.352294921875,2193.09326171875,2214.41455078125,2192.00390625,6128711
2022-03-14,-0.24259243657191595,2203.10791015625,2237.720458984375,2191.201171875,2232.59765625,2210.0029296875,4170339
2022-03-15,-0.7480944747528012,2240.9970703125,2240.9970703125,2160.603759765625,2181.463623046875,2159.38623046875,7962884
2022-03-16,-0.7982422010843746,2198.585205078125,2222.490966796875,2194.0625,2218.291259765625,2195.84130859375,5574914
2022-03-17,0.590611777594313,2245.427490234375,2305.099365234375,2229.136474609375,2290.6083984375,2267.4267578125,10711049
2022-03-21,-0.9312577816890553,2255.811279296875,2292.731201171875,2251.1962890625,2277.409423828125,2254.361083984375,5999733
2022-03-22,-0.9113325397484004,2270.67138671875,2339.758056640625,2264.672119140625,2336.250732421875,2312.607177734375,11278532
2022-03-23,-0.8787602595984936,2328.728271484375,2367.355712890625,2328.728271484375,2343.6806640625,2319.961669921875,7731093
2022-03-25,-0.9608679291559383,2383.646728515625,2414.567138671875,2378.570068359375,2395.96875,2371.720703125,7111244
2022-03-28,-0.27062602861163515,2409.029052734375,2427.25830078125,2387.338623046875,2420.05908203125,2395.5673828125,4945712
2022-03-29,-0.4520591199398041,2434.873046875,2434.873046875,2406.62939453125,2420.61279296875,2396.115478515625,4342032
2022-03-31,-0.5956826999317855,2459.748046875,2464.13232421875,2426.197021484375,2431.873291015625,2407.261962890625,6611859
2022-04-01,-0.9144321449566633,2433.027099609375,2459.9326171875,2420.105224609375,2451.3486328125,2426.5400390625,3961440
2022-04-04,-0.919972762465477,2450.9794921875,2469.024169921875,2438.2421875,2458.59423828125,2433.71240234375,3964581
2022-04-05,-0.9898087400943041,2446.96435546875,2464.31689453125,2418.9052734375,2423.84326171875,2399.31298828125,6574935
2022-04-06,-0.919673940166831,2387.892578125,2431.642578125,2387.892578125,2417.38232421875,2392.91748046875,6128607
2022-04-12,-0.9937097935471684,2387.800048828125,2402.198974609375,2358.63330078125,2363.848388671875,2339.925537109375,6608871
2022-04-13,-0.9765370632521808,2376.2626953125,2392.968994140625,2349.49560546875,2355.172119140625,2331.3369140625,5177117
2022-04-18,-0.6626059114933014,2337.958251953125,2362.694580078125,2327.62060546875,2347.97265625,2324.21044921875,4987112
2022-04-19,-0.028332410007715227,2361.033203125,2462.563232421875,2354.618408203125,2437.45751953125,2412.789794921875,13070910
2022-04-20,-0.26046358316671103,2452.50244140625,2523.481201171875,2445.118408203125,2509.12841796875,2483.7353515625,12536120
2022-04-21,0.14320494145310173,2539.079833984375,2574.24609375,2521.635009765625,2567.87744140625,2541.889892578125,10854316
2022-04-22,-0.8542343267166105,2546.4638671875,2586.2451171875,2532.895751953125,2546.37158203125,2520.6015625,7527077
2022-04-25,-0.9931891513522715,2531.234375,2546.002197265625,2458.548095703125,2487.484130859375,2462.31005859375,8531607
2022-04-26,0.332290824362038,2501.3291015625,2579.7841796875,2499.206298828125,2561.924072265625,2535.996337890625,6113833
2022-04-27,0.714010626077652,2543.648681640625,2610.2431640625,2542.91015625,2564.416259765625,2538.46337890625,9669472
2022-04-28,0.002711335488129407,2593.5830078125,2631.47216796875,2571.5693359375,2602.720703125,2576.38037109375,12807038
2022-04-29,0.3978000353090465,2636.2255859375,2636.2255859375,2563.447021484375,2575.39990234375,2549.336181640625,9107431
2022-05-02,-0.9800315927714109,2549.3251953125,2589.4755859375,2545.67919921875,2566.3544921875,2540.38232421875,4733503
2022-05-04,-0.19056952511891723,2570.55419921875,2575.169189453125,2470.22412109375,2486.238037109375,2461.07666015625,9623830
2022-05-06,0.1505757925980207,2411.059814453125,2454.256103515625,2393.845703125,2418.859130859375,2394.37939453125,9824974
2022-05-09,-0.47848926390724955,2376.677978515625,2397.12255859375,2313.960205078125,2324.39013671875,2300.866455078125,9041876
2022-05-10,-0.9884774358943105,2302.88427734375,2332.051025390625,2268.733154296875,2284.10107421875,2260.985107421875,9755838
2022-05-13,-0.9972900507273152,2239.197265625,2287.193115234375,2229.3671875,2239.7509765625,2217.083984375,9654389
2022-05-16,-0.536126158433035,2246.99658203125,2289.962158203125,2230.567138671875,2240.304931640625,2217.63232421875,6718955
2022-05-17,-0.9513223624089733,2247.596435546875,2344.326904296875,2244.735107421875,2334.404541015625,2310.779296875,8275914
2022-05-18,0.9870776096358895,2344.09619140625,2372.109130859375,2315.114013671875,2342.896240234375,2319.185302734375,8638394
2022-05-19,0.008001408074051142,2292.731201171875,2319.03662109375,2276.163330078125,2288.900634765625,2265.736083984375,7349559
2022-05-20,0.9935660031624138,2319.03662109375,2440.7802734375,2309.34521484375,2422.366455078125,2397.851318359375,10896545
2022-05-23,-0.9539586614700966,2428.87353515625,2449.225830078125,2393.338134765625,2406.16796875,2381.816650390625,7626377
2022-05-25,0.7888408228754997,2432.104248046875,2452.13330078125,2401.18359375,2410.875244140625,2386.4765625,6357272
2022-05-26,-0.345632343320176,2422.3203125,2432.011962890625,2351.80322265625,2387.892578125,2363.726318359375,8941011
2022-05-27,-0.9446189949376276,2393.38427734375,2404.552490234375,2344.511474609375,2376.81640625,2352.76220703125,8260986
2022-05-30,-0.9820039737969637,2413.64404296875,2468.10107421875,2394.44580078125,2459.609619140625,2434.717529296875,6926699
2022-06-01,-0.7409271504729986,2431.4580078125,2450.748779296875,2414.751708984375,2430.7197265625,2406.1201171875,4888494
2022-06-02,-0.4672929337248206,2431.18115234375,2522.050537109375,2431.18115234375,2514.528076171875,2489.080078125,11063284
2022-06-03,-0.9836484119296074,2532.711181640625,2600.4130859375,2530.864990234375,2565.4775390625,2539.513916015625,11969895
2022-06-08,-0.9926156755536795,2559.247314453125,2566.862060546875,2507.14404296875,2514.29736328125,2488.851806640625,6239625
2022-06-09,-0.692021831870079,2501.3291015625,2587.16796875,2501.3291015625,2583.245361328125,2557.10205078125,8639152
2022-06-10,0.021370158763602376,2558.462890625,2575.076904296875,2493.483642578125,2505.251953125,2479.89794921875,9046528
2022-06-13,-0.9789370093494654,2445.94921875,2466.99365234375,2414.843994140625,2457.855712890625,2432.9814453125,8810401
2022-06-17,-0.5716994146816432,2362.879150390625,2422.735595703125,2359.279541015625,2390.569091796875,2366.37548828125,12228593
2022-06-20,-0.951583269595479,2404.4140625,2415.58251953125,2326.974365234375,2347.234375,2323.4794921875,6033398
2022-06-21,-0.44463636754080654,2362.879150390625,2393.707275390625,2333.6201171875,2385.12353515625,2360.9853515625,5860024
2022-06-22,-0.5342250540852547,2361.12548828125,2361.31005859375,2308.422119140625,2312.66796875,2289.26318359375,5308603
2022-06-23,-0.9360378086566925,2321.390380859375,2330.57421875,2256.734130859375,2275.14794921875,2252.12255859375,9723161
2022-06-27,-0.9746291823685169,2348.988037109375,2348.988037109375,2290.4697265625,2300.715087890625,2277.43115234375,7737264
2022-06-28,-0.20038485515397042,2290.9775390625,2338.8349609375,2290.9775390625,2333.066162109375,2309.454833984375,6786423
2022-06-29,0.5196513689588755,2314.144775390625,2397.0302734375,2308.422119140625,2381.4775390625,2357.3759765625,9602573
2022-06-30,0.6902008185559401,2381.339111328125,2414.474853515625,2368.417236328125,2395.7841796875,2371.537841796875,11556479
2022-07-01,-0.10222371894633397,2376.6318359375,2392.4150390625,2182.894287109375,2223.229248046875,2200.7294921875,40998574
2022-07-04,-0.3532828758470714,2195.77001953125,2253.965087890625,2183.909423828125,2227.84423828125,2205.2978515625,20928864
2022-07-05,-0.9111859414260834,2236.42822265625,2275.101806640625,2230.982421875,2245.888916015625,2223.15966796875,8823663
2022-07-06,-0.0396182959482662,2233.75146484375,2253.9189453125,2204.123291015625,2226.13671875,2203.607177734375,11971863
2022-07-07,-0.008641710867070489,2239.10498046875,2245.888916015625,2192.124267578125,2204.215576171875,2181.907958984375,11650516
2022-07-08,-0.9897366147488356,2231.813232421875,2231.813232421875,2199.0927734375,2207.261474609375,2184.923095703125,9505054
2022-07-12,-0.9523657644167542,2218.89111328125,2251.84228515625,2218.89111328125,2234.074462890625,2211.464599609375,5389494
2022-07-13,0.1344355489127338,2240.397216796875,2246.581298828125,2190.2783203125,2194.477783203125,2172.268798828125,7112066
2022-07-14,0.5720897756546037,2204.123291015625,2246.53515625,2193.924072265625,2212.568603515625,2190.176513671875,8485157
2022-07-15,-0.7166368829396864,2229.044189453125,2229.044189453125,2199.6005859375,2216.860595703125,2194.425048828125,4801605
2022-07-18,-0.9787548172753304,2234.582275390625,2238.274169921875,2208.092041015625,2235.736083984375,2213.109375,7580454
2022-07-19,-0.12809987406944856,2215.47607421875,2258.580322265625,2215.47607421875,2249.442626953125,2226.677490234375,8219944
2022-07-20,0.2941886081493327,2344.419189453125,2346.7265625,2294.807861328125,2310.26806640625,2286.88720703125,11962123
2022-07-22,-0.07141880676083799,2307.499267578125,2322.544189453125,2302.88427734375,2310.360595703125,2286.97900390625,5484997
2022-07-25,-0.4203635311569087,2277.45556640625,2277.45556640625,2217.96826171875,2234.0283203125,2211.419189453125,11555226
2022-07-26,-0.9492555726319551,2234.674560546875,2255.718994140625,2225.67529296875,2235.043701171875,2212.42431640625,5651644
2022-08-01,-0.9566832575947046,2325.174560546875,2388.492431640625,2314.513916015625,2376.585693359375,2352.53369140625,7850022
2022-08-03,0.531458932266105,2399.799072265625,2409.029052734375,2369.755615234375,2405.66015625,2381.31396484375,7125488
2022-08-04,0.3642909752836983,2409.029052734375,2416.182373046875,2339.80419921875,2373.86279296875,2349.83837890625,7233563
2022-08-05,-0.3494558837264776,2377.647216796875,2380.2314453125,2332.3740234375,2338.881103515625,2315.210693359375,6971219
2022-08-08,0.4361901112965175,2336.112060546875,2384.61572265625,2336.112060546875,2369.478515625,2345.498291015625,5082589
2022-08-12,0.9956191165838391,2390.845947265625,2437.965087890625,2383.369873046875,2430.258056640625,2405.662841796875,6325293
2022-08-16,0.9863247582688928,2442.441650390625,2452.68701171875,2424.9970703125,2447.14892578125,2422.3828125,3303689
2022-08-19,0.93834781460464,2445.94921875,2456.748291015625,2404.367919921875,2412.582763671875,2395.95849609375,4730362
2022-08-22,-0.9728296326162914,2415.490234375,2428.68896484375,2386.877197265625,2405.890869140625,2389.312744140625,4735840
2022-08-23,-0.9838732955977321,2394.26123046875,2448.90283203125,2391.815185546875,2442.99560546875,2426.161865234375,4839242
2022-08-24,-0.38855728494236247,2436.8115234375,2464.4091796875,2432.42724609375,2436.48828125,2419.699462890625,5184811
2022-08-29,0.19201697904851622,2385.9541015625,2450.564208984375,2379.539306640625,2397.630126953125,2381.10888671875,9919487
2022-08-30,-0.12050603833215844,2412.72119140625,2441.56494140625,2378.200927734375,2434.826904296875,2418.04931640625,11569527
2022-09-01,-0.9780602162354626,2383.78515625,2404.367919921875,2354.295166015625,2363.248291015625,2346.964111328125,9954969
2022-09-02,-0.983965284191072,2363.248291015625,2377.047119140625,2331.22021484375,2335.650634765625,2319.556640625,6499672
2022-09-05,-0.26539185643196106,2336.112060546875,2382.7236328125,2336.112060546875,2371.924560546875,2355.58056640625,5663907
2022-09-06,-0.56665058596991,2374.878173828125,2405.337158203125,2373.955078125,2396.8916015625,2380.375732421875,5449809
2022-09-07,0.9809245050419122,2376.72412109375,2395.091796875,2372.109130859375,2382.954345703125,2366.534423828125,3744250
2022-09-09,-0.996621627942659,2409.029052734375,2409.029052734375,2366.571044921875,2371.463134765625,2355.122314453125,4157425
2022-09-12,-0.5094251601646343,2372.61669921875,2410.875244140625,2372.61669921875,2397.999267578125,2381.4755859375,3717709
2022-09-13,0.9804911939427257,2416.4130859375,2427.212158203125,2400.72216796875,2418.0283203125,2401.36669921875,4444328
2022-09-15,-0.9305207653902471,2384.108154296875,2403.07568359375,2359.87939453125,2365.371337890625,2349.072509765625,5182800
2022-09-16,-0.3237692769616842,2347.88037109375,2356.418212890625,2299.192138671875,2306.7607421875,2290.86572265625,10108854
2022-09-19,-0.8152239993214607,2306.7607421875,2328.451171875,2290.28515625,2309.760498046875,2293.844970703125,3790127
2022-09-20,-0.2715794273535721,2328.220458984375,2342.29638671875,2302.607177734375,2310.129638671875,2294.21142578125,4205724
2022-09-21,-0.23477830477058886,2304.49951171875,2337.958251953125,2302.88427734375,2316.49853515625,2300.53662109375,4603654
2022-09-22,-0.03076729830354452,2294.5771484375,2310.26806640625,2281.74755859375,2294.66943359375,2278.857666015625,5154085
2022-09-23,0.08499239635114607,2293.654296875,2303.760986328125,2248.51953125,2251.65771484375,2236.142333984375,4764025
2022-09-27,0.5875348650983402,2209.6611328125,2239.197265625,2178.37158203125,2211.738037109375,2196.497802734375,8077411
2022-09-28,0.3079015376667182,2178.602294921875,2194.893310546875,2147.91259765625,2152.8505859375,2138.01611328125,8498529
2022-09-29,0.6925211891731513,2178.279296875,2185.20166015625,2134.898193359375,2146.251220703125,2131.462158203125,7335913
2022-09-30,-0.9949182264972478,2133.05224609375,2217.045166015625,2133.05224609375,2194.66259765625,2179.5400390625,9306512
2022-10-03,-0.990024910774082,2207.353759765625,2230.843994140625,2181.04833984375,2187.0478515625,2171.977783203125,5926361
2022-10-06,-0.9625036474317312,2241.96630859375,2261.34912109375,2231.95166015625,2235.597412109375,2220.192626953125,6676081
2022-10-07,0.9969547491637059,2228.72119140625,2255.718994140625,2228.72119140625,2245.058349609375,2229.58837890625,3857170
2022-10-11,-0.2084191780537367,2228.12109375,2228.12109375,2170.064453125,2176.3408203125,2161.344482421875,4607588
2022-10-12,-0.03174486850750529,2170.895263671875,2198.308349609375,2162.680419921875,2192.35498046875,2177.248291015625,3708551
2022-10-13,-0.00783676206386493,2188.801513671875,2209.6611328125,2178.37158203125,2199.32373046875,2184.1689453125,3664246
2022-10-14,-0.26563700175444993,2229.044189453125,2230.290283203125,2186.678466796875,2188.1552734375,2173.07763671875,4553044
2022-10-17,-0.23273301663963744,2173.664306640625,2228.12109375,2163.14208984375,2223.275390625,2207.95556640625,8364677
2022-10-18,-0.5316412583407428,2235.505126953125,2273.34814453125,2233.797607421875,2262.5029296875,2246.9130859375,6207910
2022-10-19,-0.3201072110484044,2265.502685546875,2333.204833984375,2253.688232421875,2301.868896484375,2286.007568359375,9623571
2022-10-20,0.0005334721063263714,2293.654296875,2325.0361328125,2293.654296875,2308.052978515625,2292.149169921875,4358526
2022-10-21,-0.4996426496596541,2314.606201171875,2323.005615234375,2277.040283203125,2281.285888671875,2265.56640625,4121726
2022-10-24,-0.03237815375905484,2270.5791015625,2309.806640625,2266.2412109375,2288.900634765625,2273.128662109375,1685016
2022-10-25,0.009150017853244208,2306.576171875,2306.576171875,2250.273193359375,2253.5498046875,2238.021484375,6116620
2022-10-27,-0.9455101322382689,2268.733154296875,2278.378662109375,2245.4736328125,2262.41064453125,2246.8212890625,6256529
2022-10-28,-0.009442364796996117,2275.194091796875,2339.80419921875,2270.071533203125,2331.6357421875,2315.5693359375,8804796
2022-10-31,0.028835314325988293,2345.34228515625,2363.756103515625,2337.2197265625,2353.280029296875,2337.064453125,6209971
2022-11-01,0.9266322553157806,2399.799072265625,2399.799072265625,2314.88330078125,2335.05078125,2318.960693359375,6981583
2022-11-02,-0.9854525827492276,2337.31201171875,2353.833740234375,2321.34423828125,2349.634033203125,2333.443603515625,4490948
2022-11-03,-0.9593002703040838,2335.05078125,2362.4638671875,2330.620361328125,2358.402587890625,2342.15185546875,3346724
2022-11-04,0.24681562324985862,2357.248779296875,2399.799072265625,2354.66455078125,2393.107421875,2376.617431640625,6287907
2022-11-07,-0.23325557598084407,2391.4921875,2409.30615234375,2375.80126953125,2405.890869140625,2389.312744140625,5894874
2022-11-09,-0.16768035636050627,2409.30615234375,2420.05908203125,2390.615234375,2403.4912109375,2386.9296875,5627102
2022-11-11,0.7193484604358673,2399.799072265625,2433.027099609375,2388.72314453125,2429.150634765625,2412.412353515625,6155066
2022-11-14,-0.9780360272343387,2428.181396484375,2438.565185546875,2404.552490234375,2417.38232421875,2400.72509765625,4521556
2022-11-16,-0.49875626868742984,2409.029052734375,2414.52099609375,2382.585205078125,2392.73828125,2376.250732421875,4858080
2022-11-17,-0.9552652928978205,2385.907958984375,2411.798095703125,2381.339111328125,2398.92236328125,2382.392333984375,3330725
2022-11-18,-0.1608857635757886,2406.029296875,2408.106201171875,2373.12451171875,2397.630126953125,2381.10888671875,2651598
2022-11-21,0.013506837654858828,2388.72314453125,2388.72314453125,2347.280517578125,2354.47998046875,2338.256103515625,3195134
2022-11-22,-0.9979788569035009,2349.0341796875,2370.724609375,2341.188720703125,2367.540283203125,2351.226318359375,3305744
2022-11-23,-0.9808709305943921,2376.72412109375,2379.40087890625,2355.725830078125,2360.15625,2343.893310546875,3206704
2022-11-24,-0.9759331153375873,2368.417236328125,2394.26123046875,2351.98779296875,2380.508544921875,2364.10546875,4694719
2022-11-25,0.6101268926036677,2389.646240234375,2422.78173828125,2383.27734375,2416.0439453125,2399.395751953125,3674961
2022-11-28,0.9906991255702451,2408.013916015625,2511.5283203125,2309.34521484375,2499.06787109375,2481.84765625,15763742
2022-11-29,-0.9152444230615705,2495.744873046875,2521.31201171875,2486.56103515625,2503.359619140625,2486.110107421875,5529456
2022-11-30,-0.7486368445938246,2503.63671875,2534.049560546875,2490.437744140625,2521.03515625,2503.663818359375,13082493
2022-12-01,-0.9831165294162929,2530.680419921875,2542.864013671875,2506.8671875,2513.60498046875,2496.284912109375,4742900
2022-12-02,0.035311143586619034,2519.7890625,2536.403076171875,2492.65283203125,2512.54345703125,2495.23046875,5794796
2022-12-05,-0.6998341297730803,2503.175048828125,2507.559326171875,2471.793212890625,2475.900390625,2458.83984375,7414268
2022-12-06,-0.9982568235718645,2459.886474609375,2489.330078125,2456.10205078125,2483.0537109375,2465.944091796875,4297122
2022-12-07,-0.9783072550878084,2478.254150390625,2487.484130859375,2438.70361328125,2446.41064453125,2429.553466796875,4231055
2022-12-08,-0.9819878805428743,2455.17919921875,2459.794189453125,2436.8115234375,2445.2568359375,2428.40771484375,3878504
2022-12-09,-0.9469892292593917,2442.257080078125,2455.17919921875,2401.506591796875,2408.198486328125,2391.6044921875,6327881
2022-12-13,-0.35473460145294666,2411.890380859375,2430.258056640625,2405.983154296875,2422.874267578125,2406.17919921875,4166674
2022-12-14,-0.9614662788808346,2434.550048828125,2435.75,2409.9521484375,2414.105712890625,2397.470947265625,3634473
2022-12-15,0.6577043082298977,2402.106689453125,2413.64404296875,2373.0322265625,2379.816162109375,2363.417724609375,4344275
2022-12-16,0.5698028137849178,2373.0322265625,2417.151611328125,2361.171630859375,2368.0478515625,2351.73046875,7918674
2022-12-19,-0.053634070325642824,2382.26220703125,2403.4912109375,2369.063232421875,2399.153076171875,2382.621337890625,3864966
2022-12-20,-0.9971747162053362,2384.93896484375,2423.797119140625,2368.417236328125,2419.920654296875,2403.24609375,3733794
2022-12-21,0.022269038250669837,2419.18212890625,2430.258056640625,2377.739501953125,2385.49267578125,2369.05517578125,4263775
2022-12-22,-0.3495079784374684,2397.953125,2404.091064453125,2369.109375,2379.30859375,2362.91357421875,3725561
2022-12-23,-0.3289721687324345,2365.925048828125,2391.03076171875,2300.345947265625,2309.52978515625,2293.61572265625,5128557
2022-12-27,-0.37195798116070883,2335.189208984375,2352.54150390625,2321.574951171875,2348.75732421875,2332.572998046875,2881635
2022-12-28,0.8134802832792047,2342.5732421875,2353.464599609375,2327.34375,2348.526611328125,2332.343994140625,3729696
2022-12-29,0.19434984229155816,2332.420166015625,2352.6337890625,2331.03564453125,2347.465087890625,2331.28955078125,3465324
2022-12-30,0.16226966000561202,2349.12646484375,2378.570068359375,2345.4345703125,2351.064697265625,2334.864501953125,3644738
2023-01-03,-0.4315506924758665,2367.540283203125,2374.878173828125,2351.61865234375,2360.15625,2343.893310546875,3829466
2023-01-05,0.24835126348105924,2329.189697265625,2341.096435546875,2311.191162109375,2320.46728515625,2304.47802734375,6818549
2023-01-06,0.9653338622301817,2332.09716796875,2351.757080078125,2324.39013671875,2341.557861328125,2325.423095703125,3174798
2023-01-09,-0.8632943392731249,2349.31103515625,2401.645263671875,2347.51123046875,2396.845458984375,2380.32958984375,5361376
2023-01-10,-0.03260514698922634,2405.337158203125,2405.337158203125,2349.957275390625,2361.40234375,2345.130859375,4023571
2023-01-11,0.509005683939904,2355.956787109375,2361.033203125,2326.974365234375,2331.6357421875,2315.5693359375,5754776
2023-01-12,0.010036535357357934,2330.435791015625,2337.49658203125,2275.194091796875,2281.285888671875,2265.56640625,8844386
2023-01-13,0.5878552282694727,2269.102294921875,2282.48583984375,2247.135009765625,2277.593994140625,2261.900146484375,10309291
2023-01-16,-0.9973222239641473,2282.30126953125,2288.716064453125,2240.1201171875,2255.903564453125,2240.35888671875,6811927
2023-01-17,-0.3080584801112612,2268.733154296875,2291.80810546875,2261.903076171875,2287.931640625,2272.166259765625,5375500
2023-01-18,-0.9936812034187218,2283.039794921875,2299.284423828125,2270.90234375,2284.147216796875,2268.408203125,6724143
2023-01-19,-0.000547426228877157,2282.48583984375,2290.1005859375,2267.487060546875,2281.701416015625,2265.979248046875,5970027
2023-01-20,-0.23256538063287735,2284.42431640625,2284.42431640625,2249.5810546875,2254.565185546875,2239.030029296875,7465143
2023-01-23,-0.2272679844405502,2260.42626953125,2276.3017578125,2238.274169921875,2243.166015625,2227.709228515625,5477059
2023-01-24,0.0010748431086540222,2252.119140625,2255.488037109375,2203.523193359375,2229.921142578125,2214.5556640625,8244377
2023-01-25,-0.32956307047667605,2226.690673828125,2228.767333984375,2196.7392578125,2199.0927734375,2183.939697265625,6192509
2023-01-27,-0.4945162953226827,2200.800537109375,2203.523193359375,2133.652099609375,2157.373291015625,2142.507568359375,12915487
2023-01-30,0.00212310126516968,2152.158447265625,2189.262939453125,2123.822265625,2178.048583984375,2163.04052734375,10886051
2023-01-31,-0.13779370372746294,2198.585205078125,2203.80029296875,2160.7421875,2172.602783203125,2157.632080078125,11345797
2023-02-01,-0.28611897956579924,2196.693115234375,2196.693115234375,2127.51416015625,2159.72705078125,2144.84521484375,9673900
2023-02-02,-0.3224419626421877,2139.51318359375,2167.203125,2133.05224609375,2147.774169921875,2132.974609375,6831331
2023-02-03,-0.00693195266649127,2168.126220703125,2168.126220703125,2116.438232421875,2149.666259765625,2134.853759765625,12349787
2023-02-06,-0.3114158568593363,2136.744140625,2142.2822265625,2128.252685546875,2133.467529296875,2118.7666015625,7418939
2023-02-07,-0.8921741133090109,2133.975341796875,2148.189453125,2116.438232421875,2128.344970703125,2113.67919921875,7567717
2023-02-09,-0.9748031565298637,2172.233642578125,2188.293701171875,2154.28125,2174.63330078125,2159.648681640625,6586381
2023-02-10,0.01595890522003174,2173.572021484375,2173.572021484375,2142.55908203125,2156.727294921875,2141.8662109375,5395222
2023-02-13,0.33024354616645724,2160.00390625,2169.04931640625,2135.406005859375,2144.451416015625,2129.6748046875,5176246
2023-02-14,-0.7870604321360588,2150.543212890625,2198.492919921875,2144.728271484375,2194.985595703125,2179.86083984375,7160960
2023-02-15,0.020665807300247252,2193.047119140625,2249.534912109375,2190.2783203125,2244.68896484375,2229.2216796875,16751795
2023-02-16,-0.03190673142671585,2260.841552734375,2274.086669921875,2238.3203125,2242.935302734375,2227.480224609375,8632243
2023-02-17,0.9388632960617542,2233.6591796875,2259.041748046875,2224.98291015625,2252.3037109375,2236.783935546875,5904760
2023-02-20,-0.9798959418937253,2256.734130859375,2261.118408203125,2224.521484375,2228.490478515625,2213.134765625,4418468
2023-02-21,-0.967863017693162,2237.351318359375,2258.3955078125,2226.59814453125,2246.673583984375,2231.192626953125,6655796
2023-02-22,0.21464121341705322,2239.151123046875,2242.88916015625,2192.17041015625,2195.723876953125,2180.593994140625,5512167
2023-02-23,-0.9848808488653352,2194.893310546875,2210.353515625,2179.525390625,2185.20166015625,2170.144287109375,4925955
2023-02-24,-0.4446209578309208,2189.355224609375,2211.645751953125,2185.663330078125,2200.154296875,2184.993896484375,4717026
2023-02-27,0.9951107923407108,2198.585205078125,2205.646240234375,2170.618408203125,2185.524658203125,2170.465087890625,5599857
2023-02-28,0.09393558278679848,2174.679443359375,2184.740234375,2135.498291015625,2143.712890625,2128.94140625,10997019
2023-03-01,0.3268082713475451,2163.51123046875,2164.895751953125,2144.35888671875,2163.4189453125,2148.511474609375,5775572
2023-03-02,0.5123413670808077,2157.05029296875,2170.572265625,2142.8359375,2146.943359375,2132.149658203125,4666767
2023-03-03,-0.14342119195498526,2168.2646484375,2209.153564453125,2161.25,2201.723388671875,2186.55224609375,7321903
2023-03-06,-0.9441290646791458,2215.19921875,2237.905029296875,2215.19921875,2223.229248046875,2207.909912109375,5085958
2023-03-13,0.41414526104927063,2149.666259765625,2163.51123046875,2099.82421875,2108.5927734375,2094.063232421875,6385796
2023-03-14,0.9973689309554175,2104.439208984375,2127.468017578125,2094.33251953125,2100.701171875,2086.22607421875,8013761
2023-03-15,0.9779968331567943,2108.2236328125,2121.330078125,2055.889404296875,2064.79638671875,2050.56884765625,10864277
2023-03-16,-0.9986902492237277,2070.288330078125,2080.441162109375,2032.6298828125,2054.5048828125,2040.34814453125,9181579
2023-03-20,0.0009447626071050763,2044.4443359375,2049.059326171875,2012.1392822265625,2031.7530517578125,2017.7530517578125,9762294
2023-03-21,0.30312785783704993,2048.090087890625,2098.9013671875,2046.290283203125,2094.932373046875,2080.496826171875,10700180
2023-03-24,0.9958102281671017,2072.364990234375,2076.749267578125,2028.7532958984373,2033.6451416015625,2019.632080078125,6187972
2023-03-27,0.13866434409283102,2046.7518310546875,2080.441162109375,2030.783935546875,2065.2578125,2051.02685546875,7027161
2023-03-28,-0.9915887488750741,2072.13427734375,2082.748779296875,2064.750244140625,2074.9033203125,2060.60595703125,6288212
2023-03-29,0.9842241061851382,2066.59619140625,2071.94970703125,2040.8446044921875,2062.62744140625,2048.414794921875,9402032
2023-03-31,-0.45803425793669056,2081.3642578125,2163.003662109375,2081.08740234375,2151.558349609375,2136.73291015625,14085600
2023-04-03,0.9420590996742249,2164.434326171875,2168.126220703125,2136.744140625,2151.927490234375,2137.099609375,5146521
2023-04-05,0.3326190138759557,2167.203125,2167.203125,2130.791015625,2146.7587890625,2131.96630859375,8131464
2023-04-06,0.29211825629075366,2139.651611328125,2172.7412109375,2139.651611328125,2161.157470703125,2146.265869140625,9217523
2023-04-10,-0.6170481715151774,2169.04931640625,2169.41845703125,2142.789794921875,2145.835693359375,2131.049560546875,6480704
2023-04-11,-0.17556883348152041,2154.28125,2160.7421875,2145.097412109375,2156.4501953125,2141.591064453125,5271183
2023-04-12,-0.5029239516524184,2156.4501953125,2185.478515625,2150.635498046875,2165.957275390625,2151.032470703125,9089543
2023-04-13,-0.49187557315599406,2171.818115234375,2183.632568359375,2161.665283203125,2174.125732421875,2159.144775390625,6189104
2023-04-18,-0.9227981527801603,2193.97021484375,2193.97021484375,2146.897216796875,2160.142333984375,2145.257568359375,5202788
2023-04-19,-0.0035592003259807825,2158.9423828125,2176.3408203125,2152.619873046875,2170.895263671875,2155.9365234375,6136737
2023-04-20,0.32925781766728807,2172.83349609375,2177.356201171875,2152.527587890625,2165.4033203125,2150.482421875,3503665
2023-04-21,0.014077664987946098,2169.649169921875,2179.2021484375,2156.496337890625,2168.126220703125,2153.1865234375,3823658
2023-04-24,0.06555954550858586,2192.124267578125,2197.56982421875,2167.203125,2176.433349609375,2161.436279296875,6468093
2023-04-25,0.6260799975134432,2183.817138671875,2197.29296875,2169.5107421875,2193.09326171875,2177.9814453125,4618063
2023-04-26,0.4508263282223197,2195.816162109375,2202.36962890625,2172.787353515625,2180.217529296875,2165.194580078125,4308917
2023-04-27,0.4841007547220215,2192.124267578125,2200.43115234375,2181.97119140625,2194.016357421875,2178.898193359375,4583562
2023-04-28,-0.966502109542489,2198.585205078125,2237.259033203125,2198.3544921875,2234.12060546875,2218.72607421875,7782605
2023-05-04,-0.41574667440727353,2234.720703125,2263.979736328125,2228.675048828125,2259.503173828125,2243.933837890625,4317616
2023-05-05,-0.9035927504301071,2253.042236328125,2271.8251953125,2248.42724609375,2253.734375,2238.204833984375,4373292
2023-05-08,0.9377822354435921,2261.34912109375,2292.408203125,2255.94970703125,2281.56298828125,2265.841796875,4576891
2023-05-09,-0.8612412528600544,2284.42431640625,2295.315673828125,2273.578857421875,2288.623779296875,2272.853759765625,3232360
2023-05-10,0.6007217168807983,2298.269287109375,2307.36083984375,2290.146728515625,2304.361083984375,2288.482666015625,5436127
2023-05-11,0.2923325151205063,2306.530029296875,2316.267578125,2285.854736328125,2289.316162109375,2273.541259765625,5278930
2023-05-18,0.7971372892498039,2260.933837890625,2267.810302734375,2240.258544921875,2246.62744140625,2231.14697265625,5262765
2023-05-19,-0.2232595682144165,2246.62744140625,2257.611083984375,2232.59765625,2253.9189453125,2238.38818359375,4025223
2023-05-22,-0.37603252567350864,2247.504150390625,2276.1171875,2245.058349609375,2265.964111328125,2250.350341796875,3717453
2023-05-23,0.12591107428306714,2271.17919921875,2277.963134765625,2262.6875,2265.548828125,2249.937744140625,3046017
2023-05-25,-0.022243972557286423,2246.489013671875,2260.42626953125,2230.013427734375,2252.072998046875,2236.554931640625,5743931
2023-05-26,-0.20237596868537366,2268.733154296875,2315.80615234375,2262.04150390625,2313.498779296875,2297.557373046875,6313130
2023-05-29,-0.38638554885983467,2326.882080078125,2335.189208984375,2314.144775390625,2326.512939453125,2310.48193359375,5005152
2023-06-01,-0.24464664980769157,2289.177734375,2293.56201171875,2268.733154296875,2273.578857421875,2257.912353515625,7296346
2023-06-05,0.46461567391331,2277.224853515625,2292.50048828125,2269.1484375,2286.5009765625,2270.74560546875,5454341
2023-06-06,-0.03921217191964388,2292.2236328125,2296.146240234375,2272.42529296875,2288.439208984375,2272.67041015625,3746654
2023-06-07,-0.8878481648862362,2295.500244140625,2307.499267578125,2282.208984375,2305.791748046875,2289.903564453125,5156272
2023-06-09,-0.9521388304419816,2313.960205078125,2315.390869140625,2287.193115234375,2290.839111328125,2275.0537109375,2938509
2023-06-12,-0.7185541391372681,2284.8857421875,2297.53076171875,2275.194091796875,2292.86962890625,2277.0703125,3195984
2023-06-13,0.024414436134975404,2302.88427734375,2329.1435546875,2294.807861328125,2326.74365234375,2310.711181640625,5624008
2023-06-14,-0.11757867403017978,2326.882080078125,2358.26416015625,2323.190185546875,2355.356689453125,2339.126708984375,6638690
2023-06-15,-0.06788992118090391,2355.310546875,2365.23291015625,2340.265625,2356.0029296875,2339.7685546875,5906747
2023-06-19,0.8813365722695986,2385.03125,2385.03125,2346.865234375,2355.310546875,2339.0810546875,3399277
2023-06-20,0.9816541435817877,2351.387939453125,2366.571044921875,2339.80419921875,2360.202392578125,2343.939208984375,3460548
2023-06-21,0.23804396475316025,2360.110107421875,2371.970703125,2351.80322265625,2366.84814453125,2350.5390625,3480801
2023-06-22,0.010417003417387605,2359.187255859375,2375.155029296875,2337.03515625,2340.265625,2324.1396484375,3809583
2023-06-23,0.02603313623694703,2334.173828125,2338.327392578125,2318.5751953125,2321.113525390625,2305.11962890625,3314285
2023-06-26,0.9709379621781409,2313.960205078125,2321.71337890625,2297.0693359375,2303.391845703125,2287.52001953125,6320579
2023-06-27,0.8795700545888394,2304.31494140625,2316.267578125,2295.17724609375,2304.22265625,2288.34521484375,4844733
2023-06-28,0.011474110651761293,2319.498291015625,2342.434814453125,2305.5146484375,2334.727783203125,2318.64013671875,5677003
2023-06-30,-0.8436690880917013,2350.326416015625,2359.787109375,2338.37353515625,2353.8798828125,2337.660400390625,5575777
2023-07-03,-0.12329552029259502,2361.079345703125,2420.105224609375,2358.587158203125,2414.290283203125,2397.654541015625,6077193
2023-07-04,-0.9757516145085295,2422.874267578125,2422.874267578125,2375.10888671875,2389.41552734375,2372.950927734375,4030821
2023-07-05,-0.3115502563305199,2408.106201171875,2408.106201171875,2377.462646484375,2385.49267578125,2369.05517578125,5124031
2023-07-07,0.318536305334419,2432.104248046875,2459.748046875,2425.64306640625,2430.81201171875,2414.062255859375,6687633
2023-07-10,-0.46193933160975575,2481.853759765625,2543.787109375,2469.024169921875,2524.4501953125,2507.05517578125,16620008
2023-07-11,0.9091454947871777,2540.92578125,2556.708984375,2526.803955078125,2551.817138671875,2534.2333984375,10034674
2023-07-12,-0.9745699388440698,2553.2939453125,2586.2451171875,2549.001953125,2554.63232421875,2537.029296875,9366917
2023-07-14,0.10098248720169067,2538.2490234375,2548.309814453125,2515.266357421875,2529.665283203125,2512.234375,7562072
2023-07-17,-0.6908361660566048,2535.480224609375,2598.290283203125,2517.943115234375,2581.353271484375,2563.566162109375,11110020
2023-07-18,-0.977636758105031,2600.090087890625,2618.96533203125,2577.93798828125,2603.2744140625,2585.336181640625,12933656
2023-07-19,-0.19462077452335508,2612.089111328125,2636.087158203125,2581.630126953125,2623.026611328125,2604.952392578125,19561078
2023-07-20,-0.5361419183534087,2580.0,2630.949951171875,2580.0,2619.85009765625,2601.7978515625,19358812
2023-07-21,-0.8833981808274984,2609.0,2614.89990234375,2523.60009765625,2538.75,2521.25634765625,15124619
2023-07-24,-0.023340366780757904,2481.0,2514.949951171875,2469.300048828125,2487.39990234375,2470.26025390625,11863933
2023-07-26,-0.42097101896069944,2485.0,2547.0,2485.0,2526.199951171875,2508.79296875,6455506
2023-07-27,-0.12125047534105501,2534.050048828125,2537.64990234375,2490.35009765625,2502.699951171875,2485.454833984375,8613449
2023-07-28,-0.9968397670891136,2512.050048828125,2542.85009765625,2500.550048828125,2527.85009765625,2510.431640625,10413926
2023-07-31,-0.20692921740313372,2527.85009765625,2553.89990234375,2517.949951171875,2549.25,2531.68408203125,4275587
2023-08-01,0.1960320298676379,2555.0,2559.0,2505.300048828125,2513.199951171875,2495.88232421875,4768316
2023-08-02,0.9339507054537535,2509.199951171875,2512.0,2463.60009765625,2486.35009765625,2469.217529296875,6374107
2023-08-03,-0.07045170664787292,2475.300048828125,2500.89990234375,2458.050048828125,2475.89990234375,2458.83935546875,5084175
2023-08-04,0.49951112968847156,2498.800048828125,2516.0,2471.60009765625,2509.550048828125,2492.2578125,11442805
2023-08-07,0.9315731823444366,2521.0,2528.39990234375,2505.0,2523.85009765625,2506.459228515625,2991435
2023-08-10,0.9809443661943078,2524.949951171875,2550.0,2508.449951171875,2536.449951171875,2518.97216796875,7735299
2023-08-14,-0.019743772223591805,2539.0,2582.300048828125,2525.0,2577.25,2559.4912109375,4787906
2023-08-17,0.9846186866052449,2567.10009765625,2578.10009765625,2532.85009765625,2538.0,2520.51171875,6836872
2023-08-18,-0.5307190902531147,2531.25,2577.60009765625,2508.550048828125,2556.800048828125,2539.18212890625,9319989
2023-08-21,-0.6645301750929017,2539.949951171875,2555.449951171875,2515.64990234375,2520.0,2511.47607421875,4610873
2023-08-22,-0.8296933099627495,2516.89990234375,2537.949951171875,2499.0,2519.39990234375,2510.8779296875,3856522
2023-08-23,-0.033538427838357164,2524.199951171875,2542.85009765625,2516.949951171875,2522.199951171875,2513.668701171875,4758976
2023-08-24,-0.028124143813990733,2539.89990234375,2539.89990234375,2471.0,2479.800048828125,2471.412109375,7070010
2023-08-25,-0.686995533008415,2456.0,2505.0,2442.60009765625,2468.35009765625,2460.0009765625,11111200
2023-08-28,0.42206144121779027,2472.0,2484.0,2431.10009765625,2443.75,2435.48388671875,6290413
2023-08-29,0.39902388335516054,2452.050048828125,2453.449951171875,2408.14990234375,2420.35009765625,2412.163330078125,8438322
2023-08-30,0.25270689238927196,2432.0,2443.0,2415.0,2418.050048828125,2409.87109375,6084473
2023-08-31,0.1323057365603745,2423.0,2425.0,2399.89990234375,2407.0,2398.8583984375,10819300
2023-09-01,-0.5642866666118304,2406.550048828125,2425.64990234375,2401.64990234375,2412.64990234375,2404.489013671875,9056421
2023-09-04,-0.03784562647342682,2412.64990234375,2423.64990234375,2405.300048828125,2410.699951171875,2402.545654296875,4673813
2023-09-06,-0.06096797973309136,2421.10009765625,2436.14990234375,2417.25,2428.699951171875,2420.48486328125,4100185
2023-09-07,0.2118469412671402,2421.699951171875,2438.25,2411.0,2432.0,2423.773681640625,6826286
2023-09-08,0.5386308881542867,2440.0,2456.0,2422.949951171875,2448.199951171875,2439.9189453125,11554644
2023-09-11,-0.38715066887172206,2452.0,2476.85009765625,2452.0,2474.60009765625,2466.229736328125,6635537
2023-09-12,-0.09560477820092014,2483.0,2483.0,2435.949951171875,2438.85009765625,2430.6005859375,8127833
2023-09-13,-0.2802090545495351,2440.0,2462.64990234375,2426.25,2451.050048828125,2442.75927734375,6401669
2023-09-15,-0.9569440286916991,2468.0,2468.0,2449.5,2457.85009765625,2449.536376953125,12734296
2023-09-18,0.9881018646992743,2440.050048828125,2451.0,2432.050048828125,2436.449951171875,2428.208740234375,3758150
2023-09-20,-0.28737897477306734,2423.050048828125,2427.60009765625,2355.0,2382.14990234375,2374.09228515625,28540942
2023-09-22,0.028283249237574637,2376.0,2382.449951171875,2350.0,2354.949951171875,2346.984375,9588393
2023-09-25,-0.485408876236761,2350.39990234375,2360.699951171875,2335.10009765625,2340.449951171875,2332.533447265625,7127442
2023-09-26,-0.592101565527264,2338.550048828125,2350.199951171875,2335.60009765625,2342.5,2334.576416015625,5043891
2023-09-27,-0.4079793403340903,2343.5,2371.800048828125,2338.5,2368.89990234375,2360.88720703125,5861389
2023-09-29,-0.9983600657433271,2341.800048828125,2369.10009765625,2334.10009765625,2345.0,2337.068115234375,6171007
2023-10-03,-0.414384513074765,2329.949951171875,2335.60009765625,2316.0,2318.14990234375,2310.308837890625,4429528
2023-10-04,-0.29887005327165955,2309.0,2319.0,2295.10009765625,2314.14990234375,2306.322265625,5143193
2023-10-05,0.25386656872190844,2319.25,2329.39990234375,2309.0,2314.10009765625,2306.272705078125,5476841
2023-10-06,0.5062346000457183,2317.050048828125,2324.800048828125,2312.050048828125,2318.0,2310.159423828125,2715513
2023-10-09,0.2959030428901315,2308.10009765625,2311.949951171875,2295.0,2298.25,2290.47607421875,3788439
2023-10-10,0.04591270664241165,2306.550048828125,2317.89990234375,2303.75,2308.39990234375,2300.591796875,5118016
2023-10-11,-0.9678204003721476,2314.449951171875,2349.699951171875,2313.0,2345.050048828125,2337.117919921875,4907059
2023-10-13,-0.9688915489241481,2340.0,2357.5,2329.14990234375,2349.300048828125,2341.353515625,5075158
2023-10-16,-0.9622415341436863,2345.0,2354.550048828125,2336.0,2344.050048828125,2336.121337890625,2964518
2023-10-17,-0.6088932304264745,2356.0,2359.699951171875,2341.300048828125,2355.25,2347.283447265625,3964090
2023-10-18,0.2436054764714624,2355.25,2367.0,2321.0,2324.0,2316.13916015625,4459160
2023-10-19,-0.0790075508193695,2312.0,2321.800048828125,2301.0,2306.14990234375,2298.349365234375,6016278
2023-10-23,-0.012603067402960733,2290.0,2306.25,2255.25,2263.199951171875,2255.544677734375,3926981
2023-10-25,0.08788497855421155,2250.050048828125,2281.199951171875,2243.0,2257.949951171875,2250.3125,5810344
2023-10-26,-0.06628604729970296,2251.0,2258.0,2220.300048828125,2226.5,2218.96875,7611267
2023-10-27,0.40440089640661,2240.0,2273.5,2235.949951171875,2265.800048828125,2258.135986328125,5885542
2023-10-30,0.5193827807088383,2274.0,2325.0,2269.949951171875,2312.5,2304.677978515625,8406652
2023-10-31,0.17337720956311387,2328.0,2328.0,2282.89990234375,2287.89990234375,2280.1611328125,6404219
2023-11-01,0.6202357839792967,2289.14990234375,2317.5,2275.199951171875,2297.39990234375,2289.62890625,5154595
2023-11-02,-0.9543005826749972,2313.949951171875,2324.300048828125,2307.949951171875,2320.199951171875,2312.351806640625,5281052
2023-11-03,-0.45626495502490017,2327.199951171875,2334.949951171875,2315.75,2319.699951171875,2311.853515625,4425078
2023-11-06,0.5179365649819374,2332.300048828125,2340.0,2325.60009765625,2339.0,2331.08837890625,5323652
2023-11-07,0.4431095506879501,2334.050048828125,2339.10009765625,2319.550048828125,2323.800048828125,2315.939697265625,3480102
2023-11-08,-0.1922167504671961,2332.0,2341.0,2321.75,2335.89990234375,2327.998779296875,3942247
2023-11-09,-0.2687393974629231,2335.85009765625,2335.89990234375,2304.199951171875,2310.550048828125,2302.734619140625,7256805
2023-11-10,0.20533838868141174,2305.550048828125,2316.35009765625,2298.050048828125,2314.89990234375,2307.06982421875,3867477
2023-11-15,0.99504414643161,2340.0,2361.949951171875,2327.0,2356.449951171875,2348.479248046875,6110324
2023-11-16,0.9955011722631752,2351.10009765625,2374.14990234375,2346.949951171875,2360.699951171875,2352.71484375,6567455
2023-11-17,0.9511810935218818,2352.89990234375,2373.25,2352.050048828125,2355.550048828125,2347.582275390625,3879317
2023-11-20,-0.018851672968594357,2348.550048828125,2358.39990234375,2336.39990234375,2349.35009765625,2341.4033203125,2245093
2023-11-21,0.11868327981210314,2366.0,2388.0,2360.199951171875,2378.89990234375,2370.853271484375,4107225
2023-11-22,0.03760043089278042,2375.0,2394.449951171875,2372.199951171875,2388.199951171875,2380.121826171875,4267407
2023-11-24,0.7085771504789591,2391.60009765625,2402.60009765625,2391.050048828125,2393.89990234375,2385.802490234375,3374743
2023-11-28,-0.9823607753496617,2393.89990234375,2399.699951171875,2375.25,2394.39990234375,2386.30078125,6896087
2023-11-30,0.4916870556771755,2394.699951171875,2400.699951171875,2369.89990234375,2377.449951171875,2369.408203125,14219992
2023-12-01,-0.9500264981761575,2378.0,2396.39990234375,2377.60009765625,2394.300048828125,2386.201416015625,7171421
2023-12-04,-0.9658052641898394,2450.0,2450.0,2398.60009765625,2420.199951171875,2412.013671875,7795495
2023-12-05,0.3253922507477303,2439.0,2440.85009765625,2421.64990234375,2437.75,2429.50439453125,6346812
2023-12-06,-0.49281314306426793,2447.10009765625,2472.949951171875,2435.0,2461.10009765625,2452.775390625,8211221
2023-12-07,-0.7191441351023968,2460.0,2460.949951171875,2442.0,2457.050048828125,2448.739013671875,4071048
2023-12-08,-0.23250919580459595,2463.85009765625,2476.699951171875,2445.0,2455.75,2447.443359375,5102447
2023-12-11,0.972302314825356,2456.0,2467.60009765625,2452.39990234375,2459.35009765625,2451.03125,3533069
2023-12-12,-0.16570310332139748,2460.0,2464.949951171875,2420.14990234375,2424.050048828125,2415.8505859375,4598562
2023-12-13,0.21619701193412766,2422.0,2438.35009765625,2406.300048828125,2433.949951171875,2425.717041015625,5015591
2023-12-14,0.6112557271961123,2454.0,2474.949951171875,2442.64990234375,2464.14990234375,2455.81494140625,8486177
2023-12-15,0.18554720259271562,2478.0,2500.0,2470.050048828125,2495.60009765625,2487.15869140625,7966076
2023-12-18,-0.9390317555516958,2495.60009765625,2534.89990234375,2490.949951171875,2521.0,2512.47265625,7082594
2023-12-19,-0.002251921221613884,2555.0,2573.89990234375,2525.199951171875,2558.10009765625,2549.447265625,8410302
2023-12-20,0.042699278523546776,2571.050048828125,2598.85009765625,2520.0,2527.14990234375,2518.601806640625,8868361
2023-12-21,-0.9974722124170512,2527.0,2573.5,2518.25,2562.550048828125,2553.88232421875,6882727
2023-12-22,0.9949116439966019,2559.60009765625,2580.89990234375,2547.64990234375,2565.050048828125,2556.373779296875,8270892
2023-12-26,-0.7889702597167343,2568.0,2591.949951171875,2562.699951171875,2578.050048828125,2569.329833984375,3732832
2023-12-27,0.46585939952638,2582.0,2599.89990234375,2573.10009765625,2586.85009765625,2578.10009765625,4602078
2023-12-28,0.08171599731744769,2589.800048828125,2612.0,2586.85009765625,2605.550048828125,2596.73681640625,6151318
2023-12-29,0.06518039737628507,2611.10009765625,2614.0,2579.300048828125,2584.949951171875,2576.206298828125,5432292
2024-01-01,-0.9930985234677792,2580.550048828125,2606.85009765625,2573.14990234375,2590.25,2581.488525390625,2015270
2024-01-02,-0.9414798002690077,2585.0,2615.0,2573.0,2611.699951171875,2602.865966796875,3724400
2024-01-04,-0.68821128581961,2588.0,2609.85009765625,2579.10009765625,2596.64990234375,2587.86669921875,4806389
2024-01-08,-0.06863086292287335,2610.0,2631.949951171875,2568.949951171875,2587.35009765625,2578.598388671875,3867326
2024-01-09,0.9921741806901991,2600.0,2606.800048828125,2577.199951171875,2580.5,2571.771484375,2701537
2024-01-10,0.5283436494190193,2577.0,2659.0,2575.050048828125,2650.10009765625,2641.13623046875,5551370
2024-01-11,0.09660951944533736,2659.0,2725.0,2657.0,2719.800048828125,2710.600341796875,11862926
2024-01-12,0.003307509544538334,2719.800048828125,2746.64990234375,2691.5,2741.449951171875,2732.177001953125,7506082
2024-01-15,0.9977703947806731,2750.0,2792.89990234375,2732.0,2788.25,2778.81884765625,4305297
2024-01-16,-0.08698493838310242,2779.949951171875,2792.60009765625,2741.0,2749.25,2739.95068359375,4534512
2024-01-17,0.3216325448981176,2719.0,2772.550048828125,2710.050048828125,2723.14990234375,2713.938720703125,6098691
2024-01-18,-0.9696637615561485,2702.800048828125,2742.0,2702.5,2735.89990234375,2726.645751953125,5139719
2024-01-19,0.030013772938400508,2752.0,2752.0,2718.0,2734.89990234375,2725.649169921875,5211352
2024-01-24,0.926850214600563,2670.449951171875,2699.0,2647.85009765625,2687.75,2678.65869140625,10959564
2024-01-29,0.327467225647221,2729.0,2905.0,2720.35009765625,2896.10009765625,2886.303955078125,11946719
2024-01-30,0.31598060473334044,2919.89990234375,2919.949951171875,2808.85009765625,2815.25,2805.727294921875,7046989
2024-02-01,-0.34684715416127193,2870.0,2886.699951171875,2836.10009765625,2853.300048828125,2843.648681640625,6674681
2024-02-02,-0.32805616470674676,2866.35009765625,2949.800048828125,2866.35009765625,2915.39990234375,2905.53857421875,9826294
2024-02-05,-0.999604575074045,2921.5,2941.0,2863.050048828125,2878.050048828125,2868.31494140625,4407216
2024-02-07,-0.3175604417338036,2871.85009765625,2899.0,2858.5,2884.300048828125,2874.5439453125,4648284
2024-02-08,0.998360555677209,2900.0,2918.949951171875,2855.050048828125,2900.25,2890.43994140625,7347317
2024-02-09,0.4212950979359448,2908.0,2943.949951171875,2901.89990234375,2921.5,2911.617919921875,6278399
2024-02-12,0.9875019979663193,2921.5,2922.0,2884.699951171875,2904.699951171875,2894.874755859375,3337215
2024-02-13,-0.3116335067898035,2911.0,2958.0,2908.0,2930.199951171875,2920.28857421875,3857797
2024-02-14,0.9831718495115638,2915.0,2967.300048828125,2915.0,2962.75,2952.728515625,3558944
2024-02-15,0.48569165429632577,2966.699951171875,2969.449951171875,2933.050048828125,2941.199951171875,2931.251220703125,5003391
2024-02-16,0.9969657922338229,2952.949951171875,2954.0,2917.10009765625,2921.14990234375,2911.26904296875,4883749
2024-02-20,0.3418736045714468,2950.050048828125,2951.0,2923.60009765625,2942.050048828125,2932.0986328125,3558748
2024-02-21,-0.466265045106411,2948.0,2977.050048828125,2915.10009765625,2935.39990234375,2925.470947265625,6360146
2024-02-22,0.2960993015828232,2936.300048828125,2969.89990234375,2916.0,2963.5,2953.475830078125,9246864
2024-02-23,0.7974883988499641,2979.0,2995.10009765625,2966.699951171875,2987.25,2977.1455078125,7219292
2024-02-26,0.9558993680402637,2987.10009765625,2989.050048828125,2965.0,2974.64990234375,2964.588134765625,3756553
2024-02-27,0.7977109402418137,2966.050048828125,2999.89990234375,2956.10009765625,2971.300048828125,2961.24951171875,5413022
2024-02-28,0.37465459236409515,2966.0,2982.550048828125,2900.35009765625,2911.25,2901.402587890625,4323975
2024-02-29,0.3075896311580436,2930.0,2957.949951171875,2909.050048828125,2921.60009765625,2911.7177734375,11814488
2024-03-01,0.9541696198284626,2927.0,3000.0,2925.0,2984.25,2974.15576171875,6066463
2024-03-04,0.3336027735689034,2980.949951171875,3024.89990234375,2974.449951171875,3014.800048828125,3004.6025390625,5012210
2024-03-05,0.9612778946757317,3011.550048828125,3014.800048828125,2972.10009765625,3000.39990234375,2990.2509765625,3553834
2024-03-06,-0.30562066038449603,2986.89990234375,3018.0,2957.0,3006.0,2995.832275390625,3902838
2024-03-07,-0.9583863181372484,3005.949951171875,3006.199951171875,2951.10009765625,2957.85009765625,2947.84521484375,4157863
2024-03-11,0.9951506071374752,2978.0,2978.0,2927.0,2933.199951171875,2923.2783203125,5638565
2024-03-12,-0.6088852733373642,2933.199951171875,2976.0,2930.050048828125,2950.85009765625,2940.868896484375,4716339
2024-03-13,-0.32021217979490757,2959.550048828125,2966.199951171875,2855.550048828125,2864.35009765625,2854.661376953125,6761067
2024-03-14,-0.16855812037216597,2879.39990234375,2897.050048828125,2851.0,2862.949951171875,2853.26611328125,9285551
2024-03-15,-0.986763772368431,2851.89990234375,2866.449951171875,2825.800048828125,2836.449951171875,2826.855712890625,9611909
2024-03-18,-0.004909326089546084,2840.0,2883.449951171875,2833.050048828125,2878.949951171875,2869.2119140625,4584696
2024-03-19,-0.9239836037158966,2857.5,2875.199951171875,2834.5,2850.5,2840.858154296875,4137882
2024-03-20,-0.5274001895915716,2855.89990234375,2890.0,2848.050048828125,2887.5,2877.73291015625,4244403
2024-03-21,-0.27809021874175716,2905.050048828125,2915.800048828125,2889.35009765625,2901.949951171875,2892.134033203125,6503468
2024-03-22,0.05727525502443313,2899.949951171875,2920.0,2894.699951171875,2910.050048828125,2900.206787109375,9763804
2024-03-26,-0.9943739448208362,2890.0,2904.800048828125,2878.0,2883.14990234375,2873.397705078125,5707953
2024-03-27,-0.42557741014752537,2896.0,3000.0,2894.0,2985.699951171875,2975.600830078125,8163322
2024-03-28,-0.0590390271609067,2985.75,3011.89990234375,2957.300048828125,2971.699951171875,2961.648193359375,10927182
2024-04-01,0.901513113778492,2984.949951171875,2987.949951171875,2965.0,2969.550048828125,2959.505615234375,2506940
2024-04-02,0.4972086056950502,2968.0,2988.0,2950.0,2973.89990234375,2963.840576171875,4455083
2024-04-03,-0.4394056504741976,2964.14990234375,2968.89990234375,2937.800048828125,2943.199951171875,2933.24462890625,3504146
2024-04-05,0.9746900419704616,2921.75,2941.60009765625,2912.0,2920.199951171875,2910.322265625,3721149
2024-04-08,0.008508048951625824,2925.949951171875,2981.949951171875,2922.0,2971.949951171875,2961.897216796875,4178559
2024-04-09,-0.8724648356437683,2978.0,2979.60009765625,2925.0,2927.300048828125,2917.3984375,3535707
2024-04-10,-0.15498883137479424,2932.699951171875,2974.0,2932.699951171875,2959.14990234375,2949.140625,4569165
2024-04-12,-0.05343233817256987,2951.75,2972.949951171875,2926.14990234375,2934.300048828125,2924.374755859375,7775506
2024-04-15,-0.26521493175200056,2922.0,2964.25,2892.64990234375,2929.64990234375,2919.740234375,6451031
2024-04-16,-0.043759925942868,2906.699951171875,2942.35009765625,2901.85009765625,2931.5,2921.584228515625,4683092
2024-04-18,0.7123257013736293,2927.0,2972.0,2918.699951171875,2928.64990234375,2918.74365234375,9502846
2024-04-19,0.9867197443187857,2913.550048828125,2948.0,2886.050048828125,2940.25,2930.3046875,7870889
2024-04-22,-0.41445450178166776,2944.89990234375,2965.64990234375,2935.60009765625,2959.699951171875,2949.688720703125,5175181
2024-04-23,0.25305414899152573,2958.0,2987.0,2911.10009765625,2918.64990234375,2908.777587890625,7302777
2024-04-24,-0.5540658354293555,2927.0,2937.10009765625,2899.0,2900.35009765625,2890.53955078125,5231388
2024-04-25,0.854328379034996,2885.0,2935.949951171875,2883.0,2919.949951171875,2910.0732421875,7971963
2024-04-26,0.974077592138201,2927.89990234375,2930.0,2900.0,2905.10009765625,2895.273681640625,4706924
2024-04-29,-0.32241965814804036,2900.0,2935.800048828125,2900.0,2930.050048828125,2920.13916015625,3623987
2024-04-30,0.04851590329781175,2936.0,2966.14990234375,2925.75,2934.0,2924.07568359375,5737131
2024-05-02,0.995542660850333,2944.0,2954.64990234375,2928.25,2933.10009765625,2923.178955078125,7256323
2024-05-06,-0.3116326804738492,2871.0,2880.0,2836.0,2839.050048828125,2829.447021484375,3697104
2024-05-07,-0.32949790242128074,2831.949951171875,2841.5,2784.0,2802.949951171875,2793.468994140625,7258736
2024-05-08,-0.9190026335418224,2795.0,2865.89990234375,2795.0,2837.10009765625,2827.503662109375,4719501
2024-05-09,-0.4303317368030548,2826.0,2847.5,2780.0,2788.25,2778.81884765625,5504806
2024-05-13,-0.9783295012700061,2799.800048828125,2813.949951171875,2768.0,2805.39990234375,2795.91064453125,4228310
2024-05-15,0.033272222615778446,2841.0,2859.949951171875,2826.050048828125,2832.550048828125,2822.968994140625,2523267
2024-05-16,0.35270018922996577,2837.10009765625,2855.0,2796.050048828125,2850.699951171875,2841.057373046875,7355887
2024-05-17,-0.20266758273355662,2846.10009765625,2874.39990234375,2826.5,2871.39990234375,2861.6875,5458238
2024-05-21,-0.3318400204181671,2851.199951171875,2883.64990234375,2851.199951171875,2872.25,2862.53466796875,5588064
2024-05-23,-0.4070384108927101,2917.10009765625,2984.449951171875,2910.0,2972.10009765625,2962.046875,7304130
2024-05-24,-0.43989670276641846,2967.25,2977.0,2952.199951171875,2960.5,2950.486083984375,3547388
2024-05-27,0.2770660509510587,2960.449951171875,2969.800048828125,2923.10009765625,2932.5,2922.580810546875,3314505
2024-05-28,-0.6277035802874403,2936.0,2957.0,2905.5,2912.39990234375,2902.548583984375,3910081
2024-05-29,-0.7015352481976151,2893.0,2916.0,2876.89990234375,2881.550048828125,2871.80322265625,3691778
2024-05-30,0.6261245107190916,2871.0,2880.800048828125,2840.199951171875,2849.699951171875,2840.060791015625,6603429
2024-05-31,0.32567286055806716,2862.60009765625,2884.5,2844.5,2860.800048828125,2851.123291015625,15534916
2024-06-03,-0.9705058578401804,2966.0,3029.0,2918.0,3020.64990234375,3010.4326171875,10763971
2024-06-04,-0.9351685713045299,2996.10009765625,2996.10009765625,2718.60009765625,2794.550048828125,2785.097412109375,18354549
2024-06-06,-0.9844980309717357,2870.0,2887.39990234375,2842.699951171875,2863.199951171875,2853.51513671875,8927861
2024-06-10,-0.9641875121742487,2939.89990234375,2986.699951171875,2936.14990234375,2942.800048828125,2932.845947265625,4625880
2024-06-11,-0.7838301407173276,2938.0,2947.35009765625,2909.35009765625,2913.35009765625,2903.49560546875,5887451
2024-06-12,-0.008073517121374607,2915.0,2952.0,2910.35009765625,2926.64990234375,2916.75048828125,5040871
2024-06-13,-0.4748288140981458,2944.0,2944.5,2920.199951171875,2930.5,2920.587646484375,4590580
2024-06-14,-0.8910064548254013,2940.0,2959.35009765625,2914.449951171875,2955.10009765625,2945.1044921875,4078999
2024-06-18,-0.9982821702724323,2974.699951171875,2974.800048828125,2942.699951171875,2962.050048828125,2952.031005859375,3598383
2024-06-20,-0.3159988350234926,2918.0,2965.699951171875,2900.199951171875,2947.39990234375,2937.430419921875,8056888
2024-06-21,-0.43275928994019824,2947.25,2949.39990234375,2881.14990234375,2908.39990234375,2898.562255859375,15585180
2024-06-25,-0.8327787443995476,2886.0,2911.85009765625,2882.0,2908.300048828125,2898.462646484375,3522693
2024-06-26,0.9527676980942488,2892.10009765625,3037.949951171875,2890.25,3028.050048828125,3017.8076171875,11007441
2024-06-27,-0.16850266844267026,3027.5,3075.0,3012.0,3061.10009765625,3050.745849609375,14191515
2024-06-28,0.21504033711971715,3062.050048828125,3162.0,3062.050048828125,3130.800048828125,3120.210205078125,14478668
2024-07-01,-0.005485443165525794,3125.050048828125,3158.800048828125,3111.35009765625,3120.300048828125,3109.74560546875,3862153
2024-07-02,0.9782176315784454,3139.0,3147.0,3114.0,3130.35009765625,3119.76171875,3874623
2024-07-03,0.02838790323585272,3132.64990234375,3150.0,3085.550048828125,3104.85009765625,3094.347900390625,4524810
2024-07-04,-0.25258584453258665,3114.0,3135.0,3101.60009765625,3108.050048828125,3097.537109375,3418588
2024-07-05,0.4589122099801898,3107.64990234375,3197.0,3096.0,3177.25,3166.5029296875,6134855
2024-07-08,0.05331737862434238,3178.0,3217.60009765625,3165.050048828125,3201.800048828125,3190.969970703125,4750403
2024-07-09,0.9279733002185822,3195.199951171875,3201.0,3161.0,3180.550048828125,3169.791748046875,3480001
2024-07-10,-0.8595020547509193,3190.0,3195.0,3126.300048828125,3168.449951171875,3157.732666015625,3567289
2024-07-11,-0.4629283325177514,3175.0,3208.5,3141.0,3161.300048828125,3150.60693359375,5970473
2024-07-12,0.7136979120010177,3169.0,3210.300048828125,3149.0,3193.449951171875,3182.648193359375,6462392
2024-07-15,-0.9937016062904149,3208.89990234375,3211.699951171875,3171.0,3194.449951171875,3183.644775390625,2664844
2024-07-16,0.9991782711877022,3187.0,3200.0,3138.25,3152.5,3141.836669921875,4693419
2024-07-18,0.8837652131915092,3152.0,3187.800048828125,3115.64990234375,3173.35009765625,3162.6162109375,6149187
2024-07-19,-0.360793212419734,3172.0,3179.949951171875,3105.60009765625,3110.300048828125,3099.779541015625,6570195
2024-07-22,-0.9672949884145055,3074.5,3075.0,2998.550048828125,3001.35009765625,2991.197998046875,9837188
2024-07-23,0.012499624805059284,3002.0,3011.5,2926.0,2975.800048828125,2965.734375,9026022
2024-07-24,-0.4452277780510485,2970.0,3019.0,2952.800048828125,2991.39990234375,2981.281494140625,5956681
2024-07-25,0.07986575388349593,2962.0,3000.949951171875,2954.14990234375,2984.800048828125,2974.703857421875,6259938
2024-07-26,-0.2583315142740806,2984.800048828125,3024.85009765625,2980.699951171875,3018.050048828125,3007.841552734375,4929970
2024-07-30,-0.770671546459198,3034.050048828125,3050.0,3020.0,3026.300048828125,3016.0634765625,4114104
2024-07-31,-0.9926585354842246,3008.0,3020.89990234375,3002.300048828125,3010.85009765625,3000.665771484375,5028673
2024-08-02,-0.9971340730553493,3010.0,3018.64990234375,2986.550048828125,2998.64990234375,2988.5068359375,5134124
2024-08-05,0.16350245475769043,2960.0,2967.800048828125,2866.5,2894.64990234375,2884.858642578125,8523352
2024-08-06,0.6109318132977932,2910.300048828125,2955.0,2902.64990234375,2912.10009765625,2902.25,5118093
2024-08-07,-0.18804884441196917,2938.0,2945.0,2923.0,2929.64990234375,2919.740234375,4087284
2024-08-08,0.15789303346537054,2915.050048828125,2930.0,2891.85009765625,2898.25,2888.44677734375,6193596
2024-08-09,0.9087856449186802,2920.0,2953.0,2912.0,2948.60009765625,2938.62646484375,3124888
2024-08-12,-0.8640010803937912,2940.0,2946.0,2915.5,2921.25,2911.368896484375,4092292
2024-08-13,-0.48029909039360064,2921.5,2940.14990234375,2916.0,2927.25,2917.3486328125,3132532
2024-08-14,-0.19019889761693776,2927.10009765625,2944.0,2907.39990234375,2923.699951171875,2913.810546875,3133733
2024-08-16,0.9900131332688034,2937.300048828125,2960.800048828125,2916.10009765625,2956.39990234375,2946.39990234375,4708451
2024-08-19,-0.24737108359113336,2965.0,2996.60009765625,2961.0,2976.800048828125,2976.800048828125,6898871
2024-08-20,-0.9968323714565486,2994.449951171875,3007.85009765625,2980.050048828125,2991.89990234375,2991.89990234375,4205904
2024-08-21,0.9784950045868754,2986.5,3015.75,2980.0,2997.35009765625,2997.35009765625,3884998
2024-08-22,0.3029967991945644,3006.0,3013.0,2981.300048828125,2996.25,2996.25,5222891
2024-08-23,-0.8844574526566166,3007.5,3022.64990234375,2996.85009765625,2999.949951171875,2999.949951171875,4624827
2024-08-26,-0.5611883981101629,3013.949951171875,3046.0,3006.0,3025.199951171875,3025.199951171875,4408057
2024-08-27,-0.9183958586072549,3021.0,3026.949951171875,2998.89990234375,3000.89990234375,3000.89990234375,3125578
2024-08-28,-0.3793535523914865,3010.0,3014.949951171875,2986.0,2996.60009765625,2996.60009765625,4805143
2024-08-29,0.07028696212959899,3006.199951171875,3074.0,2988.0,3041.85009765625,3041.85009765625,19167679
2024-08-30,0.69671205450868,3068.0,3079.449951171875,3006.64990234375,3019.25,3019.25,20810365
2024-09-02,-0.9527079947292805,3021.75,3053.60009765625,3013.25,3032.5,3032.5,5620426
2024-09-03,-0.8641848042607307,3042.5,3046.0,3015.0,3018.25,3018.25,5461900
2024-09-05,-0.10200120868518882,3038.10009765625,3051.550048828125,2974.10009765625,2985.949951171875,2985.949951171875,8132084
2024-09-06,-0.3090440314942195,2985.0,2994.0,2923.25,2929.64990234375,2929.64990234375,9697114
2024-09-10,0.7310849384986795,2921.0,2944.10009765625,2915.14990234375,2923.050048828125,2923.050048828125,5384130
2024-09-11,0.9777368844952434,2926.10009765625,2937.5,2895.10009765625,2903.0,2903.0,4880101
2024-09-12,-0.993698274018243,2914.0,2972.0,2891.75,2959.60009765625,2959.60009765625,11174688
2024-09-13,0.2785988838101427,2952.800048828125,2966.300048828125,2939.0,2945.25,2945.25,4355664
2024-09-16,-0.9588227923959494,2955.10009765625,2961.800048828125,2929.5,2942.699951171875,2942.699951171875,2740887
2024-09-17,-0.9716874046716839,2948.0,2954.949951171875,2933.25,2944.60009765625,2944.60009765625,2967664
2024-09-18,-0.28331843483319974,2940.0,2964.0,2921.10009765625,2926.89990234375,2926.89990234375,4287357
2024-09-19,0.35773059260100126,2932.5,2953.0,2911.10009765625,2939.35009765625,2939.35009765625,8477951
2024-09-20,-0.37951201544326196,2948.0,2990.0,2942.75,2971.85009765625,2971.85009765625,15448660
2024-09-23,0.05578218640473027,2982.0,3003.0,2977.89990234375,2986.75,2986.75,4416157
2024-09-24,-0.6566920525058069,2977.0,3001.0,2975.75,2978.75,2978.75,8568722
2024-09-25,0.04912948918839296,2967.800048828125,2993.0,2960.39990234375,2987.89990234375,2987.89990234375,3534501
2024-09-26,0.3691424106946215,2981.300048828125,3008.0,2976.10009765625,2995.89990234375,2995.89990234375,9409499
2024-09-27,-0.6122935567788469,2998.0,3066.949951171875,2984.0,3052.35009765625,3052.35009765625,10298739
2024-09-30,0.20694659480359406,3038.800048828125,3049.949951171875,2948.800048828125,2953.14990234375,2953.14990234375,13504407
2024-10-01,-0.9647677383618429,2961.300048828125,2975.89990234375,2925.64990234375,2929.64990234375,2929.64990234375,8215821
2024-10-03,0.24699930150818544,2873.14990234375,2898.800048828125,2804.14990234375,2813.949951171875,2813.949951171875,18878647
2024-10-04,-0.9928241260543776,2807.85009765625,2834.699951171875,2763.550048828125,2773.050048828125,2773.050048828125,18536438
2024-10-07,-0.0002770612991298549,2787.0,2793.0,2722.75,2741.449951171875,2741.449951171875,11090670
2024-10-08,-0.5585961254158368,2745.949951171875,2802.0,2730.199951171875,2794.699951171875,2794.699951171875,8510404
2024-10-09,0.1992214739904739,2795.050048828125,2801.949951171875,2745.0,2749.199951171875,2749.199951171875,7155305
2024-10-10,-0.19385966905974783,2760.050048828125,2772.0,2738.85009765625,2742.10009765625,2742.10009765625,11179323
2024-10-11,0.009436631429707631,2740.0,2766.550048828125,2737.64990234375,2744.199951171875,2744.199951171875,3990061
2024-10-14,-0.4912058811853914,2758.89990234375,2760.14990234375,2736.5,2745.050048828125,2745.050048828125,6110716
2024-10-15,-0.1424294912382417,2717.050048828125,2743.39990234375,2681.39990234375,2688.050048828125,2688.050048828125,16881397
2024-10-16,-0.5729584776175519,2680.0,2728.0,2675.25,2708.14990234375,2708.14990234375,10017219
2024-10-17,-0.29255718321655877,2731.39990234375,2736.89990234375,2704.10009765625,2712.85009765625,2712.85009765625,7771830
2024-10-18,0.3089867334347218,2704.35009765625,2736.85009765625,2682.64990234375,2718.60009765625,2718.60009765625,6041226
