date,AsianPaints_avg_sentiment,Open,High,Low,Close,Adj Close,Volume
2021-08-02,0.6763642728328705,2985.60009765625,2986.800048828125,2960.64990234375,2974.050048828125,2896.623779296875,832285
2021-08-03,0.17371570429531857,3020.0,3065.0,2994.199951171875,3027.0,2948.1953125,2433031
2021-08-05,-0.014243877871194854,3034.0,3040.0,2980.050048828125,2988.39990234375,2910.599853515625,693694
2021-08-06,0.5937205638911109,2995.0,3001.0,2961.449951171875,2966.449951171875,2889.2216796875,744159
2021-08-09,0.9896292788907886,2994.64990234375,3015.0,2973.050048828125,2992.550048828125,2914.64208984375,825462
2021-08-10,0.9717578189447522,2998.0,3008.300048828125,2960.550048828125,2977.14990234375,2899.64306640625,724335
2021-08-11,0.9968644123291597,2987.39990234375,3001.449951171875,2952.550048828125,2972.60009765625,2895.211669921875,987941
2021-08-12,0.5381307252100669,2974.0,2985.25,2958.0,2975.5,2898.0361328125,438552
2021-08-16,-0.589611212129239,2980.0,2984.14990234375,2960.0,2971.39990234375,2894.042724609375,461742
2021-08-17,-0.647943158672812,2974.0,3044.0,2973.10009765625,3015.300048828125,2936.7998046875,2036757
2021-08-18,-0.9989255561376922,3048.0,3048.0,2992.550048828125,3001.550048828125,2923.407958984375,1375320
2021-08-20,-0.7159584997425554,3001.5,3124.050048828125,3001.5,3112.949951171875,3031.907470703125,3931334
2021-08-23,-0.9792570561791459,3159.050048828125,3163.85009765625,3051.0,3077.449951171875,2997.33154296875,1578949
2021-08-24,0.8078954211544312,3092.800048828125,3092.800048828125,3034.550048828125,3045.949951171875,2966.652099609375,763704
2021-08-25,0.7335734747484821,3026.0,3070.0,3012.60009765625,3038.050048828125,2958.95751953125,797870
2021-08-26,-0.5196803459774755,3064.0,3084.5,3026.199951171875,3039.64990234375,2960.515625,1319516
2021-08-30,0.6455700092580324,3056.699951171875,3114.25,3048.050048828125,3108.75,3027.817138671875,1051747
2021-08-31,0.6665180910068254,3108.75,3210.0,3103.050048828125,3201.35009765625,3118.00634765625,2283290
2021-09-01,0.08918075157594609,3230.050048828125,3333.0,3215.0,3302.75,3216.766357421875,2423168
2021-09-02,0.4156067313742824,3312.949951171875,3319.0,3266.64990234375,3301.60009765625,3215.646484375,847517
2021-09-03,0.9558597473078407,3301.60009765625,3344.949951171875,3286.5,3338.800048828125,3251.8779296875,832039
2021-09-06,0.788931950859618,3342.0,3347.699951171875,3305.89990234375,3315.550048828125,3229.233154296875,664394
2021-09-07,-0.4540863003610866,3333.5,3394.60009765625,3323.85009765625,3336.25,3249.393798828125,1285818
2021-09-08,0.5541553213115549,3345.0,3361.550048828125,3297.0,3336.60009765625,3249.7353515625,702598
2021-09-09,-0.3038281078916043,3305.0,3359.0,3305.0,3346.35009765625,3259.231689453125,591745
2021-09-13,0.9951967049855739,3346.60009765625,3374.0,3330.35009765625,3367.050048828125,3279.392578125,610920
2021-09-14,-0.5574426706880331,3384.89990234375,3388.60009765625,3356.85009765625,3362.5,3274.960693359375,569412
2021-09-15,0.5980048766476103,3361.85009765625,3383.949951171875,3346.949951171875,3352.300048828125,3265.026611328125,587855
2021-09-16,0.32355219957793857,3350.0,3371.0,3335.0,3342.10009765625,3255.092041015625,516746
2021-09-21,0.5237991576626276,3271.550048828125,3335.0,3271.0,3309.199951171875,3223.048583984375,922057
2021-09-22,0.989495194517076,3328.5,3329.949951171875,3288.25,3317.5,3231.132568359375,825945
2021-09-23,-0.9000560762360692,3340.0,3340.0,3315.0,3320.64990234375,3234.2001953125,694716
2021-09-24,0.5451320899301209,3330.0,3505.0,3320.85009765625,3448.60009765625,3358.819091796875,2775975
2021-09-27,0.9990028857137077,3461.60009765625,3470.0,3417.64990234375,3430.64990234375,3341.33642578125,902449
2021-09-28,-0.99045092901603,3424.89990234375,3429.699951171875,3350.0,3379.699951171875,3291.713134765625,961271
2021-09-29,0.23476588618682903,3365.0,3381.699951171875,3310.0,3323.050048828125,3236.5380859375,973387
2021-09-30,-0.7548120757435552,3329.89990234375,3347.699951171875,3220.0,3244.64990234375,3160.178955078125,2077896
2021-10-01,-0.7403614313474723,3248.0,3252.949951171875,3170.0,3177.85009765625,3095.118408203125,1512332
2021-10-05,0.10562474412533145,3208.550048828125,3260.0,3191.64990234375,3254.75,3170.015869140625,909337
2021-10-06,0.6414827392103949,3262.0,3280.0,3200.64990234375,3212.25,3128.622314453125,786378
2021-10-07,0.2769569158554077,3220.0,3318.0,3220.0,3290.85009765625,3205.176025390625,1177283
2021-10-08,0.48530134117027046,3307.0,3329.0,3264.10009765625,3306.89990234375,3220.80810546875,882436
2021-10-11,-0.9702244782820344,3326.39990234375,3344.35009765625,3297.75,3306.050048828125,3219.98046875,460197
2021-10-12,-0.7195856273174286,3280.0,3335.0,3280.0,3323.25,3236.73291015625,564524
2021-10-13,-0.04241570795420557,3343.0,3358.89990234375,3291.39990234375,3323.5,3236.9765625,770144
2021-10-14,0.5847699120543742,3342.0,3352.949951171875,3290.0,3297.800048828125,3211.9453125,648597
2021-10-18,0.41859743663059945,3252.5,3283.949951171875,3232.0,3241.5,3157.111328125,1576121
2021-10-19,0.8712903037667274,3260.89990234375,3269.10009765625,3176.10009765625,3183.75,3100.864501953125,1042069
2021-10-20,-0.5128233150980022,3190.0,3219.949951171875,3136.64990234375,3169.60009765625,3087.0830078125,1205540
2021-10-21,-0.6390415729159334,3194.0,3195.449951171875,2920.449951171875,3002.0,2923.84619140625,5103543
2021-10-22,-0.019727852784853894,2975.0,3002.949951171875,2912.14990234375,2982.39990234375,2904.75634765625,2855592
2021-10-25,-0.3919461441126057,2950.0,2950.0,2857.25,2918.050048828125,2842.081787109375,2161537
2021-10-26,-0.8244997219881043,2918.050048828125,3024.0,2898.0,2969.800048828125,2892.484375,1988263
2021-10-27,-0.12174201924139388,3029.199951171875,3145.0,3029.199951171875,3094.64990234375,3014.083984375,4609951
2021-10-28,-0.7040903485903982,3103.0,3147.60009765625,3062.0,3116.300048828125,3038.754638671875,1791065
2021-10-29,-0.24767195284948684,3125.0,3144.699951171875,3083.300048828125,3100.10009765625,3022.957763671875,1118903
2021-11-01,0.9892024514265358,3128.0,3142.25,3091.64990234375,3121.800048828125,3044.11767578125,750393
2021-11-03,0.3807706500353691,3102.10009765625,3182.89990234375,3095.0,3170.64990234375,3091.751953125,879227
2021-11-04,0.24652045095960298,3179.0,3190.0,3145.0,3159.25,3080.6357421875,263595
2021-11-08,0.06619468276833439,3165.0,3181.0,3095.14990234375,3138.0,3059.914306640625,787824
2021-11-09,0.4848154765453988,3140.0,3155.0,3120.0,3145.14990234375,3066.886474609375,668840
2021-11-10,-0.6714102647550005,3132.0,3136.64990234375,3080.5,3108.300048828125,3030.95361328125,872975
2021-11-11,0.2889192750735674,3090.0,3106.64990234375,3052.0,3063.5,2987.268310546875,958143
2021-11-12,0.5644107014938656,3089.0,3128.0,3075.800048828125,3122.89990234375,3045.190185546875,682344
2021-11-15,0.0440265951731887,3126.0,3180.0,3126.0,3168.699951171875,3089.8505859375,696377
2021-11-16,-0.9987853649072349,3165.0,3209.0,3120.10009765625,3151.699951171875,3073.2734375,1400107
2021-11-17,-0.6493729774762566,3170.0,3239.89990234375,3165.050048828125,3230.25,3149.869384765625,1616452
2021-11-18,0.5817713154945523,3249.85009765625,3260.0,3214.0,3226.85009765625,3146.5537109375,1609821
2021-11-22,-0.5240595586437848,3241.0,3308.35009765625,3215.050048828125,3261.25,3180.09765625,2146970
2021-11-23,0.009071805269923062,3261.25,3288.300048828125,3171.550048828125,3185.550048828125,3106.28125,1482618
2021-11-24,-0.0014112687883122514,3186.050048828125,3208.89990234375,3150.0,3157.0,3078.441650390625,1056213
2021-11-25,-0.010491161852971546,3156.5,3173.35009765625,3113.0,3144.25,3066.009033203125,728825
2021-11-26,-0.3296921640285291,3101.0,3167.35009765625,3091.0,3143.10009765625,3064.887451171875,1029110
2021-11-29,-0.3150367763203879,3131.0,3178.89990234375,3071.89990234375,3144.300048828125,3066.057861328125,876651
2021-12-01,0.9703613166464493,3155.89990234375,3199.75,3124.10009765625,3138.14990234375,3060.060791015625,1741820
2021-12-02,0.76935440429952,3160.0,3194.0,3152.25,3180.60009765625,3101.454345703125,939320
2021-12-03,-0.26459690845305367,3185.0,3187.449951171875,3106.0,3110.449951171875,3033.050048828125,1216263
2021-12-06,-0.9974231954547577,3115.0,3115.0,3028.25,3038.300048828125,2962.695556640625,1107363
2021-12-07,0.4482589463919534,3040.0,3069.0,3016.449951171875,3030.35009765625,2954.943359375,2056459
2021-12-08,0.6676315874016533,3031.89990234375,3123.0,3031.0,3108.5,3031.148681640625,1171484
2021-12-09,-0.13391977470989028,3152.39990234375,3183.050048828125,3111.0,3178.699951171875,3099.601806640625,1287243
2021-12-10,-0.5902662762442453,3184.0,3292.0,3178.699951171875,3283.14990234375,3201.45263671875,2554394
2021-12-13,0.3136725760123227,3285.10009765625,3341.0,3270.949951171875,3279.85009765625,3198.23486328125,1265832
2021-12-14,-0.9755913829430938,3274.0,3305.0,3249.0,3297.5,3215.44580078125,863179
2021-12-15,-0.3338109664715982,3278.14990234375,3313.949951171875,3266.5,3301.949951171875,3219.78466796875,811946
2021-12-16,-0.011410748877096921,3325.0,3325.0,3270.60009765625,3298.60009765625,3216.518310546875,502930
2021-12-17,-0.4028949688829016,3275.0,3293.300048828125,3227.699951171875,3243.699951171875,3162.984375,1019403
2021-12-20,-0.07470862650578576,3227.0,3275.0,3181.0,3239.449951171875,3158.840087890625,948872
2021-12-21,0.9791747974231839,3247.0,3296.0,3240.0,3271.35009765625,3189.946044921875,712026
2021-12-22,0.7765915642521577,3275.699951171875,3285.64990234375,3241.0,3280.10009765625,3198.478515625,619865
2021-12-23,0.17274377985741013,3290.0,3307.89990234375,3250.0,3267.89990234375,3186.582275390625,1051596
2021-12-24,-0.4450753673134992,3280.0,3300.0,3261.0,3284.800048828125,3203.0615234375,651404
2021-12-27,0.162885918217944,3280.10009765625,3284.75,3226.199951171875,3272.39990234375,3190.97021484375,640701
2021-12-28,0.6258116362028217,3275.949951171875,3375.0,3273.0,3368.199951171875,3284.38623046875,1211648
2021-12-29,-0.7653059163858416,3372.199951171875,3386.0,3346.199951171875,3367.449951171875,3283.654541015625,598421
2021-12-30,-0.00026262004394084215,3363.25,3390.0,3350.300048828125,3365.699951171875,3281.9482421875,691223
2021-12-31,0.9869477229658514,3390.0,3405.0,3361.39990234375,3382.949951171875,3298.76904296875,570671
2022-01-03,0.9201508571859449,3383.0,3440.89990234375,3383.0,3422.39990234375,3337.237548828125,696276
2022-01-04,0.960669410545961,3434.0,3472.449951171875,3415.050048828125,3459.300048828125,3373.219482421875,790886
2022-01-05,0.9954411264625378,3470.0,3540.0,3452.050048828125,3526.800048828125,3439.039794921875,1024506
2022-01-07,0.6188410119419652,3514.64990234375,3582.0,3496.550048828125,3576.300048828125,3487.30810546875,964364
2022-01-10,0.8253049351582636,3580.0,3590.0,3527.0,3553.5,3465.075439453125,657511
2022-01-11,0.09568427744670771,3550.60009765625,3564.0,3495.050048828125,3538.75,3450.6923828125,734344
2022-01-12,0.9981705992831849,3556.89990234375,3582.449951171875,3534.0,3543.800048828125,3455.616455078125,594543
2022-01-13,0.624145164193275,3560.0,3560.0,3450.0,3456.25,3370.245361328125,1153984
2022-01-14,-0.9705489827309586,3462.0,3462.0,3346.0,3364.39990234375,3280.6806640625,1558978
2022-01-17,-0.22756422848906369,3364.39990234375,3399.0,3321.0,3378.64990234375,3294.576416015625,1103159
2022-01-18,-0.04182180882288286,3379.050048828125,3396.449951171875,3351.0,3373.699951171875,3289.749267578125,558543
2022-01-19,-0.8409275378411015,3370.0,3370.0,3267.75,3280.39990234375,3198.77099609375,1495218
2022-01-20,-0.6463807064978937,3282.0,3364.89990234375,3222.0,3306.39990234375,3224.1240234375,3075678
2022-01-21,0.6017289700219408,3300.050048828125,3324.949951171875,3241.75,3274.85009765625,3193.359375,1441694
2022-01-24,-0.9982233531074598,3268.0,3270.0,3135.0,3155.14990234375,3076.637939453125,1575665
2022-01-25,-0.6181157454178902,3100.0,3156.949951171875,3010.75,3147.10009765625,3068.788330078125,2699779
2022-01-28,-0.9798813853412867,3130.0,3170.0,3103.0,3110.85009765625,3033.4404296875,892060
2022-01-31,0.24191370055389902,3140.0,3193.449951171875,3136.39990234375,3152.25,3073.809814453125,944530
2022-02-01,0.7647479772567749,3194.0,3212.35009765625,3141.60009765625,3196.25,3116.715087890625,1008915
2022-02-02,0.9928473815671168,3204.800048828125,3244.14990234375,3192.14990234375,3197.699951171875,3118.128662109375,667265
2022-02-03,-0.41967397307494786,3212.85009765625,3241.60009765625,3190.199951171875,3203.0,3123.29736328125,899753
2022-02-04,-0.4546773075919852,3188.0,3248.800048828125,3176.050048828125,3236.64990234375,3156.109619140625,705765
2022-02-07,-0.9871319058833511,3234.0,3251.199951171875,3143.10009765625,3174.699951171875,3095.701171875,860393
2022-02-08,-0.13673011273042196,3179.0,3223.5,3166.199951171875,3216.35009765625,3136.31494140625,799206
2022-02-09,0.4969306356118371,3230.0,3259.0,3222.75,3228.35009765625,3148.016357421875,472725
2022-02-10,0.8517492610029876,3220.0,3248.0,3176.0,3238.75,3158.157470703125,728666
2022-02-14,-0.45584189301977557,3140.0,3182.699951171875,3120.0,3143.449951171875,3065.22900390625,681236
2022-02-15,-0.27422509250754956,3140.0,3270.0,3132.85009765625,3264.60009765625,3183.3642578125,676844
2022-02-16,-0.3729353239759803,3280.0,3285.10009765625,3223.0,3252.85009765625,3171.90673828125,624320
2022-02-17,-0.5965056199231185,3273.0,3294.949951171875,3236.39990234375,3265.85009765625,3184.583251953125,636735
2022-02-18,-0.32408371929098695,3236.14990234375,3272.0,3230.050048828125,3258.449951171875,3177.36767578125,423801
2022-02-21,-0.99874238477787,3235.0,3278.449951171875,3204.14990234375,3251.64990234375,3170.736572265625,547472
2022-02-22,-0.9972799993120134,3120.0,3236.800048828125,3120.0,3227.14990234375,3146.845947265625,1147209
2022-02-23,0.9255291782465065,3236.89990234375,3296.89990234375,3230.0,3237.199951171875,3156.64599609375,935896
2022-02-25,-0.9847842734307051,3105.0,3141.449951171875,3083.050048828125,3119.199951171875,3041.582275390625,1239456
2022-02-28,-0.6749848460943516,3090.0,3190.5,3015.0,3174.64990234375,3095.652587890625,1678348
2022-03-02,-0.8741894080914789,3107.0,3111.199951171875,2991.10009765625,3028.949951171875,2953.578125,3014206
2022-03-03,-0.14605307700615164,3029.0,3051.0,2862.0,2871.89990234375,2800.43603515625,4406840
2022-03-04,-0.8640022702914264,2863.800048828125,2863.800048828125,2662.050048828125,2738.14990234375,2670.01416015625,6979253
2022-03-07,-0.9965183078699434,2649.89990234375,2727.949951171875,2599.35009765625,2708.449951171875,2641.05322265625,3233760
2022-03-08,0.9423502888530493,2690.0,2736.949951171875,2638.0,2723.39990234375,2655.63134765625,2611102
2022-03-09,0.604818678598597,2750.0,2890.0,2665.050048828125,2874.949951171875,2803.41015625,4076068
2022-03-10,-0.0631698202341795,3000.0,3040.0,2891.199951171875,2912.800048828125,2840.318359375,3971987
2022-03-11,-0.9953250166921256,2917.0,2939.949951171875,2882.35009765625,2932.0,2859.040283203125,1265493
2022-03-14,0.33910037340441096,2950.0,2972.35009765625,2917.300048828125,2962.800048828125,2889.07421875,1214217
2022-03-15,0.20044418121688068,2998.0,3032.0,2966.0,2987.14990234375,2912.818115234375,1857685
2022-03-16,0.6587091349065304,3043.0,3050.0,3010.75,3042.0,2966.30322265625,1287234
2022-03-17,0.09395034268329089,3113.5,3163.300048828125,3076.5,3136.60009765625,3058.549560546875,2867519
2022-03-21,-0.6469543455920453,3117.300048828125,3117.300048828125,3030.10009765625,3045.75,2969.960205078125,1259015
2022-03-22,-0.7687946467020084,3024.0,3062.699951171875,2975.0,3051.14990234375,2975.225830078125,1515772
2022-03-23,0.03620034959749319,3060.0,3079.89990234375,3005.0,3016.800048828125,2941.73046875,948403
2022-03-24,-0.27557229056643945,2969.5,3038.949951171875,2950.550048828125,3025.35009765625,2950.06787109375,1243917
2022-03-25,-0.8902026768441179,3025.35009765625,3064.550048828125,2991.0,3046.949951171875,2971.130126953125,1083275
2022-03-28,-0.970569860044634,3046.949951171875,3058.60009765625,2995.64990234375,3027.449951171875,2952.115478515625,680332
2022-03-29,-0.5930365940555931,3069.0,3087.699951171875,3012.699951171875,3042.60009765625,2966.888427734375,1120936
2022-03-30,0.18867739979177714,3078.0,3094.35009765625,3055.89990234375,3081.550048828125,3004.869140625,849545
2022-03-31,0.3965719254532208,3115.0,3129.25,3066.10009765625,3079.949951171875,3003.30908203125,1464862
2022-04-01,0.9231205913238227,3110.0,3121.0,3087.64990234375,3114.14990234375,3036.65771484375,637392
2022-04-04,0.876781192375347,3124.949951171875,3143.0,3093.5,3118.0,3040.411865234375,873264
2022-04-05,0.3306623960282498,3110.0,3157.0,3080.0,3140.800048828125,3062.644775390625,805874
2022-04-07,0.8645924078300595,3154.0,3208.949951171875,3145.5,3155.0,3076.49169921875,1025244
2022-04-08,-0.15014021503448022,3168.0,3220.0,3151.199951171875,3206.25,3126.46630859375,678898
2022-04-11,-0.7013584127541564,3184.0,3222.0,3150.0,3157.449951171875,3078.880859375,672652
2022-04-12,-0.0074629066803026944,3154.699951171875,3162.10009765625,3114.14990234375,3128.64990234375,3050.79736328125,794265
2022-04-13,0.33148721014149485,3117.199951171875,3121.89990234375,3066.10009765625,3080.64990234375,3003.991455078125,1121350
2022-04-20,0.5070586468791589,2991.300048828125,3089.5,2980.0,3083.0,3006.282958984375,838182
2022-04-21,0.2311192326626042,3089.800048828125,3174.39990234375,3086.050048828125,3158.25,3079.66064453125,1069035
2022-04-22,-0.9975511028023902,3121.5,3173.300048828125,3113.25,3164.39990234375,3085.657470703125,681191
2022-04-25,-0.564304093219107,3134.0,3155.10009765625,3095.10009765625,3130.60009765625,3052.69873046875,1096774
2022-04-26,0.6790507097935511,3130.0,3148.699951171875,3105.800048828125,3125.64990234375,3047.871826171875,1703441
2022-04-27,-0.8239164716880103,3096.0,3164.0,3085.949951171875,3148.35009765625,3070.007080078125,963536
2022-04-28,0.3050917980985509,3190.0,3268.0,3170.0,3247.699951171875,3166.884765625,2001838
2022-04-29,-0.9975501054432243,3249.0,3278.0,3221.300048828125,3237.199951171875,3156.64599609375,1088970
2022-05-02,-0.2550959869672974,3195.0,3211.5,3154.050048828125,3200.0,3120.37158203125,595522
2022-05-04,-0.9978822304517962,3178.0,3194.699951171875,3081.449951171875,3100.85009765625,3023.689208984375,1120002
2022-05-05,0.7753073839703575,3104.75,3126.949951171875,3070.0,3076.550048828125,2999.993896484375,724601
2022-05-06,-0.30105874652508646,3020.0,3052.39990234375,3003.89990234375,3016.25,2941.1943359375,923941
2022-05-09,-0.3250846216493907,3000.85009765625,3038.800048828125,2975.0,3005.25,2930.4677734375,998324
2022-05-10,-0.6490925855773226,3051.0,3138.75,3036.0,3086.35009765625,3009.5498046875,2460016
2022-05-11,-0.6850935759074572,3090.39990234375,3109.550048828125,2979.0,3053.64990234375,2977.663330078125,1883969
2022-05-12,-0.3571072766596141,3042.0,3078.0,2988.0,3039.949951171875,2964.30419921875,1254245
2022-05-16,0.12069480412174016,3089.89990234375,3089.89990234375,2985.199951171875,2999.89990234375,2925.2509765625,733044
2022-05-17,0.9900005958043039,2998.89990234375,3056.60009765625,2951.0,3050.0,2974.1044921875,1179081
2022-05-18,-0.9958323179162107,3030.0,3128.800048828125,3026.0,3100.10009765625,3022.957763671875,1379763
2022-05-19,0.9996121771691833,3000.5,3071.699951171875,3000.449951171875,3046.89990234375,2971.081298828125,772390
2022-05-20,-0.06788881483953446,3080.0,3125.0,3070.0,3109.949951171875,3032.562744140625,778957
2022-05-23,-0.18343621343632954,3143.949951171875,3188.0,3130.050048828125,3174.199951171875,3095.2138671875,813294
2022-05-24,-0.5534018322050542,3174.75,3183.64990234375,3070.0,3086.85009765625,3010.037353515625,691307
2022-05-25,-0.3544696012104396,3039.0,3039.0,2826.300048828125,2838.050048828125,2767.428466796875,3381427
2022-05-26,-0.1204599396054012,2850.0,2860.0,2718.550048828125,2840.14990234375,2769.47607421875,3212196
2022-05-27,0.5973384234181139,2868.0,2869.0,2781.0,2834.85009765625,2764.308349609375,1879534
2022-05-30,0.9820458822650835,2880.0,2884.0,2817.0,2844.0,2773.23046875,2525482
2022-06-01,-0.6717427250356801,2859.64990234375,2939.89990234375,2832.050048828125,2852.5,2781.51904296875,1770795
2022-06-02,-0.06396560628976052,2870.199951171875,2919.0,2848.0,2908.550048828125,2836.17431640625,1164197
2022-06-03,-0.36239434549185845,2905.0,2919.449951171875,2856.0,2886.89990234375,2815.06298828125,1228489
2022-06-06,-0.9540715252320903,2871.10009765625,2872.0,2807.699951171875,2817.449951171875,2747.341064453125,1193698
2022-06-07,-0.9879218561691232,2800.0,2804.0,2731.0,2744.699951171875,2676.401123046875,1403598
2022-06-08,-0.5977310381887946,2771.89990234375,2775.0,2700.0,2705.199951171875,2637.884033203125,1743575
2022-06-09,-0.5051036457443843,2680.0,2697.60009765625,2633.75,2686.800048828125,2635.04052734375,1857501
2022-06-10,-0.9976083668880165,2665.0,2736.0,2652.0,2708.75,2656.567626953125,1592920
2022-06-13,0.035273030400276184,2669.949951171875,2683.0,2642.5,2660.75,2609.491943359375,1674206
2022-06-14,-0.9961039165750013,2617.0,2666.35009765625,2585.0,2635.39990234375,2584.63037109375,2296040
2022-06-15,0.8659770811597506,2650.0,2683.60009765625,2627.10009765625,2661.14990234375,2609.88427734375,928842
2022-06-16,0.9892948428168893,2694.949951171875,2725.449951171875,2640.0,2657.449951171875,2606.25537109375,1280628
2022-06-17,-0.9921603384801918,2650.10009765625,2657.0,2560.0,2580.199951171875,2530.493896484375,2043251
2022-06-20,-0.28136675772839226,2600.0,2673.35009765625,2588.35009765625,2660.699951171875,2609.443115234375,1595360
2022-06-21,0.5249965190887451,2674.949951171875,2710.0,2640.0,2678.35009765625,2626.7529296875,1042074
2022-06-22,-0.9962816479674075,2688.0,2707.949951171875,2626.35009765625,2666.35009765625,2614.984375,1871760
2022-06-23,0.0025080478517338634,2674.949951171875,2767.949951171875,2674.949951171875,2758.199951171875,2705.064697265625,1612872
2022-06-24,0.9802941141766496,2775.0,2784.800048828125,2726.0,2760.89990234375,2707.712646484375,2215583
2022-06-27,0.026701198347533744,2779.89990234375,2827.64990234375,2765.0,2820.949951171875,2766.60595703125,1295734
2022-06-28,-0.7024232649098849,2780.0,2784.800048828125,2704.300048828125,2726.5,2673.975341796875,1838358
2022-06-29,-0.32339924902448225,2706.5,2719.0,2678.0,2697.800048828125,2645.828369140625,1066354
2022-06-30,0.07592660933732986,2714.85009765625,2726.949951171875,2680.0,2695.199951171875,2643.2783203125,1291447
2022-07-01,-0.6657325155683793,2704.89990234375,2780.0,2685.0,2773.14990234375,2719.726806640625,1477191
2022-07-04,0.9060346717014909,2775.14990234375,2798.0,2744.800048828125,2790.300048828125,2736.54638671875,653147
2022-07-05,-0.21561303836642765,2785.0,2812.300048828125,2760.0,2766.60009765625,2713.302978515625,1073043
2022-07-06,-0.08357254974544048,2830.550048828125,2869.0,2805.14990234375,2861.39990234375,2806.276611328125,2085735
2022-07-07,0.24807046633213758,2901.39990234375,2932.0,2876.800048828125,2891.39990234375,2835.698486328125,1469087
2022-07-08,0.6417405509908515,2880.0,2888.0,2840.5,2879.800048828125,2824.322021484375,1274148
2022-07-11,0.8508151471614838,2874.0,2940.550048828125,2851.35009765625,2933.050048828125,2876.54638671875,1081885
2022-07-13,-0.2348535084588961,2949.0,2968.949951171875,2926.050048828125,2941.199951171875,2884.539306640625,2153712
2022-07-14,0.9937122965056915,2952.10009765625,2954.85009765625,2912.39990234375,2939.14990234375,2882.52880859375,882479
2022-07-15,0.8420332981739194,2949.949951171875,2985.0,2940.449951171875,2978.14990234375,2920.777587890625,1668006
2022-07-19,-0.14436907600611448,2983.449951171875,3023.0,2978.14990234375,3019.10009765625,2960.938720703125,638171
2022-07-20,0.046689799055457115,3033.0,3044.699951171875,3000.0,3006.449951171875,2948.532470703125,867436
2022-07-21,-0.1088337864992874,2981.0,3084.949951171875,2981.0,3066.10009765625,3007.033447265625,1184060
2022-07-22,0.8971193917095661,3066.10009765625,3092.75,3048.0,3067.39990234375,3008.30810546875,1268141
2022-07-25,-0.9969578474992886,3069.5,3117.199951171875,3051.64990234375,3104.949951171875,3045.134765625,985844
2022-07-26,-0.3698041777048881,3096.0,3149.800048828125,3053.0,3108.5,3048.6162109375,2876310
2022-07-27,0.025366942965774797,3118.949951171875,3193.0,3096.0,3186.050048828125,3124.672607421875,1976407
2022-07-28,-0.8280836836978173,3198.0,3280.0,3182.0,3272.39990234375,3209.358642578125,1332572
2022-07-29,-0.24476689280709252,3285.39990234375,3354.35009765625,3275.0,3333.75,3269.52685546875,1836550
2022-08-01,0.9982807795749977,3340.050048828125,3355.0,3314.5,3324.550048828125,3260.50439453125,1076122
2022-08-02,-0.354057537402365,3331.0,3404.75,3325.60009765625,3396.14990234375,3330.724853515625,1650536
2022-08-03,-0.3603547302385171,3404.0,3448.0,3371.25,3439.64990234375,3373.38671875,1169005
2022-08-04,-0.44618468642390025,3455.0,3476.949951171875,3410.89990234375,3460.5,3393.83544921875,981434
2022-08-05,-0.9861265649087727,3475.0,3491.949951171875,3451.550048828125,3473.89990234375,3406.97705078125,792478
2022-08-08,0.32030047884230345,3465.0,3476.949951171875,3436.550048828125,3458.449951171875,3391.82470703125,724644
2022-08-10,-0.9070967558654957,3441.0,3449.85009765625,3396.0,3411.64990234375,3345.92626953125,1089295
2022-08-11,0.46644746626511085,3450.0,3477.949951171875,3390.0,3405.199951171875,3339.6005859375,1410533
2022-08-12,0.2974171047597857,3399.0,3434.800048828125,3383.0,3427.85009765625,3361.814453125,548472
2022-08-16,0.6159536629954042,3470.0,3509.449951171875,3455.300048828125,3501.0,3433.55517578125,911189
2022-08-17,0.2769547457407628,3517.949951171875,3545.64990234375,3504.60009765625,3523.699951171875,3455.817626953125,817912
2022-08-18,0.008577191270887852,3525.0,3542.699951171875,3515.550048828125,3535.35009765625,3467.243408203125,599877
2022-08-19,-0.9992018690196952,3520.0,3538.5,3464.0,3482.550048828125,3415.46044921875,581829
2022-08-22,-0.7847741307341494,3462.10009765625,3485.550048828125,3333.199951171875,3349.75,3285.21875,2336567
2022-08-23,-0.9528606869280338,3333.0,3383.949951171875,3316.85009765625,3356.60009765625,3291.936767578125,831446
2022-08-24,-0.12597883171838475,3339.60009765625,3385.0,3302.0,3378.85009765625,3313.75830078125,1182154
2022-08-25,0.33735080062857986,3375.0,3405.14990234375,3351.199951171875,3362.5,3297.72314453125,615392
2022-08-26,-0.49641270615393296,3379.35009765625,3384.5,3305.64990234375,3323.550048828125,3259.523681640625,1384783
2022-08-29,-0.9983852764999028,3247.0,3348.35009765625,3236.699951171875,3343.25,3278.843994140625,1031166
2022-08-30,-0.02378050424158573,3331.0,3409.75,3331.0,3391.60009765625,3326.262939453125,1426459
2022-09-01,-0.7695600834041316,3315.0,3474.39990234375,3315.0,3446.550048828125,3380.154052734375,1417762
2022-09-02,0.6718824583305312,3489.0,3489.0,3425.0,3431.050048828125,3364.95263671875,740821
2022-09-05,0.056959380774060264,3425.050048828125,3450.0,3405.550048828125,3424.800048828125,3358.822998046875,518438
2022-09-06,-0.1248971501190681,3420.0,3434.550048828125,3384.0,3395.25,3329.84228515625,540937
2022-09-07,-0.9989902512946477,3392.0,3435.0,3385.949951171875,3400.35009765625,3334.84423828125,682921
2022-09-08,0.44241216022055596,3450.0,3484.64990234375,3427.39990234375,3450.14990234375,3383.684326171875,1143090
2022-09-09,-0.5973525972105562,3483.699951171875,3483.699951171875,3433.449951171875,3441.85009765625,3375.544921875,702805
2022-09-12,0.02206156177756687,3441.85009765625,3453.64990234375,3423.0,3432.199951171875,3366.080322265625,641280
2022-09-13,-0.89528838545084,3432.0,3459.0,3414.64990234375,3422.199951171875,3356.273193359375,776044
2022-09-14,-0.9831196814775467,3380.0,3448.5,3380.0,3438.949951171875,3372.700439453125,816678
2022-09-15,-0.8970451573375613,3440.0,3458.75,3389.10009765625,3395.39990234375,3329.9892578125,590182
2022-09-16,-0.4006190475532397,3412.39990234375,3420.0,3309.550048828125,3322.550048828125,3258.54296875,1598265
2022-09-19,0.4493197448027786,3320.64990234375,3342.10009765625,3231.300048828125,3316.25,3252.3642578125,1013563
2022-09-20,0.01989270425401628,3335.60009765625,3410.0,3334.0,3393.199951171875,3327.831787109375,708184
2022-09-22,-0.8435016058113737,3356.050048828125,3440.0,3315.64990234375,3436.0,3369.807373046875,829396
2022-09-23,0.9925623008748516,3435.0,3437.949951171875,3382.699951171875,3395.25,3329.84228515625,513370
2022-09-26,-0.3257708209469759,3370.0,3468.0,3354.0,3438.050048828125,3371.817626953125,1429914
2022-09-27,-0.2969088868946225,3454.85009765625,3500.0,3431.050048828125,3470.64990234375,3403.78955078125,1455383
2022-09-28,-0.7597059354069643,3451.0,3582.89990234375,3420.0,3570.64990234375,3501.863525390625,1843428
2022-09-29,-0.3543708668374974,3563.449951171875,3563.449951171875,3372.39990234375,3384.800048828125,3319.59375,2624894
2022-09-30,-0.11954793813929428,3402.0,3411.89990234375,3285.25,3342.449951171875,3278.059326171875,2159720
2022-10-03,-0.11692720970798594,3348.0,3352.5,3285.75,3302.89990234375,3239.271240234375,934543
2022-10-06,-0.9359763748943806,3337.75,3366.75,3311.699951171875,3328.949951171875,3264.8193359375,922770
2022-10-07,-0.33278942278896767,3318.0,3359.60009765625,3287.25,3343.699951171875,3279.285400390625,774544
2022-10-10,-0.7763024096719973,3280.0,3299.0,3260.199951171875,3277.949951171875,3214.802001953125,734377
2022-10-11,-0.9946980203312705,3290.5,3360.0,3274.0,3298.699951171875,3235.15234375,1411316
2022-10-12,0.18667165057447094,3335.0,3339.5,3206.0,3248.199951171875,3185.625,1812549
2022-10-13,-0.44715856168685214,3230.10009765625,3258.199951171875,3193.89990234375,3209.0,3147.18017578125,779890
2022-10-14,-0.012181316669739317,3235.0,3246.0,3180.0,3185.5,3124.133056640625,845765
2022-10-17,-0.5216715335845947,3185.5,3218.0,3170.10009765625,3197.60009765625,3136.0,1067773
2022-10-19,-0.469931532497867,3242.0,3245.699951171875,3196.35009765625,3212.75,3150.85791015625,943543
2022-10-20,-0.04439568980440246,3198.0,3241.85009765625,3101.800048828125,3140.89990234375,3080.39208984375,2284352
2022-10-21,0.27474305391903425,3140.0,3164.75,3072.64990234375,3092.39990234375,3032.826416015625,1738731
2022-10-24,0.9469326707767323,3150.0,3159.0,3116.0,3121.64990234375,3061.512939453125,178709
2022-10-25,-0.7868660284924166,3134.0,3135.0,3079.89990234375,3084.89990234375,3025.47119140625,1016316
2022-10-27,0.9941751178048435,3123.0,3123.0,3033.0,3043.449951171875,2984.819580078125,2005709
2022-10-28,-0.11964926868677139,3058.699951171875,3071.60009765625,3040.0,3053.39990234375,2994.577880859375,715736
2022-10-31,0.025818671798333526,3082.0,3113.0,3061.050048828125,3107.699951171875,3052.22998046875,814364
2022-11-01,0.9342932464787737,3110.5,3164.39990234375,3110.5,3159.39990234375,3103.007080078125,939335
2022-11-02,-0.5103170680667972,3158.0,3159.949951171875,3122.10009765625,3131.89990234375,3075.997802734375,787012
2022-11-03,0.3304099142551422,3105.0,3148.75,3105.0,3141.300048828125,3085.230224609375,563798
2022-11-04,0.04516880476795551,3148.0,3185.0,3125.89990234375,3181.35009765625,3124.5654296875,609757
2022-11-07,-0.08507620855975388,3186.0,3198.0,3097.449951171875,3103.550048828125,3048.154296875,1669943
2022-11-09,0.10561307109310292,3146.0,3146.0,3080.0,3086.5,3031.408447265625,1391333
2022-11-10,0.9990073055087123,3086.0,3086.0,3033.5,3045.14990234375,2990.796630859375,1375007
2022-11-14,0.9290800341793025,3056.0,3077.949951171875,3041.050048828125,3053.199951171875,2998.70263671875,811702
2022-11-15,0.8692376592225628,3068.5,3095.0,3042.0,3079.300048828125,3024.337158203125,873840
2022-11-16,-0.5058578061143635,3079.300048828125,3093.0,3051.0,3083.050048828125,3028.020263671875,770953
2022-11-17,0.9744474338367581,3092.0,3096.550048828125,3060.0,3071.60009765625,3016.7744140625,706271
2022-11-18,-0.9664821855787357,3095.0,3114.85009765625,3055.75,3095.5,3040.247802734375,1258576
2022-11-21,0.998370116809383,3105.0,3110.35009765625,3066.199951171875,3095.300048828125,3040.051513671875,612194
2022-11-22,-0.26333016343414783,3104.0,3119.5,3072.300048828125,3103.85009765625,3048.448974609375,764079
2022-11-23,0.9984997381689027,3111.0,3114.800048828125,3090.0,3100.800048828125,3045.453369140625,488341
2022-11-24,0.34515926263217506,3117.949951171875,3120.25,3092.0,3115.300048828125,3059.6943359375,571872
2022-11-25,-0.7107015667508156,3115.300048828125,3119.800048828125,3075.25,3108.14990234375,3052.672119140625,898769
2022-11-28,0.2095428793822066,3108.14990234375,3159.0,3096.699951171875,3151.199951171875,3094.95361328125,914689
2022-11-29,0.6060575613402761,3157.0,3169.0,3127.14990234375,3135.050048828125,3079.092041015625,877720
2022-11-30,0.7690008241392207,3139.89990234375,3199.949951171875,3133.300048828125,3175.14990234375,3118.47607421875,2547283
2022-12-01,0.5863703625043855,3191.0,3197.0,3161.25,3179.35009765625,3122.601318359375,761717
2022-12-02,-0.9968098039389588,3173.14990234375,3174.300048828125,3134.0,3143.449951171875,3087.342041015625,932259
2022-12-05,-0.5284387156483717,3130.0,3168.699951171875,3112.5,3156.89990234375,3100.5517578125,926122
2022-12-06,-0.9691040888428688,3125.0,3169.0,3125.0,3161.699951171875,3105.26611328125,958365
2022-12-07,-0.5407385805964522,3180.0,3234.699951171875,3176.39990234375,3226.5,3168.909423828125,1832282
2022-12-08,0.013785702988388947,3230.0,3240.89990234375,3202.64990234375,3221.449951171875,3163.94970703125,851312
2022-12-12,-0.03735295814355292,3227.0,3230.0,3141.89990234375,3166.35009765625,3109.833251953125,1323816
2022-12-13,0.6280365036800504,3185.0,3185.0,3142.64990234375,3178.5,3121.766357421875,886601
2022-12-14,0.2777433857766234,3179.0,3195.0,3125.0,3145.949951171875,3089.797119140625,1103870
2022-12-15,0.023364954933640547,3142.0,3161.199951171875,3116.699951171875,3130.60009765625,3074.721435546875,799124
2022-12-16,-0.8557217328780098,3115.0,3117.0,3050.300048828125,3055.89990234375,3001.3544921875,1192821
2022-12-19,0.3195575772939871,3062.0,3088.0,3041.0,3080.949951171875,3025.957275390625,655594
2022-12-20,-0.7032833052424914,3075.050048828125,3088.64990234375,3018.0,3082.14990234375,3027.13623046875,739257
2022-12-21,0.19374117642873898,3085.0,3112.449951171875,3050.050048828125,3069.64990234375,3014.859130859375,616324
2022-12-22,-0.5399007205202137,3074.0,3093.5,3038.050048828125,3088.550048828125,3033.421875,663202
2022-12-23,-0.11909311061754124,3078.949951171875,3086.85009765625,3036.0,3057.89990234375,3003.31884765625,1230858
2022-12-26,0.198061272315681,3057.89990234375,3071.89990234375,3028.800048828125,3056.050048828125,3001.501953125,536884
2022-12-27,0.016119964857352898,3060.0,3129.0,3056.300048828125,3112.60009765625,3057.04248046875,729041
2022-12-28,0.2561363430124604,3109.949951171875,3143.800048828125,3105.0,3123.699951171875,3067.9443359375,972274
2022-12-29,-0.9909274710516911,3101.0,3125.0,3092.550048828125,3115.14990234375,3059.546875,596265
2022-12-30,-0.044019992946414274,3130.75,3130.75,3071.300048828125,3087.89990234375,3032.783447265625,836220
2023-01-02,0.7474943198540132,3087.89990234375,3087.89990234375,3021.0,3047.25,2992.859130859375,1015990
2023-01-03,-0.637288581507164,3047.0,3059.949951171875,3025.0,3028.25,2974.1982421875,860367
2023-01-04,-0.9972517271526158,3035.0,3050.0,3001.550048828125,3016.85009765625,2963.001708984375,836382
2023-01-05,0.14539549874219423,3039.550048828125,3046.60009765625,2995.39990234375,3004.35009765625,2950.724853515625,1113920
2023-01-06,0.43449622848129366,3010.0,3023.5,2952.0,2978.39990234375,2925.23779296875,1045526
2023-01-09,-0.10603714743629097,2993.300048828125,3017.64990234375,2951.0,2984.14990234375,2930.88525390625,808263
2023-01-10,-0.9914504908956587,2984.14990234375,2985.0,2952.199951171875,2960.35009765625,2907.51025390625,864325
2023-01-11,-0.24100230862386524,2974.89990234375,2974.89990234375,2935.0,2940.39990234375,2887.916015625,890426
2023-01-12,-0.5527886124433611,2939.0,2939.85009765625,2896.0,2915.949951171875,2863.90283203125,1558620
2023-01-13,-0.33676179964095354,2925.0,2925.0,2871.75,2909.14990234375,2857.2236328125,1507864
2023-01-16,0.5515832206547202,2925.0,2929.60009765625,2896.0,2916.050048828125,2864.0009765625,644073
2023-01-17,0.7780502364039421,2925.0,2944.85009765625,2911.14990234375,2940.89990234375,2888.407470703125,716489
2023-01-18,-0.3337706955887067,2947.949951171875,2960.0,2929.35009765625,2945.25,2892.6796875,893808
2023-01-19,-0.5386317273951136,2954.89990234375,2973.60009765625,2843.60009765625,2866.14990234375,2814.991455078125,2379947
2023-01-20,-0.9555104492264945,2848.0,2848.0,2781.0,2787.800048828125,2738.040283203125,3171005
2023-01-23,0.851795480796136,2800.0,2800.0,2767.85009765625,2784.449951171875,2734.74951171875,1402260
2023-01-24,0.3086506588733755,2795.0,2827.10009765625,2784.449951171875,2810.60009765625,2760.43310546875,1061471
2023-01-25,-0.6464059271772081,2810.89990234375,2811.0,2767.10009765625,2775.0,2725.468505859375,857953
2023-01-27,-0.0010075601167045534,2766.60009765625,2772.85009765625,2685.85009765625,2722.64990234375,2674.052978515625,1801498
2023-01-30,0.783880814909935,2724.0,2776.0,2696.25,2766.199951171875,2716.825439453125,1171912
2023-01-31,-0.3352860861341469,2760.0,2779.949951171875,2718.050048828125,2725.85009765625,2677.196044921875,1961805
2023-02-01,0.5804687922645826,2749.800048828125,2778.0,2704.800048828125,2743.75,2694.776123046875,1176872
2023-02-02,-0.9910707292146981,2741.0,2741.0,2694.0,2705.64990234375,2657.356201171875,1308570
2023-02-06,-0.2390432208776474,2760.39990234375,2765.0,2718.0,2754.199951171875,2705.039794921875,1120284
2023-02-07,0.9845775433350354,2762.0,2774.5,2748.14990234375,2758.050048828125,2708.8212890625,732250
2023-02-09,0.9570505155716091,2781.949951171875,2820.35009765625,2766.14990234375,2814.60009765625,2764.36181640625,946372
2023-02-10,-0.8370630759745836,2830.0,2830.949951171875,2793.0,2804.60009765625,2754.540283203125,700072
2023-02-13,-0.9918975750915706,2814.5,2829.0,2780.0,2790.75,2740.937255859375,467228
2023-02-14,0.3177809809567407,2804.75,2804.75,2765.0,2777.0,2727.432861328125,524746
2023-02-15,-0.2419911470885078,2777.0,2798.300048828125,2754.0,2786.14990234375,2736.41943359375,817717
2023-02-16,0.25376160300484946,2797.0,2834.35009765625,2790.10009765625,2805.949951171875,2755.865966796875,788964
2023-02-17,-0.7273566686781123,2802.949951171875,2845.85009765625,2785.5,2833.60009765625,2783.022705078125,840526
2023-02-20,0.1522616110742092,2845.0,2852.0,2812.10009765625,2825.550048828125,2775.1162109375,646218
2023-02-21,0.31427913742760816,2837.0,2838.699951171875,2805.0,2817.10009765625,2766.81689453125,631934
2023-02-22,0.9879214940592647,2809.949951171875,2813.949951171875,2780.0,2795.949951171875,2746.04443359375,580270
2023-02-23,-0.7333429089708564,2805.0,2805.550048828125,2700.10009765625,2705.949951171875,2657.651123046875,1790570
2023-02-24,0.011199409811524674,2712.10009765625,2762.0,2710.0,2738.5,2689.619873046875,1429040
2023-02-27,-0.9980290116509423,2740.39990234375,2758.64990234375,2725.050048828125,2749.89990234375,2700.81640625,561317
2023-02-28,-0.9002273628324143,2750.0,2839.0,2727.449951171875,2828.800048828125,2778.308349609375,1815923
2023-03-01,-0.9800654840364587,2828.0,2853.300048828125,2816.050048828125,2840.89990234375,2790.1923828125,816598
2023-03-02,-0.974781717552105,2831.0,2849.0,2811.0,2833.89990234375,2783.31689453125,604523
2023-03-03,0.24699456088075583,2837.050048828125,2852.0,2810.64990234375,2828.85009765625,2778.357666015625,679295
2023-03-06,0.2535170554416254,2843.0,2884.0,2830.25,2864.550048828125,2813.420166015625,1050267
2023-03-08,-0.32965313356059295,2870.0,2870.0,2827.0,2859.550048828125,2808.50927734375,580250
2023-03-09,0.9968872693134472,2862.0,2872.449951171875,2836.85009765625,2853.550048828125,2802.616455078125,774224
2023-03-10,0.9786033928394318,2844.0,2844.0,2807.0,2830.199951171875,2779.68310546875,489978
2023-03-13,-0.18065681848675014,2823.5,2849.449951171875,2772.199951171875,2784.199951171875,2734.504150390625,813217
2023-03-14,-0.00088917461107485,2782.949951171875,2786.949951171875,2740.050048828125,2745.60009765625,2696.59326171875,1060450
2023-03-15,-0.6830919149304884,2772.199951171875,2866.35009765625,2765.199951171875,2827.39990234375,2776.93310546875,2170346
2023-03-16,-0.8451032945061646,2850.0,2900.0,2828.699951171875,2893.25,2841.60791015625,1755487
2023-03-17,0.6205538330197503,2923.949951171875,2923.949951171875,2855.050048828125,2862.64990234375,2811.5537109375,1848073
2023-03-20,0.314741681329906,2915.0,2915.0,2831.050048828125,2855.14990234375,2804.187744140625,1074367
2023-03-21,0.8594139572591163,2858.14990234375,2887.0,2835.0,2839.10009765625,2788.42431640625,691891
2023-03-22,0.9987471869098954,2825.0,2853.14990234375,2814.85009765625,2839.85009765625,2789.1611328125,731807
2023-03-24,0.11424419283866882,2797.800048828125,2815.64990234375,2772.85009765625,2798.5,2748.548828125,784111
2023-03-27,0.007652640342712402,2798.5,2820.0,2786.5,2803.75,2753.705322265625,791560
2023-03-28,0.9971045079873875,2791.0,2810.60009765625,2765.0,2784.449951171875,2734.74951171875,558581
2023-03-29,0.97058564145118,2784.449951171875,2793.75,2755.0,2770.5,2721.048828125,1087648
2023-03-31,0.6037272192736376,2756.050048828125,2775.0,2747.5,2761.64990234375,2712.356689453125,1967803
2023-04-05,0.5219070294115227,2760.0,2811.550048828125,2752.25,2808.5,2758.37060546875,668643
2023-04-06,-0.5553878396749496,2807.449951171875,2825.0,2786.800048828125,2809.85009765625,2759.6962890625,627554
2023-04-10,0.24328411192982458,2810.0,2810.0,2755.10009765625,2776.35009765625,2726.79443359375,1215461
2023-04-11,0.6655455300434758,2790.0,2790.0,2750.050048828125,2753.800048828125,2704.64697265625,1246379
2023-04-12,0.34373759988229724,2755.550048828125,2806.199951171875,2751.0,2786.75,2737.0087890625,2235399
2023-04-13,0.24293048959225416,2786.699951171875,2813.300048828125,2782.0,2809.75,2759.59814453125,602597
2023-04-17,-0.022919962508603932,2825.0,2845.60009765625,2806.0,2843.10009765625,2792.35302734375,754555
2023-04-18,-0.31230371569593746,2848.0,2858.449951171875,2830.10009765625,2854.60009765625,2803.64794921875,717724
2023-04-19,-0.9985329014831222,2836.35009765625,2852.699951171875,2800.64990234375,2809.699951171875,2759.549072265625,799624
2023-04-20,-0.21852943222100812,2820.0,2851.0,2813.14990234375,2843.85009765625,2793.089599609375,761101
2023-04-21,0.07355512480135076,2847.10009765625,2887.0,2847.10009765625,2882.10009765625,2830.65673828125,894930
2023-04-24,-0.026842964219395072,2882.10009765625,2898.0,2852.0,2891.10009765625,2839.496337890625,782967
2023-04-25,-0.8483404070138931,2891.050048828125,2901.75,2864.14990234375,2898.0,2846.27294921875,636120
2023-04-26,-0.5711442051455379,2896.949951171875,2916.449951171875,2888.050048828125,2910.0,2858.05859375,569221
2023-04-27,-0.08841233103400252,2915.5,2920.0,2893.85009765625,2899.949951171875,2848.18798828125,599461
2023-04-28,-0.9948474408010952,2919.949951171875,2919.949951171875,2846.60009765625,2902.35009765625,2850.54541015625,1080665
2023-05-02,0.00835818899795413,2910.949951171875,2933.699951171875,2893.0,2899.550048828125,2847.79541015625,663800
2023-05-03,-0.4962511008566556,2918.0,2962.39990234375,2897.0,2929.699951171875,2877.4072265625,1237193
2023-05-04,0.9353960240259767,2948.0,2986.14990234375,2922.14990234375,2982.85009765625,2929.608642578125,1008540
2023-05-05,-0.5280195349332644,2971.0,3025.0,2951.050048828125,3012.949951171875,2959.171142578125,1326561
2023-05-08,0.14179638111090753,3015.0,3035.699951171875,2993.0,3019.449951171875,2965.55517578125,941879
2023-05-09,-0.9691277359961532,3016.050048828125,3074.800048828125,3010.75,3034.800048828125,2980.631591796875,1025850
2023-05-10,-0.192809517076239,3042.949951171875,3057.0,3018.89990234375,3041.39990234375,2987.11328125,751851
2023-05-11,-0.0988373998518321,3052.050048828125,3156.14990234375,3031.5,3139.75,3083.7080078125,3229605
2023-05-12,-0.12581827281974256,3139.0,3179.75,3086.0,3131.10009765625,3075.21240234375,1998170
2023-05-15,0.5903103138087318,3134.199951171875,3168.0,3121.050048828125,3132.0,3076.096435546875,810281
2023-05-16,-0.840894820107173,3132.0,3165.699951171875,3122.35009765625,3138.10009765625,3082.087646484375,822404
2023-05-17,-0.3706934534566244,3136.0,3147.949951171875,3075.550048828125,3092.449951171875,3037.252197265625,835371
2023-05-18,0.33337859887008864,3105.64990234375,3125.0,3093.25,3109.050048828125,3053.55615234375,498067
2023-05-19,-0.9818714022015532,3124.0,3127.949951171875,3068.050048828125,3084.449951171875,3029.39501953125,633262
2023-05-22,0.12339139201988776,3070.0,3105.60009765625,3046.0,3084.89990234375,3029.837158203125,659425
2023-05-23,0.0034054367046337576,3087.0,3127.949951171875,3085.0,3120.60009765625,3064.89990234375,581204
2023-05-24,-0.9629746342485305,3115.0,3133.14990234375,3098.0,3101.5,3046.140625,439465
2023-05-25,-0.8279386280725399,3101.5,3129.0,3086.0,3123.550048828125,3067.797119140625,500313
2023-05-29,0.9242817190679489,3147.199951171875,3155.0,3116.050048828125,3137.39990234375,3081.39990234375,535712
2023-05-30,0.971355626184959,3146.89990234375,3155.0,3127.550048828125,3144.39990234375,3088.27490234375,506026
2023-05-31,-0.6607660514418967,3151.949951171875,3219.35009765625,3136.449951171875,3192.949951171875,3135.95849609375,2349066
2023-06-01,-0.17594310199153065,3235.35009765625,3249.89990234375,3207.0,3240.699951171875,3182.85595703125,1104861
2023-06-02,0.04243117486475967,3239.39990234375,3249.949951171875,3219.0,3237.25,3179.4677734375,781973
2023-06-05,-0.2268145425657097,3239.949951171875,3239.949951171875,3195.0,3199.75,3142.636962890625,492565
2023-06-06,-0.4109640263361923,3207.75,3238.89990234375,3195.0,3212.75,3155.40478515625,577698
2023-06-07,-0.9438495345724126,3217.0,3229.25,3206.25,3224.800048828125,3167.23974609375,470038
2023-06-08,0.9922797631006688,3220.0,3247.0,3193.0,3212.25,3154.9140625,561161
2023-06-09,0.11605317092067303,3209.800048828125,3238.89990234375,3168.550048828125,3180.550048828125,3144.58203125,1239045
2023-06-12,0.18824447333463468,3185.199951171875,3202.35009765625,3151.14990234375,3194.75,3158.62158203125,1029156
2023-06-13,-0.08312651026062667,3210.0,3272.0,3205.14990234375,3262.85009765625,3225.951416015625,1598821
2023-06-14,0.30876290012383834,3265.0,3289.89990234375,3253.0,3270.199951171875,3233.218017578125,741615
2023-06-15,-0.5551841348986438,3276.0,3304.0,3273.35009765625,3294.35009765625,3257.09521484375,806994
2023-06-16,-0.20503164051721492,3291.75,3322.0,3286.550048828125,3316.85009765625,3279.340576171875,984671
2023-06-19,-0.9622665303759277,3318.85009765625,3344.949951171875,3303.25,3309.699951171875,3272.271484375,516915
2023-06-20,-0.4942340795096243,3315.0,3326.85009765625,3277.10009765625,3318.699951171875,3281.169677734375,866290
2023-06-21,-0.27746998752700164,3318.699951171875,3333.0,3300.0,3316.10009765625,3278.599365234375,742456
2023-06-22,-0.6610547858775438,3325.0,3326.85009765625,3242.449951171875,3248.050048828125,3211.318603515625,871640
2023-06-23,-0.9734386354851138,3265.0,3304.14990234375,3253.050048828125,3297.699951171875,3260.4072265625,1260659
2023-06-26,-0.03856415626069065,3295.0,3315.35009765625,3271.39990234375,3308.14990234375,3270.73876953125,592801
2023-06-27,-0.5527354163350537,3275.0,3344.5,3273.35009765625,3326.0,3288.38720703125,914141
2023-06-28,-0.7584721929160878,3331.0,3355.25,3323.5,3348.25,3310.385498046875,713110
2023-06-30,0.41302036756678717,3353.0,3449.60009765625,3343.75,3362.050048828125,3324.029541015625,1436363
2023-07-03,0.021185050252825022,3365.0,3379.949951171875,3337.199951171875,3358.699951171875,3320.717529296875,474224
2023-07-04,-0.8419262319803238,3358.699951171875,3387.0,3331.0,3347.699951171875,3309.841796875,473663
2023-07-05,-0.2516730500283302,3351.35009765625,3400.0,3340.75,3374.39990234375,3336.23974609375,632406
2023-07-06,0.3150268796810203,3410.0,3410.0,3367.800048828125,3399.39990234375,3360.95703125,693995
2023-07-07,-0.5563288328218429,3385.0,3414.0,3337.14990234375,3343.699951171875,3305.886962890625,620761
2023-07-10,-0.8352536931633949,3345.0,3372.050048828125,3293.949951171875,3343.14990234375,3305.34326171875,548838
2023-07-11,0.9955253560619894,3349.949951171875,3399.949951171875,3345.0,3392.550048828125,3354.1845703125,772158
2023-07-12,0.40226174170883106,3408.0,3414.39990234375,3362.25,3406.75,3368.22412109375,1025127
2023-07-13,0.9966468916779073,3425.0,3425.0,3384.35009765625,3398.550048828125,3360.11669921875,750126
2023-07-14,0.5682842058983321,3398.550048828125,3439.0,3387.0,3429.75,3390.9638671875,832843
2023-07-17,0.7581266418856103,3429.75,3473.0,3425.0,3460.39990234375,3421.267333984375,817694
2023-07-18,0.4997253724654193,3460.0,3523.0,3455.60009765625,3513.449951171875,3473.71728515625,962485
2023-07-19,0.46725672674074303,3520.0,3530.0,3482.5,3514.64990234375,3474.903564453125,620289
2023-07-20,0.9365205890499055,3510.050048828125,3535.0,3494.949951171875,3526.0,3486.125244140625,589848
2023-07-21,0.34509901931354153,3535.949951171875,3537.949951171875,3505.0,3517.699951171875,3477.91943359375,857975
2023-07-24,-0.9420279777841642,3506.0,3568.0,3498.5,3543.699951171875,3503.625244140625,680246
2023-07-25,-0.022278033517068252,3547.89990234375,3547.89990234375,3350.0,3400.39990234375,3361.94580078125,2555630
2023-07-26,0.10177917260891543,3399.85009765625,3413.0,3365.0,3373.0,3334.855712890625,959076
2023-07-27,-0.4794487668586953,3390.0,3414.0,3351.0,3369.39990234375,3331.296142578125,874078
2023-07-28,0.32963488437235355,3375.0,3399.0,3364.5,3390.699951171875,3352.35546875,553750
2023-07-31,-0.6366283917232067,3323.199951171875,3388.0,3323.14990234375,3377.35009765625,3339.15673828125,933890
2023-08-01,-0.9325525485910475,3372.0,3385.0,3338.0,3342.949951171875,3305.1455078125,698667
2023-08-02,-0.9936325354792643,3341.199951171875,3371.949951171875,3330.64990234375,3362.89990234375,3324.869873046875,857218
2023-08-03,-0.49931316458969377,3370.0,3379.949951171875,3317.949951171875,3336.35009765625,3298.6201171875,711067
2023-08-04,0.943683126475662,3338.14990234375,3373.300048828125,3323.0,3339.64990234375,3301.8828125,519248
2023-08-07,0.3289642612314007,3316.050048828125,3350.0,3316.0,3343.0,3305.195068359375,360358
2023-08-08,-0.3173174066436736,3343.0,3359.949951171875,3332.64990234375,3348.050048828125,3310.18798828125,500258
2023-08-09,-0.3083275362944484,3332.550048828125,3356.949951171875,3303.0,3331.0,3293.33056640625,643222
2023-08-10,-0.815418583284974,3310.0,3320.0,3230.0,3237.89990234375,3201.283447265625,1253219
2023-08-11,-0.38749067668894505,3237.89990234375,3248.949951171875,3180.0,3185.35009765625,3149.327880859375,919023
2023-08-14,0.3528974153668969,3185.35009765625,3209.89990234375,3152.25,3202.60009765625,3166.3828125,815534
2023-08-16,-0.9935522990999743,3194.89990234375,3208.85009765625,3176.89990234375,3194.050048828125,3157.929443359375,597686
2023-08-17,0.39947865655024845,3223.89990234375,3224.0,3162.0,3183.25,3147.25146484375,873392
2023-08-18,-0.9914139048196375,3174.89990234375,3185.5,3155.0,3163.550048828125,3127.7744140625,592652
2023-08-21,-0.025155990675557405,3159.89990234375,3187.5,3152.14990234375,3182.300048828125,3146.3125,353330
2023-08-22,0.0008969244081526995,3198.60009765625,3198.60009765625,3171.0,3179.699951171875,3143.741455078125,377068
2023-08-24,-0.30404018783398595,3185.0,3232.89990234375,3170.89990234375,3225.60009765625,3189.122802734375,1167742
2023-08-25,-0.40917570724905955,3224.89990234375,3265.0,3216.199951171875,3259.300048828125,3222.44140625,1363431
2023-08-28,0.9814988549721116,3264.949951171875,3272.0,3231.050048828125,3259.699951171875,3222.8369140625,707315
2023-08-29,0.922886929474771,3261.0,3289.0,3255.050048828125,3285.699951171875,3248.54296875,533163
2023-08-30,-0.3216471625394964,3301.300048828125,3302.85009765625,3276.39990234375,3294.699951171875,3257.44091796875,599080
2023-08-31,-0.0003797257086262107,3300.050048828125,3302.0,3220.0,3256.10009765625,3219.27783203125,1601967
2023-09-01,0.19900559164234438,3241.10009765625,3264.199951171875,3217.10009765625,3259.550048828125,3222.688720703125,650131
2023-09-04,0.5237218233411952,3259.550048828125,3266.25,3216.10009765625,3235.550048828125,3198.960205078125,696213
2023-09-05,0.4539656420238316,3245.0,3248.85009765625,3220.0,3223.300048828125,3186.8486328125,597022
2023-09-06,-0.9982153099651138,3209.0,3230.0,3195.0,3225.300048828125,3188.826171875,754106
2023-09-07,-0.9864027692674426,3225.300048828125,3253.75,3201.25,3246.35009765625,3209.63818359375,923108
2023-09-08,0.9979378846473992,3250.550048828125,3263.050048828125,3232.0,3238.050048828125,3201.431884765625,395918
2023-09-12,0.5794274173676968,3260.0,3279.800048828125,3243.0,3256.85009765625,3220.019287109375,554905
2023-09-13,-0.998615052405512,3245.0,3284.64990234375,3225.300048828125,3277.75,3240.682861328125,880907
2023-09-14,0.1861425657199496,3282.0,3294.199951171875,3223.25,3240.25,3203.60693359375,1102554
2023-09-15,0.5366121680104138,3235.0,3240.0,3185.0,3196.64990234375,3160.499755859375,1568607
2023-09-18,0.28306286345468834,3200.0,3229.89990234375,3190.0,3206.300048828125,3170.040771484375,673602
2023-09-20,-0.7131748480605893,3206.300048828125,3228.0,3195.0,3214.35009765625,3178.0,901084
2023-09-21,-0.6476792842149734,3210.0,3261.199951171875,3180.550048828125,3244.199951171875,3207.51220703125,845739
2023-09-22,-0.1804360463336872,3234.949951171875,3283.60009765625,3221.14990234375,3274.85009765625,3237.815673828125,896521
2023-09-25,-0.7726274380563862,3272.300048828125,3334.800048828125,3271.14990234375,3323.25,3285.66845703125,1422084
2023-09-26,-0.8117214888043236,3323.0,3324.89990234375,3260.35009765625,3292.800048828125,3255.562744140625,834560
2023-09-28,-0.6757199406922816,3281.800048828125,3289.0,3155.0,3170.35009765625,3134.49755859375,2104381
2023-09-29,-0.14456622574167946,3195.0,3195.0,3134.0,3161.050048828125,3125.302490234375,1550585
2023-10-03,-0.45039773217771045,3166.10009765625,3227.800048828125,3162.0,3166.85009765625,3131.037109375,1219145
2023-10-04,-0.980553730429771,3164.949951171875,3189.0,3151.35009765625,3169.89990234375,3134.05224609375,892584
2023-10-05,0.2565140493873817,3210.0,3232.10009765625,3174.300048828125,3206.25,3169.991455078125,1002610
2023-10-06,-0.006124912993982434,3214.75,3217.0,3190.0,3195.75,3159.610107421875,814257
2023-10-09,-0.009775589365744963,3140.050048828125,3163.0,3132.699951171875,3152.800048828125,3117.145751953125,700012
2023-10-10,0.13054160847761004,3150.0,3164.89990234375,3140.050048828125,3151.5,3115.860595703125,847367
2023-10-11,0.611616102795233,3169.0,3185.0,3152.050048828125,3163.89990234375,3128.1201171875,1025317
2023-10-12,0.3411421596974833,3186.0,3188.5,3150.050048828125,3159.10009765625,3123.374755859375,992531
2023-10-13,0.025803367207117844,3150.0,3172.0,3128.25,3148.800048828125,3113.191162109375,854688
2023-10-16,-0.4929621397459414,3124.0,3128.0,3096.10009765625,3112.050048828125,3076.856689453125,853011
2023-10-17,-0.4388382842298597,3137.0,3137.0,3091.800048828125,3113.550048828125,3078.339599609375,792640
2023-10-18,-0.31162535802771646,3110.0,3115.199951171875,3090.0,3096.449951171875,3061.432861328125,481985
2023-10-19,0.9926553668919951,3087.699951171875,3110.89990234375,3076.10009765625,3101.800048828125,3066.72265625,568124
2023-10-20,-0.5531775732873939,3092.5,3115.10009765625,3064.550048828125,3105.85009765625,3070.726806640625,711434
2023-10-23,-0.9639304146985523,3096.050048828125,3108.89990234375,3064.0,3072.0,3037.259521484375,374476
2023-10-25,0.8233372340910137,3093.39990234375,3108.0,3052.0,3060.800048828125,3026.186279296875,669290
2023-10-26,-0.6006093627518221,3051.10009765625,3055.0,2940.0,2960.300048828125,2926.82275390625,1834111
2023-10-27,0.15874933473727046,2932.800048828125,2974.64990234375,2931.0,2955.14990234375,2921.73095703125,1708185
2023-10-30,0.4939185369585175,2974.0,2991.949951171875,2939.10009765625,2967.10009765625,2933.546142578125,878885
2023-10-31,-0.33948326520072036,2969.0,3012.75,2966.0,2995.699951171875,2961.822509765625,1152306
2023-11-01,-0.4626786641650445,2997.949951171875,3008.89990234375,2930.0,2934.550048828125,2901.364013671875,1029990
2023-11-02,-0.3153564710858821,2961.050048828125,2962.0,2934.0,2955.39990234375,2921.97802734375,900125
2023-11-03,0.4034472122293664,2957.0,2982.89990234375,2942.0,2977.85009765625,2949.31396484375,715997
2023-11-06,0.026769403892103583,2998.0,3034.050048828125,2983.85009765625,3029.300048828125,3000.270751953125,620959
2023-11-07,-0.6913692419101218,3029.300048828125,3038.949951171875,3002.199951171875,3033.35009765625,3004.281982421875,757998
2023-11-08,-0.488445191521896,3058.0,3098.949951171875,3046.199951171875,3095.25,3065.5888671875,783400
2023-11-09,0.6380685308637718,3100.0,3111.39990234375,3074.050048828125,3080.199951171875,3050.682861328125,849702
2023-11-10,-0.6351871836426047,3070.0,3085.0,3040.10009765625,3076.449951171875,3046.968994140625,364232
2023-11-13,-0.556680097176078,3098.0,3098.0,3065.0,3085.60009765625,3056.03125,405941
2023-11-15,0.8569005212702905,3085.699951171875,3118.85009765625,3078.699951171875,3116.199951171875,3086.337890625,700017
2023-11-16,0.01508179004304111,3119.0,3140.89990234375,3097.60009765625,3130.300048828125,3100.302978515625,675454
2023-11-17,-0.604165457385534,3150.0,3228.25,3145.64990234375,3168.89990234375,3138.532958984375,1430175
2023-11-20,-0.5641693352663424,3168.89990234375,3171.89990234375,3132.0,3140.35009765625,3110.256591796875,406431
2023-11-21,0.769979827105999,3156.89990234375,3156.89990234375,3127.0,3133.25,3103.224609375,409069
2023-11-22,0.45176833289276275,3140.0,3157.0,3121.199951171875,3133.0,3102.97705078125,489889
2023-11-23,0.046046557516092435,3148.0,3171.39990234375,3115.14990234375,3122.949951171875,3093.023193359375,792460
2023-11-24,0.906133683398366,3118.0,3139.800048828125,3111.0,3136.14990234375,3106.0966796875,756329
2023-11-28,-0.0006976678705541417,3141.14990234375,3160.0,3136.14990234375,3148.35009765625,3118.179931640625,647883
2023-11-29,0.9954887376043189,3148.35009765625,3170.0,3142.0,3148.35009765625,3118.179931640625,620725
2023-11-30,0.5422214276099112,3148.35009765625,3153.949951171875,3108.35009765625,3119.89990234375,3090.00244140625,1793116
2023-12-01,0.7934819442103617,3146.949951171875,3190.60009765625,3140.25,3173.39990234375,3142.98974609375,960196
2023-12-04,0.9922648703213781,3190.0,3204.449951171875,3166.5,3194.550048828125,3163.937255859375,1018189
2023-12-05,0.9995512179448269,3197.0,3247.64990234375,3180.0,3226.25,3195.33349609375,1005550
2023-12-06,0.5633272870887035,3265.0,3289.0,3232.949951171875,3252.550048828125,3221.38134765625,1229158
2023-12-07,-0.2464428857965686,3284.0,3299.949951171875,3246.85009765625,3251.800048828125,3220.638671875,1071725
2023-12-08,0.9734850988412896,3255.0,3269.800048828125,3227.800048828125,3232.0,3201.0283203125,895852
2023-12-11,0.4377696677693166,3230.0,3245.0,3185.5,3233.0,3202.018798828125,910426
2023-12-12,0.9883469340420561,3228.0,3257.050048828125,3210.0,3224.75,3193.847900390625,1019030
2023-12-13,0.49601276503381087,3240.0,3254.949951171875,3190.300048828125,3243.64990234375,3212.566650390625,1052079
2023-12-14,0.744760515559132,3255.0,3258.60009765625,3218.0,3241.35009765625,3210.288818359375,923107
2023-12-15,-0.25600599284682957,3250.0,3326.35009765625,3242.0,3313.89990234375,3282.143310546875,1631687
2023-12-18,0.2933617389450471,3313.0,3335.800048828125,3296.0,3332.050048828125,3300.11962890625,911936
2023-12-19,-0.30413783714175224,3335.949951171875,3353.89990234375,3300.14990234375,3336.050048828125,3304.081298828125,780448
2023-12-20,0.9980311923427507,3336.050048828125,3359.949951171875,3282.64990234375,3297.14990234375,3265.553955078125,979762
2023-12-21,0.9959452471593977,3280.0,3320.0,3271.85009765625,3302.949951171875,3271.29833984375,1585879
2023-12-22,0.0792233572283294,3309.89990234375,3350.800048828125,3287.0,3341.300048828125,3309.281005859375,930563
2023-12-26,0.13254671567119658,3349.949951171875,3391.89990234375,3345.199951171875,3383.35009765625,3350.927978515625,600190
2023-12-27,-0.4762806855105737,3381.050048828125,3409.949951171875,3354.0,3404.449951171875,3371.82568359375,837182
2023-12-28,0.924533109908225,3405.0,3419.949951171875,3373.050048828125,3397.25,3364.69482421875,779250
2023-12-29,0.47473867364169564,3410.0,3422.949951171875,3383.89990234375,3402.39990234375,3369.79541015625,615676
2024-01-01,-0.9343848638236523,3403.0,3411.800048828125,3389.14990234375,3396.10009765625,3363.555908203125,283951
2024-01-02,-0.6657665539726926,3396.0,3398.89990234375,3345.0,3391.35009765625,3358.851318359375,552394
2024-01-03,-0.4376506493310444,3391.35009765625,3399.0,3365.0,3373.60009765625,3341.271484375,379131
2024-01-04,0.9987196032307111,3372.0,3401.25,3363.800048828125,3379.949951171875,3347.560546875,777127
2024-01-05,0.7090441706770269,3379.949951171875,3380.39990234375,3348.0,3355.550048828125,3323.39453125,416956
2024-01-08,-0.5875018958933651,3355.0,3376.5,3294.85009765625,3298.39990234375,3266.7919921875,545884
2024-01-09,0.03684047186106909,3310.0,3315.0,3262.25,3267.5,3236.188232421875,670704
2024-01-10,-0.3240397561651965,3292.0,3293.0,3258.199951171875,3286.85009765625,3255.352783203125,691087
2024-01-11,-0.09501452472371359,3286.85009765625,3309.199951171875,3270.699951171875,3288.199951171875,3256.689697265625,537469
2024-01-12,0.9444319424801506,3294.949951171875,3294.949951171875,3244.0,3277.800048828125,3246.389404296875,673004
2024-01-15,-0.1296998409088701,3282.199951171875,3287.199951171875,3258.60009765625,3273.89990234375,3242.526611328125,728116
2024-01-16,-0.3101052565383725,3274.949951171875,3320.0,3273.89990234375,3296.89990234375,3265.306396484375,748215
2024-01-17,0.2609956247156094,3294.10009765625,3304.35009765625,3193.050048828125,3242.300048828125,3211.229736328125,2239241
2024-01-18,-0.5365523679130193,3257.949951171875,3257.949951171875,3048.60009765625,3163.85009765625,3133.531494140625,1979174
2024-01-19,-0.2653442135391136,3177.800048828125,3201.550048828125,3148.60009765625,3165.85009765625,3135.512451171875,936201
2024-01-23,0.9498503980867099,3087.550048828125,3109.0,3021.550048828125,3054.699951171875,3025.42724609375,2365225
2024-01-24,-0.10083308567118365,3055.0,3055.0,2976.10009765625,2999.449951171875,2970.706787109375,2665932
2024-01-25,-0.5809641619969625,3010.050048828125,3016.0,2942.300048828125,2949.199951171875,2920.938232421875,2001961
2024-01-30,0.629898024207796,2990.0,3005.0,2951.050048828125,2954.10009765625,2925.79150390625,1273188
2024-01-31,-0.0398777537047863,2966.0,2971.89990234375,2948.050048828125,2957.85009765625,2929.505615234375,1771244
2024-02-01,0.998327185108792,2961.0,2972.85009765625,2919.949951171875,2929.35009765625,2901.278564453125,3006472
2024-02-02,-0.39500962058082223,2950.0,2962.35009765625,2924.050048828125,2936.300048828125,2908.162109375,1881911
2024-02-05,-0.21624111265312726,2950.0,2965.0,2912.0,2917.35009765625,2889.3935546875,923435
2024-02-06,0.3056325010644893,2931.0,2947.0,2902.64990234375,2930.949951171875,2902.86328125,1471312
2024-02-07,-0.5242347568225038,2957.0,3002.949951171875,2936.050048828125,2981.14990234375,2952.58203125,1134012
2024-02-08,-0.019660982773833286,2999.75,2999.75,2919.800048828125,2929.60009765625,2901.5263671875,1633654
2024-02-09,0.08618472168538054,2930.0,2959.0,2910.550048828125,2951.64990234375,2923.36474609375,1144765
2024-02-12,0.36046759677507606,2951.64990234375,2964.949951171875,2920.050048828125,2953.800048828125,2925.494384765625,614469
2024-02-13,0.521470938071919,2964.949951171875,2981.25,2945.699951171875,2971.60009765625,2943.123779296875,717118
2024-02-14,0.03467724795336835,2969.89990234375,2980.800048828125,2936.050048828125,2976.39990234375,2947.877685546875,750339
2024-02-15,-0.18863014676389867,2980.0,3024.5,2967.449951171875,3016.550048828125,2987.64306640625,1068730
2024-02-16,0.6415114630751001,3035.0,3035.0,3000.0,3007.89990234375,2979.07568359375,1179473
2024-02-20,-0.498622488201363,2998.10009765625,3017.10009765625,2972.10009765625,3011.64990234375,2982.789794921875,729371
2024-02-21,0.9927898303139955,3012.050048828125,3026.75,2983.5,3001.800048828125,2973.034423828125,927130
2024-02-22,-0.09540342725813389,2983.0,3027.199951171875,2932.10009765625,3017.39990234375,2988.484619140625,2615821
2024-02-23,-0.44328030276099323,2999.0,3005.0,2966.199951171875,2985.949951171875,2957.336181640625,1650523
2024-02-26,-0.2955113001161307,2920.0,2930.0,2847.800048828125,2868.449951171875,2840.962158203125,3524491
2024-02-27,-0.320684274212302,2855.0,2870.0,2850.10009765625,2859.550048828125,2832.1474609375,1296180
2024-02-28,-0.38999147173550835,2850.14990234375,2859.39990234375,2785.5,2794.35009765625,2767.572265625,2472196
2024-02-29,-0.08929268687885876,2785.0,2838.0,2776.75,2821.89990234375,2794.858154296875,2284424
2024-03-01,0.0638472080390784,2832.89990234375,2845.949951171875,2815.050048828125,2831.75,2804.61376953125,978174
2024-03-04,0.5546041556808632,2860.0,2860.949951171875,2828.0,2831.75,2804.61376953125,971299
2024-03-05,-0.0019965972751379013,2834.0,2834.85009765625,2805.0,2820.39990234375,2793.37255859375,736381
2024-03-06,0.4045508452982176,2827.949951171875,2839.0,2777.75,2827.300048828125,2800.20654296875,1723066
2024-03-07,0.9769925934136457,2825.0,2894.0,2825.0,2870.550048828125,2843.0419921875,1564364
2024-03-11,-0.4991869710647734,2895.550048828125,2896.550048828125,2853.10009765625,2876.85009765625,2849.28173828125,866546
2024-03-12,-0.22174830108188973,2880.0,2899.89990234375,2865.449951171875,2876.14990234375,2848.58837890625,663186
2024-03-13,-0.6733414685004391,2878.60009765625,2887.25,2835.0,2860.14990234375,2832.74169921875,955841
2024-03-14,0.9659095098730177,2860.0,2898.050048828125,2841.0,2892.25,2864.5341796875,1381741
2024-03-15,-0.7644292795032795,2895.0,2896.949951171875,2850.0,2867.550048828125,2840.07080078125,1356226
2024-03-18,-0.10579870725147582,2866.0,2866.0,2817.25,2846.5,2819.222412109375,940424
2024-03-19,-0.5678900642553344,2840.0,2840.0,2801.0,2815.10009765625,2788.12353515625,1199135
2024-03-20,-0.1002741978270933,2815.10009765625,2837.050048828125,2797.550048828125,2824.89990234375,2797.829345703125,818910
2024-03-21,-0.4168403633171692,2845.0,2845.39990234375,2806.0,2821.14990234375,2794.115234375,1167680
2024-03-22,-0.6396565338696486,2821.14990234375,2855.14990234375,2808.0,2841.5,2814.2705078125,1652689
2024-03-26,-0.3607570104068145,2820.0,2844.14990234375,2810.0,2814.64990234375,2787.677734375,1372390
2024-03-27,0.9940471287506322,2817.949951171875,2842.85009765625,2817.699951171875,2830.5,2803.375732421875,1156231
2024-03-28,0.5386088483446656,2835.050048828125,2868.0,2819.0,2846.75,2819.47021484375,1864623
2024-04-01,-0.2380723067180952,2860.949951171875,2886.449951171875,2852.35009765625,2871.0,2843.48779296875,558086
2024-04-02,-0.97235007584095,2874.050048828125,2892.39990234375,2856.0,2874.199951171875,2846.656982421875,562473
2024-04-03,0.9744503631955013,2845.0,2884.550048828125,2845.0,2869.35009765625,2841.853759765625,816676
2024-04-04,0.7496389065465123,2870.0,2943.25,2851.25,2918.300048828125,2890.33447265625,1831347
2024-04-05,0.23669975743359828,2924.0,2927.75,2880.0,2883.449951171875,2855.818359375,1155672
2024-04-08,0.45687218597676194,2908.0,2908.949951171875,2873.800048828125,2892.0,2864.286376953125,570695
2024-04-09,-0.4801357195028686,2893.0,2916.449951171875,2845.0,2857.14990234375,2829.770263671875,1017670
2024-04-10,0.5947276279427266,2883.300048828125,2899.10009765625,2858.0,2896.75,2868.990966796875,740495
2024-04-12,-0.19598370475578122,2890.0,2893.0,2845.0,2854.5,2827.145751953125,1766311
2024-04-15,-0.4494296815911574,2830.199951171875,2853.5,2812.35009765625,2844.39990234375,2817.142578125,884519
2024-04-16,-0.11343225848811146,2827.64990234375,2841.449951171875,2820.0,2830.0,2802.880615234375,911249
2024-04-18,0.5960101471888871,2855.0,2859.199951171875,2800.10009765625,2807.699951171875,2780.794189453125,1732434
2024-04-19,-0.32630093147357303,2790.0,2822.10009765625,2766.14990234375,2808.550048828125,2781.63623046875,1337807
2024-04-22,-0.32676087682678673,2846.60009765625,2846.60009765625,2814.050048828125,2841.85009765625,2814.6171875,676040
2024-04-23,-0.4058091307757422,2852.0,2877.949951171875,2844.0,2874.89990234375,2847.350341796875,929062
2024-04-24,0.992132477927953,2882.949951171875,2883.10009765625,2860.0,2867.75,2840.268798828125,718441
2024-04-25,-0.6494611143841341,2865.0,2869.89990234375,2829.050048828125,2861.449951171875,2834.029296875,1594152
2024-04-26,0.1984644604526693,2870.0,2878.199951171875,2837.050048828125,2844.14990234375,2816.89501953125,625507
2024-04-30,0.4673807698636665,2855.0,2912.0,2855.0,2875.89990234375,2848.340576171875,1290649
2024-05-02,0.4969080499286065,2875.10009765625,2988.0,2875.10009765625,2975.39990234375,2946.88720703125,2493406
2024-05-03,0.3512600442417251,2983.050048828125,2997.0,2909.25,2929.75,2901.6748046875,1594445
2024-05-06,0.9972595626022667,2950.0,2959.0,2911.199951171875,2932.14990234375,2904.0517578125,768806
2024-05-07,-0.34582098087897367,2947.0,2967.949951171875,2904.0,2913.0,2885.085205078125,629534
2024-05-08,-0.8757477571655597,2900.0,2905.0,2821.0,2843.300048828125,2816.05322265625,1652877
2024-05-09,-0.42503836698597297,2828.0,2853.949951171875,2703.800048828125,2710.10009765625,2684.129638671875,3547959
2024-05-10,0.11817739870060574,2699.0,2792.60009765625,2670.10009765625,2771.25,2744.693603515625,2478584
2024-05-13,-0.24722676261860346,2771.25,2895.0,2754.10009765625,2879.25,2851.65869140625,2748823
2024-05-14,0.6763738235458732,2879.0,2888.0,2842.0,2866.14990234375,2838.68408203125,999330
2024-05-15,-0.6046748969776672,2866.14990234375,2874.25,2806.14990234375,2813.699951171875,2786.73681640625,1230520
2024-05-16,-0.9916697270236909,2821.050048828125,2837.60009765625,2786.550048828125,2814.050048828125,2787.08349609375,1534319
2024-05-21,-0.18279564602999016,2815.0,2866.949951171875,2801.0,2851.800048828125,2824.4716796875,921822
2024-05-22,-0.01061637660022825,2851.800048828125,2895.0,2836.60009765625,2885.75,2858.096435546875,933846
2024-05-23,-0.013289777212776244,2885.0,2921.25,2877.300048828125,2903.75,2875.923828125,1181894
2024-05-24,0.5340205739135854,2910.199951171875,2910.199951171875,2867.0,2874.75,2847.201904296875,755822
2024-05-27,0.7313994341879152,2887.89990234375,2898.300048828125,2855.550048828125,2872.300048828125,2844.775390625,817091
2024-05-28,-0.6213041247434116,2875.85009765625,2921.0,2864.0,2911.199951171875,2883.302490234375,1084544
2024-05-29,-0.9941504199523479,2896.0,2921.699951171875,2881.10009765625,2900.14990234375,2872.3583984375,1758297
2024-05-30,0.9956535431556404,2875.25,2910.85009765625,2875.0,2883.699951171875,2856.06591796875,1344426
2024-06-03,0.32545515092715505,2950.0,2950.0,2860.050048828125,2866.449951171875,2838.981201171875,952701
2024-06-04,-0.6581556828362712,2880.0,2897.0,2775.75,2857.64990234375,2830.265625,2683847
2024-06-05,0.09825607998804613,2864.5,3027.300048828125,2864.5,2961.75,2933.3681640625,2410576
2024-06-06,0.12160088765238852,2960.0,2961.75,2882.25,2904.800048828125,2876.9638671875,1689408
2024-06-07,0.01336104460642673,2904.800048828125,2943.10009765625,2888.85009765625,2927.699951171875,2899.644287109375,1600180
2024-06-10,-0.23083916560281068,2928.0,2951.89990234375,2915.0,2937.550048828125,2909.400146484375,876867
2024-06-11,-0.5679733927051226,2915.0,2920.35009765625,2895.0,2902.449951171875,2902.449951171875,855430
2024-06-12,0.8629355595621746,2909.0,2918.0,2865.64990234375,2905.800048828125,2905.800048828125,1701770
2024-06-13,0.9984391004545614,2929.0,2929.0,2905.0,2910.0,2910.0,726380
2024-06-14,0.5983870888070669,2910.0,2931.35009765625,2905.10009765625,2921.60009765625,2921.60009765625,982815
2024-06-18,0.20215124827809633,2921.60009765625,2928.0,2905.0,2918.5,2918.5,741098
2024-06-19,0.9246540336559216,2918.0,2920.0,2882.64990234375,2891.699951171875,2891.699951171875,1018294
2024-06-20,0.12110662355553359,2885.0,2924.5,2872.39990234375,2915.5,2915.5,1129752
2024-06-24,-0.9967150056036189,2883.0,2899.949951171875,2871.39990234375,2896.050048828125,2896.050048828125,892125
2024-06-25,0.5218925632430268,2876.0,2894.949951171875,2856.0,2858.449951171875,2858.449951171875,1217792
2024-06-26,-0.9928857679478824,2860.199951171875,2873.85009765625,2844.050048828125,2863.35009765625,2863.35009765625,960622
2024-06-27,0.9989729434018955,2860.75,2903.0,2845.0,2880.85009765625,2880.85009765625,1628022
2024-06-28,0.6073756637074089,2865.0,2932.0,2862.199951171875,2917.050048828125,2917.050048828125,1206712
2024-07-01,0.05636647172893087,2889.300048828125,2939.0,2888.0,2927.800048828125,2927.800048828125,1104110
2024-07-02,-0.27998686706026393,2927.800048828125,2936.0,2912.0,2925.60009765625,2925.60009765625,1064295
2024-07-03,-0.07078851021651644,2929.699951171875,2948.949951171875,2916.0,2925.550048828125,2925.550048828125,925189
2024-07-04,0.4925809739215765,2940.0,2968.449951171875,2923.0,2934.89990234375,2934.89990234375,968666
2024-07-05,-0.33102074824273586,2937.14990234375,2946.89990234375,2913.10009765625,2935.89990234375,2935.89990234375,817429
2024-07-08,-0.8592847367055417,2935.89990234375,2935.89990234375,2890.699951171875,2898.14990234375,2898.14990234375,828260
2024-07-10,-0.5929035862263845,2900.050048828125,3014.5,2894.35009765625,2996.449951171875,2996.449951171875,2299950
2024-07-11,-0.15754702906124293,2999.0,3030.0,2973.0,3022.050048828125,3022.050048828125,1968980
2024-07-12,0.1992697167249086,3025.0,3052.0,2970.89990234375,2999.14990234375,2999.14990234375,1879930
2024-07-15,0.6058356971712783,2999.0,2999.0,2932.550048828125,2956.5,2956.5,2425341
2024-07-16,0.41289717616164123,2959.0,3015.949951171875,2941.5,2974.449951171875,2974.449951171875,2085611
2024-07-18,-0.019918001993210054,2875.0,2957.89990234375,2842.0,2931.550048828125,2931.550048828125,5384611
2024-07-19,-0.729102923249593,2925.0,2980.0,2917.25,2946.050048828125,2946.050048828125,2164746
2024-07-22,-0.9910000427626073,2937.0,2973.35009765625,2917.14990234375,2934.300048828125,2934.300048828125,1616347
2024-07-24,-0.34708082673993584,2901.0,2927.0,2886.199951171875,2912.800048828125,2912.800048828125,1476148
2024-07-26,-0.9855081327259541,2902.199951171875,2964.449951171875,2900.699951171875,2950.14990234375,2950.14990234375,1359780
2024-07-29,0.2603864371776581,2953.050048828125,2965.10009765625,2936.0,2954.699951171875,2954.699951171875,854408
2024-07-30,-0.9988053303968627,2973.5,3032.800048828125,2970.0,3005.050048828125,3005.050048828125,2144591
2024-07-31,0.8243690317030996,3005.050048828125,3098.0,3005.050048828125,3084.449951171875,3084.449951171875,3549501
2024-08-01,0.996507074101828,3088.0,3128.949951171875,3062.800048828125,3099.35009765625,3099.35009765625,1675122
2024-08-02,-0.5889686531969346,3070.0,3129.050048828125,3060.0,3106.699951171875,3106.699951171875,1348780
2024-08-05,-0.5270850594621151,3069.949951171875,3145.0,3055.300048828125,3093.39990234375,3093.39990234375,2019141
2024-08-06,-0.981663482428606,3101.699951171875,3135.0,3086.050048828125,3101.75,3101.75,885743
2024-08-07,0.07955219876021147,3101.75,3118.5,3060.050048828125,3101.449951171875,3101.449951171875,1907105
2024-08-08,-0.5081471594749019,3080.0,3089.699951171875,2990.39990234375,3005.39990234375,3005.39990234375,1280109
2024-08-09,-0.1948713832825888,3039.0,3052.75,2966.0,3040.60009765625,3040.60009765625,1665414
2024-08-12,-0.6481260615512908,3020.0,3084.0,3003.699951171875,3053.199951171875,3053.199951171875,1736881
2024-08-13,-0.5657584824689871,3054.89990234375,3059.800048828125,3013.0,3023.550048828125,3023.550048828125,502260
2024-08-14,-0.1325186634901911,3034.800048828125,3034.800048828125,2994.050048828125,3025.85009765625,3025.85009765625,454671
2024-08-19,-0.9994525348156458,3053.949951171875,3087.85009765625,3038.35009765625,3076.300048828125,3076.300048828125,542858
2024-08-20,-0.9864301667548716,3096.0,3106.35009765625,3078.0,3103.199951171875,3103.199951171875,668282
2024-08-21,0.19603496256750078,3101.0,3170.60009765625,3084.050048828125,3151.550048828125,3151.550048828125,1186536
2024-08-22,0.5998777479787046,3167.0,3198.64990234375,3156.050048828125,3186.60009765625,3186.60009765625,1540888
2024-08-23,-0.2709102237879831,3190.0,3198.60009765625,3148.75,3154.64990234375,3154.64990234375,779284
2024-08-26,-0.0029647567425854504,3155.0,3177.449951171875,3141.5,3171.35009765625,3171.35009765625,472874
2024-08-27,-0.142579787701834,3154.0,3203.64990234375,3150.0,3166.199951171875,3166.199951171875,1003501
2024-08-28,-0.13583739885749915,3152.949951171875,3165.5,3118.800048828125,3125.5,3125.5,538366
2024-08-29,0.9995463896630099,3125.5,3143.949951171875,3092.699951171875,3115.85009765625,3115.85009765625,849866
2024-08-30,0.5021525891206693,3130.050048828125,3166.75,3110.699951171875,3126.800048828125,3126.800048828125,1567031
2024-09-02,0.35263408250466455,3148.0,3184.0,3139.60009765625,3150.949951171875,3150.949951171875,702358
2024-09-03,-0.9983117431984283,3164.949951171875,3174.550048828125,3147.5,3154.85009765625,3154.85009765625,577471
2024-09-04,-0.5711509232746071,3155.5,3252.0,3155.5,3231.64990234375,3231.64990234375,2379110
2024-09-05,-0.985954908101121,3240.0,3257.0,3217.0,3238.25,3238.25,1482119
2024-09-06,-0.7125924453326401,3238.0,3285.89990234375,3225.35009765625,3273.699951171875,3273.699951171875,2131256
2024-09-09,-0.8103218985876689,3273.699951171875,3314.0,3258.0,3280.75,3280.75,1272289
2024-09-10,-0.010542967182118446,3290.0,3310.0,3270.89990234375,3295.050048828125,3295.050048828125,928920
2024-09-11,-0.6083373315955719,3315.0,3382.949951171875,3315.0,3367.449951171875,3367.449951171875,2561892
2024-09-12,0.4335068404408438,3370.0,3393.0,3340.300048828125,3383.25,3383.25,1643536
2024-09-13,-0.9453649805982423,3355.550048828125,3369.699951171875,3320.89990234375,3358.050048828125,3358.050048828125,1029400
2024-09-16,0.013337415453861468,3360.0,3394.89990234375,3330.60009765625,3335.800048828125,3335.800048828125,1019280
2024-09-17,0.0018222791550215334,3335.800048828125,3349.89990234375,3301.800048828125,3312.800048828125,3312.800048828125,586834
2024-09-18,-0.9959553228982259,3312.800048828125,3324.85009765625,3251.550048828125,3274.64990234375,3274.64990234375,410510
2024-09-19,0.4885239635259495,3294.0,3320.0,3275.0,3293.85009765625,3293.85009765625,963456
2024-09-20,0.3633198447423638,3304.0,3324.800048828125,3266.050048828125,3306.949951171875,3306.949951171875,1504277
2024-09-23,0.9905359451513505,3316.949951171875,3324.89990234375,3273.199951171875,3277.449951171875,3277.449951171875,522775
2024-09-24,-0.0009579561301507056,3277.449951171875,3297.75,3241.10009765625,3248.39990234375,3248.39990234375,1057933
2024-09-25,-0.8950483327110609,3252.0,3252.0,3206.75,3244.75,3244.75,740636
2024-09-26,0.9995184872677783,3250.0,3285.85009765625,3227.10009765625,3277.050048828125,3277.050048828125,951080
2024-09-27,0.4327385549840983,3290.949951171875,3337.949951171875,3277.050048828125,3310.75,3310.75,1315996
2024-09-30,-0.7112704275835616,3310.75,3358.0,3305.14990234375,3329.10009765625,3329.10009765625,1088162
2024-10-01,-0.10458601381105836,3317.0,3328.949951171875,3244.050048828125,3277.35009765625,3277.35009765625,968660
2024-10-03,-0.6759320911902856,3192.300048828125,3225.89990234375,3126.5,3149.300048828125,3149.300048828125,1741363
2024-10-04,-0.8271873820866369,3135.0,3156.75,3054.550048828125,3072.5,3072.5,1551818
2024-10-07,0.5399648050596524,3075.0,3098.550048828125,3038.0,3062.25,3062.25,909812
2024-10-08,0.1589761889539659,3058.0,3099.0,3045.64990234375,3088.050048828125,3088.050048828125,817718
2024-10-09,-0.4243211638337622,3095.550048828125,3146.699951171875,3071.75,3078.85009765625,3078.85009765625,1225598
2024-10-10,0.5528062058535094,3090.050048828125,3095.0,3043.0,3059.10009765625,3059.10009765625,1161933
2024-10-11,-0.1967259546476675,3059.199951171875,3064.0,3026.0,3037.199951171875,3037.199951171875,976017
2024-10-14,0.4858541649515054,3037.0,3055.0,3017.199951171875,3039.14990234375,3039.14990234375,716011
2024-10-15,-0.4795252541856219,3075.0,3096.800048828125,3047.64990234375,3067.10009765625,3067.10009765625,1242322
2024-10-16,-0.10753099340945482,3088.0,3103.550048828125,3066.10009765625,3082.10009765625,3082.10009765625,764001
2024-10-17,-0.06716636271772182,3082.89990234375,3085.0,3037.0,3055.85009765625,3055.85009765625,674481
2024-10-18,0.12872512811528786,3057.0,3069.0,2980.60009765625,2992.14990234375,2992.14990234375,899318
