date,Mahindra_avg_sentiment,Open,High,Low,Close,Adj Close,Volume
2021-08-02,0.15714962255879072,750.0,759.0499877929688,744.5999755859375,757.7000122070312,729.2294311523438,2260861
2021-08-03,-0.997431532246992,763.4000244140625,772.7000122070312,755.5,770.8499755859375,741.8853149414062,3235393
2021-08-04,0.9903642359131481,773.0,775.7999877929688,764.5499877929688,766.25,737.4581298828125,2659372
2021-08-05,0.4436496895614255,766.0,766.3499755859375,756.7000122070312,759.3499755859375,730.8174438476562,1451370
2021-08-06,0.5056219144358433,763.7999877929688,772.2999877929688,755.0,758.25,729.7587890625,4471604
2021-08-09,0.08304034260412058,762.0,782.0,761.5,774.9500122070312,745.8313598632812,6700633
2021-08-10,0.08365180192555746,776.9500122070312,789.7999877929688,775.1500244140625,786.2999877929688,756.7547607421875,4724852
2021-08-11,0.5271150849584956,786.2999877929688,789.9500122070312,767.5,778.7000122070312,749.4403686523438,3147983
2021-08-12,0.4194755743706732,781.0,794.6500244140625,773.75,776.2000122070312,747.0343017578125,3551026
2021-08-16,-0.03344381799252005,780.4000244140625,803.9500122070312,780.25,799.2999877929688,769.2662963867188,7131928
2021-08-17,0.3092981744557619,799.25,803.9500122070312,782.0,790.6500244140625,760.9413452148438,3835522
2021-08-18,-0.21664974805233733,793.9000244140625,797.0,786.9000244140625,791.3499755859375,761.6150512695312,2450964
2021-08-20,0.1651215326432562,788.7999877929688,791.3499755859375,776.25,785.6500244140625,756.1292114257812,3050982
2021-08-23,-0.28465392454139266,790.0,793.4500122070312,763.6500244140625,765.9000244140625,737.1212768554688,2512960
2021-08-24,-0.9968204270116985,767.0,779.9000244140625,761.5999755859375,778.1500244140625,748.9110717773438,1662376
2021-08-25,-0.3961294812033884,780.9500122070312,783.0,770.5499877929688,772.0499877929688,743.0402221679688,1693443
2021-08-26,0.9901884340215474,771.0,782.9000244140625,767.25,781.4000244140625,752.0389404296875,2576883
2021-08-27,-0.4599869197028546,779.9000244140625,785.0,765.0,775.1500244140625,746.0237426757812,2907125
2021-08-30,0.1882709872443229,783.9500122070312,794.1500244140625,783.0,791.5499877929688,761.8075561523438,3028708
2021-08-31,-0.2787734270095825,788.0,795.7999877929688,781.2999877929688,793.2999877929688,763.4918212890625,3324467
2021-09-01,0.8959225316066295,793.2999877929688,802.5,768.9000244140625,769.9000244140625,740.9710693359375,6031309
2021-09-02,-0.23418489930336364,772.8499755859375,774.1500244140625,750.0,752.4500122070312,724.1766357421875,4879865
2021-09-03,0.19821190127792457,756.0,757.0,745.0999755859375,749.9000244140625,721.7225952148438,4257842
2021-09-06,0.31707335154836375,753.0,759.7999877929688,747.0499877929688,754.75,726.390380859375,3682183
2021-09-07,0.7588290198764298,755.0999755859375,758.7000122070312,748.0999755859375,753.0999755859375,724.8023071289062,2273976
2021-09-08,-0.10282366432754013,756.0,757.7999877929688,749.0,754.75,726.390380859375,2380939
2021-09-09,-0.9548244551600268,750.0,756.5,747.5499877929688,750.75,722.5406494140625,3313559
2021-09-13,-0.19098843987255046,753.5,753.5,740.3499755859375,745.5499877929688,717.5359497070312,3139833
2021-09-14,-0.008116016048006713,744.7999877929688,752.5499877929688,744.6500244140625,750.2000122070312,722.0112915039062,3089381
2021-09-15,0.005089423269964755,752.0,760.0,746.5,755.0999755859375,726.7271118164062,3336656
2021-09-16,0.767931633679175,759.8499755859375,761.0,751.3499755859375,756.9500122070312,728.5076904296875,2686018
2021-09-17,0.23108508896984858,758.2000122070312,766.0,749.1500244140625,754.1500244140625,725.8128051757812,5504398
2021-09-20,0.1888133977384617,749.4000244140625,756.5,732.2000122070312,738.0499877929688,710.3177490234375,2933375
2021-09-21,0.3479189057446395,740.0999755859375,740.9000244140625,729.5499877929688,738.4500122070312,710.7028198242188,2380834
2021-09-22,-0.3904482093639672,738.9000244140625,759.0,738.4500122070312,752.5,724.224853515625,2287017
2021-09-23,-0.12927324115298688,756.5,762.0,752.75,758.4500122070312,729.9512939453125,1890322
2021-09-24,-0.17178113186673727,759.5,782.0499877929688,752.5499877929688,779.4500122070312,750.1622314453125,4967824
2021-09-27,-0.17155253142118454,789.5,813.75,783.0499877929688,811.3499755859375,780.863525390625,9210666
2021-09-28,-0.11077083057413499,820.0,822.0,796.25,806.0499877929688,775.7626953125,3853344
2021-09-29,-0.17198145346192178,800.0,815.7000122070312,799.0,812.0999755859375,781.5853881835938,2291977
2021-09-30,0.023083055882077468,808.0499877929688,817.4000244140625,801.2999877929688,803.0499877929688,772.8754272460938,3264689
2021-10-01,0.2577928802384122,800.0,831.0,787.0,827.8499755859375,796.7435913085938,7704216
2021-10-04,-0.2176430138060823,832.5,852.0,828.0999755859375,841.1500244140625,809.5438232421875,6544700
2021-10-05,0.434107680031208,841.1500244140625,846.0,835.0499877929688,843.0499877929688,811.3724365234375,2647442
2021-10-06,0.6151737906038761,846.0,854.9000244140625,829.0,834.0999755859375,802.7586669921875,3288323
2021-10-07,-0.31712268335888016,839.7000122070312,887.7999877929688,837.1500244140625,878.25,845.2498779296875,9515673
2021-10-08,0.3540092909242958,893.7000122070312,895.0,872.5499877929688,877.7999877929688,844.816650390625,3938358
2021-10-11,-0.07893257683544005,879.0,902.5,879.0,895.5999755859375,861.9478149414062,5493159
2021-10-12,-0.11720591480843723,888.0,894.6500244140625,877.0,890.0999755859375,856.6544799804688,3433345
2021-10-13,0.38637678116971913,893.0,971.1500244140624,893.0,935.3499755859376,900.2042236328125,17519612
2021-10-14,-0.27369347138301237,938.5,946.25,922.2000122070312,931.4000244140624,896.4027099609375,3354982
2021-10-18,0.38760705999447964,958.0,958.0,908.2999877929688,910.9500122070312,876.7210693359375,2885649
2021-10-19,-0.42186748117674144,911.0,927.5999755859376,901.2000122070312,917.5,883.0249633789062,3476818
2021-10-20,0.03525878322543576,913.0,924.9000244140624,894.6500244140625,899.3499755859375,865.5569458007812,3551282
2021-10-21,-0.03122959199494549,908.2999877929688,911.0999755859376,893.4000244140625,897.0,863.2952880859375,2614538
2021-10-22,-0.23921555597610822,904.0,909.7999877929688,885.0999755859375,887.8499755859375,854.489013671875,1999394
2021-10-25,-0.32207584744901396,883.0,905.9000244140624,883.0,890.7000122070312,857.2320556640625,2833933
2021-10-26,0.07155519106405943,893.4000244140625,900.0,884.0,894.5499877929688,860.9373168945312,3410657
2021-10-27,0.5395312074170862,900.0,903.7999877929688,883.5,886.7999877929688,853.4785766601562,3362019
2021-10-28,0.3706413086038083,887.0,896.0,877.9000244140625,883.8499755859375,850.6393432617188,2171227
2021-10-29,0.30980807963351253,883.5,901.5,862.0,884.25,851.0242919921875,2482056
2021-11-01,-0.24743357790026088,884.25,887.9000244140625,860.4000244140625,870.3499755859375,837.6466064453125,4146270
2021-11-02,0.9656226010605072,875.0,879.2999877929688,859.0,861.5,829.1292114257812,3704926
2021-11-03,0.2786413369467482,864.0,869.9000244140625,843.0,849.0,817.0988159179688,3288759
2021-11-04,0.2303589889779687,855.75,875.0,853.0,872.8499755859375,840.0526733398438,973315
2021-11-08,-0.4040953423204233,878.0,878.25,854.2999877929688,859.5,827.204345703125,4481883
2021-11-09,-0.08335298552161216,864.0,905.4000244140624,862.5999755859375,892.1500244140625,858.6275634765625,15376349
2021-11-10,0.10695795825107351,905.9000244140624,925.0,895.0,919.6500244140624,885.0941772460938,17083220
2021-11-11,0.5854960300959646,918.9500122070312,928.7999877929688,911.0,924.75,890.0025634765625,4935551
2021-11-12,0.5687560424952868,934.0,939.5,925.0,937.7999877929688,902.5621337890624,6239600
2021-11-15,0.06450522478553466,935.0,948.5499877929688,921.0999755859376,928.4000244140624,893.5154418945312,3757546
2021-11-16,-0.9745174167910591,928.4000244140624,965.9500122070312,925.5499877929688,960.2999877929688,924.216796875,7368780
2021-11-17,0.008249263220932335,959.9500122070312,979.0,947.25,954.4500122070312,918.5865478515624,5416608
2021-11-18,-0.6388204672645467,955.0,955.0,918.2000122070312,923.7000122070312,888.9920043945312,3463426
2021-11-22,-0.0907081557767621,926.4000244140624,930.25,893.7000122070312,900.8499755859376,867.00048828125,3731367
2021-11-23,0.5915360711980611,897.8499755859375,908.5,893.5999755859375,901.3499755859376,867.4817504882812,3195288
2021-11-24,0.31672908427814644,907.7000122070312,907.7000122070312,890.0,893.2000122070312,859.6380615234375,2708554
2021-11-25,0.5648175385265078,890.9000244140625,898.9000244140625,883.5,891.2000122070312,857.7132568359375,2288825
2021-11-26,0.2869439974310808,885.0,885.0,843.0,853.75,821.6703491210938,3934155
2021-11-29,0.6463138645684178,845.2000122070312,867.7999877929688,828.3499755859375,850.7999877929688,818.8311767578125,3936245
2021-11-30,0.08832099917344749,850.7999877929688,860.7999877929688,828.5499877929688,835.5,804.106201171875,6067618
2021-12-01,-0.18977649573103658,836.0,842.7000122070312,823.25,834.7000122070312,803.3361206054688,5121634
2021-12-02,0.4013881579023571,835.7999877929688,859.9500122070312,835.0499877929688,849.5499877929688,817.628173828125,4677008
2021-12-03,0.24958177083559954,848.9500122070312,855.5999755859375,833.9500122070312,836.9500122070312,805.5016479492188,2933597
2021-12-06,-0.2703225589648355,838.0,840.5999755859375,820.0499877929688,822.1500244140625,791.2577514648438,1552749
2021-12-07,0.5832780872064177,826.5,833.6500244140625,822.5,825.9500122070312,794.9149169921875,1976433
2021-12-08,-0.24599112117818248,834.5,843.7000122070312,826.9500122070312,840.75,809.1588134765625,2346456
2021-12-09,0.10508510349839191,857.4000244140625,857.4000244140625,836.0,851.0999755859375,819.119873046875,4078098
2021-12-10,-0.2321503659383298,850.0999755859375,868.5999755859375,850.0999755859375,859.7000122070312,827.3969116210938,3434165
2021-12-13,-0.5662558870972134,868.9500122070312,868.9500122070312,839.7000122070312,843.0999755859375,811.4205932617188,2683048
2021-12-14,-0.25469790874194587,840.0,841.9500122070312,826.0,836.8499755859375,805.4053955078125,1979863
2021-12-15,-0.5650476794311544,844.0,853.7000122070312,838.2000122070312,846.2000122070312,814.404052734375,3208613
2021-12-16,0.5820070899623845,852.9000244140625,862.25,846.2000122070312,853.2999877929688,821.2372436523438,3965285
2021-12-17,0.7740720225381665,848.0,852.25,830.0,834.5999755859375,803.2399291992188,2675800
2021-12-20,-0.2891375071679552,826.0,830.0,797.0,814.2999877929688,783.7026977539062,2907378
2021-12-21,0.18311439687043757,822.4000244140625,827.0,807.5,812.2000122070312,781.681640625,1973119
2021-12-22,0.07585901056674109,818.7999877929688,827.2000122070312,811.0,818.7000122070312,787.9374389648438,1979912
2021-12-23,-0.040508663858054204,824.9000244140625,833.7999877929688,822.75,826.8499755859375,795.7811279296875,1495208
2021-12-24,-0.7156537900591502,831.0,832.0499877929688,808.0,812.6500244140625,782.11474609375,1071730
2021-12-27,0.08857507002539933,808.0,823.1500244140625,806.9500122070312,818.5499877929688,787.7930297851562,1492196
2021-12-28,0.4539277149888221,824.0,840.0,819.0499877929688,838.7000122070312,807.1859130859375,1677680
2021-12-29,0.20428322082443628,843.4500122070312,843.4500122070312,830.8499755859375,832.7000122070312,801.4113159179688,1575343
2021-12-30,0.9606672825757414,843.0,843.0,827.1500244140625,829.2999877929688,798.1390991210938,1874659
2021-12-31,0.34928022541654563,834.7999877929688,845.0,830.2000122070312,837.1500244140625,805.6941528320312,1528983
2022-01-03,0.3591326947789639,835.0,840.0,826.2999877929688,829.7999877929688,798.620361328125,1537088
2022-01-04,0.3064156547188759,837.9500122070312,842.0,825.6500244140625,831.8499755859375,800.59326171875,1886453
2022-01-05,0.2549256242540044,830.0,847.0,830.0,839.5,807.955810546875,2634010
2022-01-06,0.05479756121349055,839.0,842.25,827.5,839.8499755859375,808.2926025390625,2962301
2022-01-07,0.31659469675893587,841.0,849.75,822.5,829.0,797.850341796875,2531717
2022-01-10,-0.266998624982989,835.9500122070312,846.75,829.7000122070312,841.9500122070312,810.3137817382812,3403434
2022-01-11,-0.24345634192174587,842.0,848.75,835.5499877929688,841.4000244140625,809.7844848632812,2117911
2022-01-12,0.5177613072467336,846.7999877929688,884.2000122070312,842.5,880.5499877929688,847.46337890625,9022415
2022-01-13,-0.4987945051656829,880.5499877929688,909.5,868.0,896.0,862.3328247070312,5658001
2022-01-14,0.02003410175287475,889.7999877929688,895.9500122070312,879.6500244140625,881.2000122070312,848.0889282226562,2027852
2022-01-17,0.7221717975441028,884.2000122070312,904.0,882.6500244140625,900.7999877929688,866.9524536132812,3617269
2022-01-18,0.07337974573601969,902.0,910.0999755859376,888.2999877929688,892.1500244140625,858.6275634765625,3468168
2022-01-19,0.46579770508287766,908.9500122070312,908.9500122070312,880.7999877929688,894.4000244140625,860.79296875,4215758
2022-01-20,0.40702021475798184,896.0,897.5999755859375,872.8499755859375,880.5,847.4152221679688,2486026
2022-01-21,0.04607895581284538,875.7999877929688,884.9000244140625,865.2000122070312,875.2000122070312,842.314453125,1872843
2022-01-24,0.3339189290806341,871.2000122070312,878.3499755859375,848.0499877929688,854.7000122070312,822.5847778320312,3386669
2022-01-25,0.1924743678449886,846.0999755859375,858.25,845.25,854.5,822.3922119140625,4742388
2022-01-27,0.04946153303056857,845.5999755859375,862.8499755859375,841.2000122070312,858.0499877929688,825.808837890625,2927566
2022-01-28,0.26220496237510815,864.4000244140625,896.0,860.4000244140625,869.6500244140625,836.9730224609375,4208702
2022-01-31,0.4328091623546142,878.9000244140625,888.8499755859375,872.0999755859375,885.7999877929688,852.51611328125,2335040
2022-02-01,-0.11409909650683403,892.0,894.7000122070312,864.2000122070312,869.7000122070312,837.0210571289062,2921070
2022-02-02,0.36636237564644863,875.7000122070312,880.2999877929688,865.1500244140625,869.3499755859375,836.6841430664062,1341479
2022-02-03,-0.14778836301411502,868.0,882.4000244140625,852.1500244140625,856.2000122070312,824.0283813476562,2630289
2022-02-04,0.6350569581496529,861.4000244140625,861.4000244140625,836.1500244140625,841.7000122070312,810.0731811523438,2080640
2022-02-07,-0.09817042946815491,841.0,844.7000122070312,822.2000122070312,829.5,798.33154296875,1801701
2022-02-08,-0.49778938782401383,830.0,837.7000122070312,817.1500244140625,832.0499877929688,800.7857055664062,2729631
2022-02-09,0.4036466031490515,838.0,845.9500122070312,833.1500244140625,840.2000122070312,808.6295166015625,2165223
2022-02-10,-0.048561794297328514,844.0,857.75,830.1500244140625,853.0499877929688,820.9966430664062,6949276
2022-02-11,-0.29151180358818046,853.0,861.9500122070312,835.5999755859375,853.6500244140625,821.5741577148438,5146850
2022-02-14,0.35559699283420254,841.75,845.4000244140625,780.7000122070312,825.0499877929688,794.0487670898438,4202165
2022-02-15,0.3074656315147877,828.0,858.0,820.4000244140625,854.5999755859375,822.4883422851562,2728328
2022-02-16,0.20423769342887682,854.5999755859375,878.5,854.5999755859375,864.25,831.7758178710938,4401342
2022-02-17,0.7131761401076802,872.0,877.2999877929688,859.0,862.25,829.8510131835938,2041741
2022-02-18,-0.29988896722040537,857.2000122070312,869.75,847.1500244140625,852.0,819.9862060546875,1616856
2022-02-21,0.021609064511721954,845.2000122070312,850.5,832.0,841.0999755859375,809.4956665039062,2255753
2022-02-22,0.20744812733028084,827.0,856.0,823.3499755859375,853.25,821.1890869140625,2768989
2022-02-23,0.6630427265502347,856.0,869.7000122070312,845.7000122070312,850.2999877929688,818.3500366210938,2265060
2022-02-24,-0.3634625885388232,818.0999755859375,831.9000244140625,790.5,795.7999877929688,765.8978271484375,5677898
2022-02-25,0.4964631889015436,812.7000122070312,825.0,802.0,807.5999755859375,777.2544555664062,3470318
2022-02-28,0.15504035284930767,807.0,807.0,786.75,790.8499755859375,761.1338500976562,5026913
2022-03-02,-0.12413955212105066,785.5,810.75,769.0,778.3499755859375,749.1034545898438,5779175
2022-03-03,0.29385038308100775,792.0,793.1500244140625,760.0499877929688,762.0499877929688,733.416015625,2763929
2022-03-04,0.10649523689608031,750.0,756.0,730.0,732.2999877929688,704.7838134765625,4829850
2022-03-07,0.5009620630007703,719.8499755859375,719.8499755859375,681.75,690.5499877929688,664.6026000976562,7008637
2022-03-08,0.040250852574051046,690.5499877929688,703.0499877929688,671.1500244140625,700.6500244140625,674.3231201171875,4000294
2022-03-09,-0.32728717183797723,705.0,739.9000244140625,700.0,734.8499755859375,707.238037109375,5490287
2022-03-10,0.49095466651488096,761.9500122070312,762.5,735.0,738.8499755859375,711.0877075195312,4064470
2022-03-11,0.0917129210041215,734.0,741.7999877929688,728.7000122070312,734.7999877929688,707.1898803710938,2364792
2022-03-14,0.8139899514790159,734.7999877929688,746.0,725.4500122070312,743.2000122070312,715.2742309570312,3563695
2022-03-15,-0.33534190989254664,745.0,769.2000122070312,745.0,761.2000122070312,732.5979614257812,4811450
2022-03-16,0.3122358142572921,768.8499755859375,776.0,765.0,773.6500244140625,744.5802001953125,2277631
2022-03-17,0.5592980002984405,785.0,799.9000244140625,777.0,794.4000244140625,764.5504760742188,3787641
2022-03-21,0.9997105355723761,789.5999755859375,791.0999755859375,780.0999755859375,783.5,754.0599975585938,3008019
2022-03-22,0.997727924346691,783.0,789.0499877929688,769.0,785.5999755859375,756.0811157226562,5436875
2022-03-23,0.08939506618348374,790.0,794.2000122070312,772.0999755859375,774.0999755859375,745.0132446289062,3277274
2022-03-24,-0.6913936719174671,773.7000122070312,780.0,762.6500244140625,765.6500244140625,736.8807373046875,2248114
2022-03-25,-0.2287402405636385,773.0,773.0,758.2000122070312,764.75,736.0145263671875,3148869
2022-03-28,0.28979064715167624,764.9000244140625,772.7000122070312,751.2999877929688,769.25,740.3455200195312,4719388
2022-03-29,0.1940609756158665,771.0,783.0,770.7000122070312,773.3499755859375,744.2913208007812,3519610
2022-03-30,0.04581299578906813,779.2999877929688,795.0,775.9000244140625,793.3499755859375,763.5398559570312,4407033
2022-03-31,0.8343889085600884,798.0,813.0,798.0,806.5499877929688,776.243896484375,7059986
2022-04-01,0.23385407959576696,811.0,829.5,807.7000122070312,826.5499877929688,795.492431640625,3406177
2022-04-04,0.45506370842287486,818.0,836.0,810.0,833.7000122070312,802.3737182617188,4163250
2022-04-05,0.07460612498107366,837.0,852.0,833.7000122070312,836.5499877929688,805.1165771484375,2669967
2022-04-06,0.3368730426203304,838.7000122070312,838.7000122070312,822.9500122070312,827.8499755859375,796.7435913085938,2049292
2022-04-07,-0.8094689908056435,826.0,840.2999877929688,822.2999877929688,834.2999877929688,802.9512329101562,2913537
2022-04-08,-0.024118369445204735,830.0,860.6500244140625,827.0499877929688,857.4000244140625,825.1831665039062,4145522
2022-04-11,0.18842109257238918,854.9500122070312,861.3499755859375,846.2000122070312,856.8499755859375,824.6539306640625,2922901
2022-04-12,-0.19919555789480606,850.0,867.4000244140625,843.2999877929688,860.7999877929688,828.4555053710938,2961076
2022-04-13,-0.28939198393241633,862.5,875.0,862.3499755859375,866.0999755859375,833.5563354492188,3695363
2022-04-18,-0.18607906305987854,866.0999755859375,876.0,858.0999755859375,874.0999755859375,841.2557373046875,3076843
2022-04-19,-0.307112935440576,878.0999755859375,887.7999877929688,865.0999755859375,872.5,839.7158813476562,3301212
2022-04-20,-0.931571314111352,873.4500122070312,889.9000244140625,873.4500122070312,881.25,848.1370849609375,2208791
2022-04-21,-0.27392099079831195,881.25,914.0,880.75,911.0,876.7692260742188,3206906
2022-04-22,0.46094032749004493,903.7999877929688,927.0499877929688,889.0499877929688,920.6500244140624,886.0565795898438,4924905
2022-04-25,-0.09269784677731381,914.3499755859376,928.0,895.0999755859375,904.0,870.0322265625,5476626
2022-04-26,0.4755436987532968,906.5999755859376,942.9000244140624,906.5999755859376,940.1500244140624,904.8239135742188,6384561
2022-04-27,0.4024886272964068,930.0,940.7000122070312,922.9500122070312,926.8499755859376,892.023681640625,3154605
2022-04-28,0.7777981492181425,945.0,945.0,918.5,922.9000244140624,888.2221069335938,2869224
2022-04-29,0.28732834260881646,928.9000244140624,939.25,918.0,922.0999755859376,887.4520874023438,3467791
2022-05-02,0.3249213266859038,915.0,933.7000122070312,909.7000122070312,921.3499755859376,886.7302856445312,2740823
2022-05-04,0.5512132467934862,917.9000244140624,923.9500122070312,891.0499877929688,896.0999755859375,862.4290161132812,2408261
2022-05-05,0.051800265413476154,910.0,921.0,895.6500244140625,899.0499877929688,865.2681884765625,2690817
2022-05-06,-0.06911547516938299,890.0,914.7999877929688,887.2999877929688,893.8499755859375,860.263671875,4247088
2022-05-09,0.4375557957059105,880.0,901.9000244140624,875.0,895.2999877929688,861.6591186523438,1790691
2022-05-10,-0.010931207245448604,895.2999877929688,910.9500122070312,884.0999755859375,888.3499755859375,854.9702758789062,2436623
2022-05-11,0.9427345936807493,888.5999755859375,898.4000244140625,876.5,887.0499877929688,853.7191162109375,3048794
2022-05-12,0.02067264448851347,884.9000244140625,889.0,853.7000122070312,865.25,832.73828125,4908042
2022-05-13,0.05037547880783677,879.7999877929688,905.0,870.0999755859375,889.5,856.0770874023438,4956950
2022-05-16,-0.902289449586533,895.0,908.9000244140624,892.7000122070312,903.3499755859376,869.4066162109375,2856221
2022-05-17,0.9283361034855867,907.0,917.0,898.1500244140625,910.7999877929688,876.5767211914062,3469290
2022-05-18,-0.6425496394746005,910.0,922.75,905.2000122070312,913.2999877929688,878.9827270507812,3203522
2022-05-19,0.4365849626816011,901.0,913.0,880.1500244140625,882.5499877929688,849.38818359375,2658159
2022-05-20,0.45837174034178524,896.9000244140625,911.3499755859376,888.6500244140625,903.7999877929688,869.8397827148438,3426756
2022-05-23,0.7809413187871022,911.0,943.4500122070312,910.25,941.9000244140624,906.5081787109376,6613972
2022-05-24,0.37551618887421984,949.0,960.4000244140624,943.0999755859376,946.8499755859376,911.2720947265624,4546511
2022-05-25,0.2590974955819547,953.7999877929688,953.7999877929688,923.3499755859376,928.4000244140624,893.5154418945312,1363358
2022-05-26,-0.3745283037715126,930.0999755859376,933.5,914.7999877929688,929.7999877929688,894.86279296875,2384886
2022-05-27,-0.2375819705775939,940.0,958.0,923.0,952.8499755859376,917.0466918945312,3269005
2022-05-30,0.2621606579972043,972.25,1011.75,957.0499877929688,998.3499755859376,960.8369750976562,11690785
2022-05-31,-0.3850557312835008,997.9500122070312,1043.0,992.0,1034.3499755859375,995.4842529296876,13301109
2022-06-01,0.7548793077668441,1035.0,1057.25,1014.7999877929688,1047.3499755859375,1007.9959106445312,7889745
2022-06-02,0.9472024004207924,1044.949951171875,1057.949951171875,1035.0,1044.550048828125,1005.3011474609376,4081658
2022-06-03,0.6761088528104925,1050.0999755859375,1056.550048828125,1025.699951171875,1028.6500244140625,989.9984741210938,2660682
2022-06-06,0.08802600651203345,1028.0,1048.5999755859375,1018.0,1035.949951171875,997.0240478515624,3443406
2022-06-07,0.1566229890595423,1034.800048828125,1045.0,1018.0999755859376,1042.550048828125,1003.3762817382812,2162861
2022-06-08,0.992765708186198,1056.949951171875,1056.949951171875,1034.25,1045.0,1005.7341918945312,4293398
2022-06-09,0.4730978012084961,1036.0,1049.300048828125,1032.0,1045.0999755859375,1005.830322265625,2757706
2022-06-10,0.949276968560298,1033.0,1043.5,1026.5999755859375,1036.5,997.5535888671876,2425545
2022-06-13,0.15739819159664745,1023.6500244140624,1029.0,998.5499877929688,1004.2999877929688,966.5634155273438,4047155
2022-06-14,0.1280029101180844,1000.0,1025.0,999.0499877929688,1019.25,980.95166015625,3614327
2022-06-15,0.19026300373952837,1024.6500244140625,1039.300048828125,1020.0,1025.5,986.9668579101562,3333753
2022-06-16,-0.8082637863699347,1037.699951171875,1037.699951171875,997.0,1005.25,967.477783203125,3255301
2022-06-17,0.9724839930422604,1000.0,1007.9500122070312,983.1500244140624,997.6500244140624,960.163330078125,5318310
2022-06-20,0.6175003940588795,1005.0,1008.0,979.0999755859376,982.7000122070312,945.775146484375,3722583
2022-06-21,0.06303469613194465,982.7000122070312,1004.75,981.7999877929688,997.9500122070312,960.4521484375,6263423
2022-06-22,-0.2949522029715202,995.1500244140624,1003.9500122070312,972.6500244140624,983.7999877929688,946.833740234375,2629024
2022-06-23,0.39583479703287594,986.0,1031.5999755859375,985.2000122070312,1027.699951171875,989.0841674804688,7303072
2022-06-24,0.12875159582056636,1036.9000244140625,1074.5,1031.5999755859375,1072.050048828125,1031.767822265625,7273273
2022-06-27,0.45367802544885005,1089.800048828125,1095.0,1072.050048828125,1082.699951171875,1042.017578125,6316257
2022-06-28,0.2542358501632407,1082.0,1121.449951171875,1079.449951171875,1112.0,1070.216552734375,11020641
2022-06-29,0.412513013696298,1106.0,1115.449951171875,1090.699951171875,1111.75,1069.9759521484375,5052023
2022-06-30,0.13172111619496718,1109.300048828125,1117.5,1088.050048828125,1093.1500244140625,1052.0748291015625,4165189
2022-07-01,0.013584980741143227,1092.4000244140625,1113.3499755859375,1064.0,1107.3499755859375,1065.7412109375,2839545
2022-07-04,-0.18751786770299078,1101.0,1102.0,1079.4000244140625,1091.199951171875,1050.1981201171875,2784613
2022-07-05,0.09378802609280683,1091.0,1102.0,1078.0,1081.949951171875,1041.2957763671875,3675577
2022-07-06,0.8847276986343786,1082.699951171875,1112.0,1080.5999755859375,1104.550048828125,1063.0467529296875,4957228
2022-07-07,0.5703949039569125,1119.0,1138.949951171875,1114.5999755859375,1133.300048828125,1090.71630859375,4917004
2022-07-08,0.6327735035098158,1184.949951171875,1194.9000244140625,1126.1500244140625,1133.5999755859375,1091.0050048828125,10482265
2022-07-11,0.20402236428344622,1128.949951171875,1167.9000244140625,1122.6500244140625,1165.050048828125,1121.2733154296875,4520273
2022-07-12,0.1698599191266112,1164.0,1164.449951171875,1142.0,1146.6500244140625,1103.564697265625,2452632
2022-07-13,0.8585249100190898,1153.199951171875,1156.5,1138.0999755859375,1140.3499755859375,1097.5013427734375,3379695
2022-07-14,0.9382237493991852,1134.800048828125,1151.3499755859375,1131.199951171875,1142.6500244140625,1110.9674072265625,2423203
2022-07-15,-0.003001028933795169,1143.0,1175.9000244140625,1140.4000244140625,1172.5,1139.98974609375,3879759
2022-07-18,0.4626913792005955,1179.5,1179.5,1159.25,1163.4000244140625,1131.1419677734375,3480683
2022-07-19,0.14492332906229421,1161.9000244140625,1189.5,1161.0,1186.25,1153.3585205078125,4056414
2022-07-20,0.9695303784683347,1195.0,1195.0,1162.5,1165.6500244140625,1133.32958984375,3028752
2022-07-21,0.03635513932178063,1167.0999755859375,1180.0,1164.800048828125,1175.1500244140625,1142.5662841796875,2062279
2022-07-22,-0.0013723158073844389,1180.0,1185.9000244140625,1170.300048828125,1181.0999755859375,1148.351318359375,1983433
2022-07-25,-0.004153977584792301,1185.0,1185.0,1132.0,1135.8499755859375,1104.35595703125,4380502
2022-07-26,-0.32240655618564534,1134.0,1146.0,1125.1500244140625,1136.0,1104.501708984375,2598868
2022-07-27,-0.7365049663931131,1140.0,1150.300048828125,1126.800048828125,1138.0999755859375,1106.5435791015625,1647876
2022-07-28,0.21518005964753684,1142.0999755859375,1152.0,1135.3499755859375,1149.1500244140625,1117.287109375,1929675
2022-07-29,0.43344753270503134,1158.800048828125,1184.199951171875,1153.25,1164.449951171875,1132.162841796875,2230572
2022-08-01,0.5684622054792602,1189.4000244140625,1248.699951171875,1184.25,1237.75,1203.4305419921875,12673841
2022-08-02,0.4124357140639664,1237.699951171875,1259.75,1226.199951171875,1254.5,1219.7161865234375,5626351
2022-08-03,-0.547353669826407,1259.949951171875,1259.949951171875,1231.0,1253.699951171875,1218.938232421875,3820503
2022-08-04,-0.302252539107576,1264.9000244140625,1265.0,1239.050048828125,1261.800048828125,1226.8138427734375,3075648
2022-08-05,0.3024455084863196,1278.199951171875,1278.5,1231.25,1235.9000244140625,1201.6318359375,5766297
2022-08-08,0.3081150346746047,1245.0,1280.0,1242.6500244140625,1276.699951171875,1241.300537109375,5412651
2022-08-10,0.251379727629352,1277.0,1279.699951171875,1260.25,1268.050048828125,1232.8905029296875,2530492
2022-08-11,0.6011786962277256,1277.0,1278.949951171875,1254.0,1266.199951171875,1231.0916748046875,3077633
2022-08-12,0.6450657578716346,1265.0,1268.9000244140625,1249.300048828125,1259.449951171875,1224.52880859375,3355489
2022-08-16,0.5618185317999793,1280.5999755859375,1298.699951171875,1274.6500244140625,1288.300048828125,1252.578857421875,4085782
2022-08-17,-0.09759202475349109,1294.0,1294.0,1270.050048828125,1274.25,1238.9185791015625,2197165
2022-08-18,0.9415705529806603,1274.0,1278.3499755859375,1254.699951171875,1261.1500244140625,1226.1817626953125,2659857
2022-08-19,-0.11167527406775792,1270.0,1272.6500244140625,1235.5,1239.4000244140625,1205.0347900390625,2513148
2022-08-22,0.3315827649979231,1239.4000244140625,1247.4000244140625,1219.050048828125,1226.699951171875,1192.6868896484375,2443323
2022-08-23,0.37520053036444423,1219.949951171875,1277.0,1218.0,1273.0999755859375,1237.8004150390625,4449168
2022-08-24,0.3907586176210316,1274.949951171875,1283.5,1261.0,1268.300048828125,1233.133544921875,2570071
2022-08-25,0.9402212910354137,1274.0,1277.449951171875,1256.699951171875,1259.6500244140625,1224.7232666015625,1769049
2022-08-26,0.0988651129155187,1279.9000244140625,1299.0,1268.800048828125,1274.6500244140625,1239.307373046875,4325600
2022-08-29,0.3928677567372298,1249.0,1280.800048828125,1242.1500244140625,1276.800048828125,1241.3978271484375,2554692
2022-08-30,-0.5949278614949435,1284.0,1315.0,1284.0,1308.699951171875,1272.413330078125,5078317
2022-09-01,0.5463496610682341,1280.0,1325.699951171875,1280.0,1312.050048828125,1275.67041015625,4913035
2022-09-02,0.666570085980412,1318.6500244140625,1330.6500244140625,1311.199951171875,1315.949951171875,1279.462158203125,2316436
2022-09-05,0.01712945639155805,1319.0,1324.449951171875,1301.0999755859375,1320.550048828125,1283.934814453125,2271837
2022-09-06,0.03454374479770195,1325.0,1327.0,1300.5999755859375,1306.4000244140625,1270.177001953125,1930221
2022-09-07,0.9699160782620311,1291.0,1311.949951171875,1281.199951171875,1289.699951171875,1253.9400634765625,3162428
2022-09-08,0.7288610999308088,1305.0,1331.949951171875,1302.0,1321.9000244140625,1285.247314453125,4026323
2022-09-09,0.42510536886984485,1338.0,1338.0,1294.050048828125,1301.25,1265.1697998046875,3415016
2022-09-12,0.2549605742096901,1308.0,1315.5999755859375,1295.0,1297.050048828125,1261.08642578125,3077887
2022-09-13,0.45245584385702386,1309.949951171875,1309.949951171875,1291.0,1299.8499755859375,1263.8087158203125,2460291
2022-09-14,0.08550267852842808,1283.949951171875,1313.8499755859375,1280.0,1298.050048828125,1262.0587158203125,2955136
2022-09-15,0.594976243050769,1305.0,1314.25,1289.050048828125,1297.050048828125,1261.08642578125,2555055
2022-09-16,-0.3952727265356001,1291.25,1297.0,1234.5,1250.0999755859375,1215.4381103515625,9047956
2022-09-19,-0.23307619846044955,1259.9000244140625,1298.449951171875,1250.0999755859375,1288.6500244140625,1252.919189453125,4476773
2022-09-20,-0.47030206617071396,1300.0,1312.0,1296.550048828125,1302.949951171875,1266.82275390625,3780649
2022-09-21,-0.027432629780378193,1308.949951171875,1323.0,1293.5999755859375,1306.6500244140625,1270.4200439453125,2887754
2022-09-22,-0.47182424725033345,1297.0,1320.550048828125,1293.0,1310.4000244140625,1274.066162109375,2010645
2022-09-23,-0.6790092312024042,1305.0,1318.0999755859375,1261.0,1272.300048828125,1237.0225830078125,4639618
2022-09-26,-0.09040791740990244,1250.0,1258.949951171875,1216.300048828125,1236.4000244140625,1202.1180419921875,3345338
2022-09-27,0.31402814052125905,1242.5999755859375,1252.9000244140625,1221.199951171875,1235.75,1201.4859619140625,3588217
2022-09-28,0.4206047682091594,1233.0999755859375,1261.75,1211.25,1242.4000244140625,1207.95166015625,3361451
2022-09-29,0.9212178865952106,1255.0,1267.949951171875,1245.699951171875,1258.3499755859375,1223.4593505859375,3474302
2022-09-30,0.01937665557488799,1256.949951171875,1282.699951171875,1233.050048828125,1268.199951171875,1233.0362548828125,3320684
2022-10-03,0.7096724233221418,1269.949951171875,1276.0999755859375,1242.050048828125,1251.3499755859375,1216.6533203125,3150821
2022-10-04,0.1414597519407315,1265.0,1277.949951171875,1255.0,1260.3499755859375,1225.40380859375,3011962
2022-10-06,0.5532747521501733,1268.0,1277.0,1254.5,1256.9000244140625,1222.0496826171875,3531469
2022-10-07,0.035907968361344605,1260.0,1261.949951171875,1232.949951171875,1238.8499755859375,1204.5,3501889
2022-10-10,-0.0034473748091841117,1234.0,1246.550048828125,1218.0,1243.0,1208.534912109375,2230590
2022-10-11,-0.4557127275620587,1249.25,1249.25,1225.5,1229.550048828125,1195.4578857421875,1569478
2022-10-12,0.10746216777568826,1235.6500244140625,1259.3499755859375,1230.0999755859375,1247.9000244140625,1213.2991943359375,2884899
2022-10-13,0.33350288558285685,1255.0,1274.1500244140625,1240.5,1248.199951171875,1213.5906982421875,2137351
2022-10-14,0.29095000688943806,1267.75,1272.0,1228.0,1230.300048828125,1196.187255859375,1696759
2022-10-17,-0.16648528771474957,1227.0,1238.75,1196.5,1230.0,1195.8953857421875,2158727
2022-10-18,0.5278659797872284,1236.1500244140625,1267.3499755859375,1233.5,1253.800048828125,1219.0355224609375,2722206
2022-10-19,0.09459978299370657,1259.949951171875,1264.800048828125,1244.0,1248.4000244140625,1213.7852783203125,1449579
2022-10-20,-0.17550340933896796,1241.199951171875,1254.0,1223.550048828125,1250.0,1215.3408203125,1831346
2022-10-21,0.09305020853256186,1253.0999755859375,1268.9000244140625,1244.1500244140625,1256.75,1221.9036865234375,1750934
2022-10-24,0.10663027310511097,1261.0,1278.0,1261.0,1270.949951171875,1235.7098388671875,318933
2022-10-25,0.45051648192086513,1270.949951171875,1283.8499755859375,1259.5999755859375,1281.4000244140625,1245.8702392578125,2809493
2022-10-27,0.17869180217935032,1283.300048828125,1299.8499755859375,1279.050048828125,1294.1500244140625,1258.2667236328125,3279938
2022-10-28,0.6358185751984516,1300.6500244140625,1315.9000244140625,1290.0,1311.6500244140625,1275.281494140625,2111224
2022-10-31,0.4302579200981806,1318.25,1358.5,1316.5999755859375,1348.5999755859375,1311.2069091796875,4306893
2022-11-01,0.1505307940408654,1361.0,1366.550048828125,1349.3499755859375,1354.050048828125,1316.505859375,3405472
2022-11-02,-0.16242280348212393,1354.050048828125,1361.0,1338.5999755859375,1352.3499755859375,1314.85302734375,2298917
2022-11-03,0.025984540861827554,1340.0,1355.0,1328.550048828125,1335.4000244140625,1298.3729248046875,1931917
2022-11-04,0.9991699264210183,1338.0,1352.0,1331.0,1338.300048828125,1301.1925048828125,2204968
2022-11-07,0.08394979072424273,1345.0,1355.5999755859375,1336.5999755859375,1351.300048828125,1313.8321533203125,2599224
2022-11-09,0.19579336983151735,1364.8499755859375,1364.8499755859375,1331.0,1337.550048828125,1300.46337890625,2459869
2022-11-10,0.5931835418644672,1339.0,1339.0,1290.5999755859375,1298.199951171875,1262.204345703125,2792546
2022-11-11,-0.8831173740327358,1305.0999755859375,1318.75,1278.550048828125,1287.0999755859375,1251.412109375,5308986
2022-11-14,-0.7469146394854761,1304.0,1309.699951171875,1268.050048828125,1278.1500244140625,1242.71044921875,3794391
2022-11-15,-0.09713568764605693,1284.550048828125,1296.300048828125,1275.25,1291.699951171875,1255.884521484375,3192070
2022-11-16,0.2636093111068476,1288.949951171875,1295.0,1276.0,1286.699951171875,1251.0233154296875,2478281
2022-11-17,-0.7684573836352987,1280.199951171875,1285.0,1254.1500244140625,1259.3499755859375,1224.431640625,2319979
2022-11-18,-0.40211242314156453,1250.050048828125,1255.949951171875,1217.25,1227.1500244140625,1193.12451171875,4525364
2022-11-21,-0.5061848274272052,1218.0,1234.9000244140625,1202.0,1218.25,1184.4713134765625,4120736
2022-11-22,-0.18591211829334497,1220.6500244140625,1235.449951171875,1215.949951171875,1228.449951171875,1194.388427734375,2469455
2022-11-23,0.1601855736837024,1234.5999755859375,1240.3499755859375,1224.0,1235.699951171875,1201.4373779296875,2396267
2022-11-24,0.6578870861616452,1241.9000244140625,1257.0,1238.6500244140625,1254.050048828125,1219.2786865234375,2133523
2022-11-25,0.15717941637558397,1258.0,1267.699951171875,1246.0,1260.800048828125,1225.841552734375,1370326
2022-11-28,-0.04108959595032502,1258.9000244140625,1272.0,1246.0,1250.699951171875,1216.021484375,2126619
2022-11-29,0.7538982350379229,1256.0,1265.0,1248.550048828125,1257.0999755859375,1222.2440185546875,2435651
2022-11-30,0.5602203350048512,1262.0999755859375,1316.0,1257.6500244140625,1305.5999755859375,1269.399169921875,7536690
2022-12-01,0.45318731280276553,1315.0,1316.949951171875,1288.0,1293.449951171875,1257.5860595703125,2613761
2022-12-02,-0.31738651639633725,1286.449951171875,1293.800048828125,1260.0,1264.5999755859375,1229.5360107421875,2892150
2022-12-05,-0.3657524864413842,1269.449951171875,1269.449951171875,1252.5999755859375,1259.800048828125,1224.8692626953125,2764806
2022-12-06,0.5412249456567224,1248.5,1265.449951171875,1248.5,1263.050048828125,1228.029052734375,1686075
2022-12-07,0.667539505339745,1262.0,1268.9000244140625,1252.4000244140625,1266.5999755859375,1231.4805908203125,1731982
2022-12-08,0.11613890607841312,1272.949951171875,1282.0,1269.5,1274.3499755859375,1239.015625,1906386
2022-12-09,-0.45429119395240297,1281.5,1284.6500244140625,1256.5,1265.4000244140625,1230.31396484375,1308941
2022-12-12,-0.016457840696805053,1263.9000244140625,1277.300048828125,1256.5,1264.0,1228.95263671875,1723401
2022-12-13,0.3428438201335666,1268.0,1285.949951171875,1267.0,1283.3499755859375,1247.76611328125,2164600
2022-12-14,0.37458851769128265,1287.0,1291.0,1276.449951171875,1286.449951171875,1250.7801513671875,1436837
2022-12-15,-0.1058456379816764,1285.9000244140625,1293.5,1281.75,1286.949951171875,1251.266357421875,2417555
2022-12-16,-0.2830361573911172,1277.949951171875,1287.0,1250.0,1251.5999755859375,1216.896484375,2136354
2022-12-19,0.0018231092641750972,1250.9000244140625,1294.9000244140625,1245.050048828125,1290.6500244140625,1254.86376953125,2767603
2022-12-20,-0.7700019128096756,1287.949951171875,1288.0,1263.0999755859375,1275.25,1239.8907470703125,1286604
2022-12-21,0.6857303490913991,1279.9000244140625,1284.5,1258.5,1265.699951171875,1230.60546875,1251993
2022-12-22,0.48729221920948473,1265.699951171875,1277.6500244140625,1229.300048828125,1233.949951171875,1199.73583984375,1557590
2022-12-23,-0.36865757405757904,1220.0,1230.0,1208.0,1224.5999755859375,1190.6451416015625,1913648
2022-12-26,0.493351855020996,1224.5999755859375,1247.4000244140625,1216.300048828125,1237.050048828125,1202.7498779296875,1677560
2022-12-27,-0.023024326201670595,1243.25,1248.5,1223.949951171875,1234.25,1200.0274658203125,1304940
2022-12-28,-0.07636405297142285,1229.8499755859375,1255.0,1225.0,1252.3499755859375,1217.6256103515625,1959508
2022-12-29,-0.354592619708675,1247.699951171875,1267.5999755859375,1238.550048828125,1262.3499755859375,1227.3485107421875,1289676
2022-12-30,-0.692838912748266,1265.3499755859375,1265.3499755859375,1245.0,1249.199951171875,1214.5631103515625,1372710
2023-01-02,-0.12409679861593759,1251.0,1271.0,1242.5999755859375,1262.8499755859375,1227.8345947265625,1718385
2023-01-03,-0.4415205640959487,1263.0,1265.0,1246.699951171875,1249.300048828125,1214.660400390625,1510751
2023-01-04,-0.1209731032839045,1252.3499755859375,1255.800048828125,1231.0,1236.199951171875,1201.923583984375,1344532
2023-01-05,-0.3187264170031995,1240.0,1255.0,1231.0,1252.6500244140625,1217.9173583984375,2745160
2023-01-06,-0.019920855527743697,1252.6500244140625,1274.949951171875,1248.1500244140625,1264.9000244140625,1229.8277587890625,2214972
2023-01-09,0.27837965715872615,1272.949951171875,1313.9000244140625,1271.6500244140625,1310.3499755859375,1274.0174560546875,3634805
2023-01-10,-0.992314302642626,1310.5,1326.4000244140625,1305.75,1314.9000244140625,1278.44140625,3139930
2023-01-11,0.7593465963558023,1315.5,1320.0,1300.5,1312.5999755859375,1276.205078125,2041750
2023-01-12,0.3476384457587431,1316.0,1327.0,1310.0,1319.9000244140625,1283.302734375,2448619
2023-01-13,0.19867911465310803,1325.0,1337.0,1311.5999755859375,1328.1500244140625,1291.323974609375,2600139
2023-01-16,0.07722552204230691,1333.0,1335.25,1302.949951171875,1315.5999755859375,1279.1219482421875,1651972
2023-01-17,0.45077641592878437,1318.949951171875,1323.8499755859375,1304.0999755859375,1320.8499755859375,1284.2264404296875,1607137
2023-01-18,0.34009119863104487,1320.3499755859375,1325.0,1308.0999755859375,1322.1500244140625,1285.4903564453125,1179938
2023-01-19,0.19639342634631743,1317.5999755859375,1328.699951171875,1312.300048828125,1319.550048828125,1282.9625244140625,2066881
2023-01-20,0.8196153657976538,1324.050048828125,1325.0,1311.6500244140625,1314.75,1278.2955322265625,1332666
2023-01-23,0.5016164561202459,1321.3499755859375,1345.949951171875,1312.300048828125,1328.449951171875,1291.6156005859375,1681075
2023-01-24,0.06647587553597986,1335.0999755859375,1335.0999755859375,1321.050048828125,1323.9000244140625,1287.19189453125,1408040
2023-01-25,-0.2575935502536595,1324.9000244140625,1332.0,1306.050048828125,1311.5,1275.1356201171875,1359090
2023-01-27,-0.39106073891889537,1318.0999755859375,1339.800048828125,1286.6500244140625,1320.199951171875,1283.5943603515625,1914769
2023-01-30,-0.3364184148751,1320.0999755859375,1342.0,1305.0,1331.5999755859375,1294.6783447265625,2402331
2023-01-31,-0.014765063883844829,1350.300048828125,1385.5,1335.300048828125,1378.75,1340.52099609375,5265862
2023-02-01,0.362579265254846,1386.550048828125,1390.0,1322.0,1352.050048828125,1314.561279296875,3010838
2023-02-02,0.9256580969667993,1348.050048828125,1378.199951171875,1330.5,1352.4000244140625,1314.901611328125,2029111
2023-02-03,-0.14003982916474342,1359.199951171875,1391.949951171875,1350.550048828125,1388.0,1349.5145263671875,1803085
2023-02-06,0.11539693423713158,1391.9000244140625,1391.9000244140625,1360.0,1376.0,1337.84716796875,1504382
2023-02-07,-0.3952688700228464,1382.9000244140625,1385.0,1361.0,1366.699951171875,1328.8050537109375,1413825
2023-02-08,0.36314243567176163,1373.550048828125,1380.0,1360.0,1373.050048828125,1334.9791259765625,1241238
2023-02-09,0.6210354929262394,1372.0,1386.0,1363.0,1372.199951171875,1334.1524658203125,1866387
2023-02-10,0.30459757053970615,1378.550048828125,1386.949951171875,1350.800048828125,1365.449951171875,1327.5897216796875,3282665
2023-02-13,0.14175140981803583,1375.0,1384.0,1325.050048828125,1353.0,1315.48486328125,4401219
2023-02-14,0.18051614105934277,1358.0,1377.0,1350.0,1363.1500244140625,1325.353515625,2373179
2023-02-15,-0.055660092877224086,1364.199951171875,1383.1500244140625,1360.050048828125,1379.3499755859375,1341.104248046875,2007214
2023-02-16,0.19642394569382304,1380.0999755859375,1397.0,1363.199951171875,1368.1500244140625,1330.2149658203125,2646301
2023-02-17,-0.07784614267681415,1359.949951171875,1372.550048828125,1332.300048828125,1341.5,1304.3038330078125,2150027
2023-02-20,0.010943962183955592,1342.0999755859375,1354.949951171875,1332.5999755859375,1346.25,1308.922119140625,1497314
2023-02-21,0.39640308637171984,1354.5,1362.4000244140625,1341.0,1351.8499755859375,1314.3668212890625,2118816
2023-02-22,-0.07543922163313255,1346.9000244140625,1352.8499755859375,1311.1500244140625,1319.75,1283.1568603515625,2196484
2023-02-23,0.7342207349356613,1325.25,1326.25,1305.0,1313.949951171875,1277.517578125,1847879
2023-02-24,0.10396242310234811,1320.199951171875,1320.550048828125,1278.199951171875,1280.199951171875,1244.7034912109375,2824384
2023-02-27,0.11308651466970332,1270.050048828125,1285.4000244140625,1248.4000244140625,1257.4000244140625,1222.53564453125,2019964
2023-02-28,0.546545244629008,1263.699951171875,1293.25,1260.0,1269.5999755859375,1234.3974609375,3407211
2023-03-01,0.4345353812498685,1275.949951171875,1305.550048828125,1269.050048828125,1272.1500244140625,1236.876708984375,2338935
2023-03-02,-0.9325108490884304,1278.550048828125,1278.550048828125,1250.0,1251.550048828125,1216.847900390625,1563750
2023-03-03,-0.32474052482284604,1257.9000244140625,1276.949951171875,1253.25,1268.5999755859375,1233.4251708984375,1493291
2023-03-06,0.7713524817848917,1269.550048828125,1284.25,1268.0,1270.449951171875,1235.2237548828125,1570410
2023-03-08,-0.7240167003124952,1270.0,1291.949951171875,1258.300048828125,1289.949951171875,1254.18310546875,2370800
2023-03-09,0.05706586626668771,1291.0,1294.800048828125,1244.949951171875,1248.1500244140625,1213.542236328125,3596577
2023-03-10,0.2171884150011465,1249.0,1256.699951171875,1225.3499755859375,1226.699951171875,1192.6868896484375,2664696
2023-03-13,0.3062196469489628,1222.699951171875,1231.0,1182.449951171875,1193.449951171875,1160.3587646484375,3842775
2023-03-14,-0.28695732974821503,1192.300048828125,1192.4000244140625,1156.8499755859375,1160.800048828125,1128.6141357421875,5379592
2023-03-15,-0.29394391669969383,1167.0,1174.4000244140625,1153.199951171875,1160.3499755859375,1128.1766357421875,2226887
2023-03-16,0.15200954255851684,1160.0,1175.25,1140.1500244140625,1167.050048828125,1134.69091796875,3604480
2023-03-17,-0.20905579132959246,1172.9000244140625,1186.25,1152.0,1171.5,1139.0174560546875,3683701
2023-03-20,0.1862003627262311,1169.949951171875,1179.1500244140625,1145.0,1167.6500244140625,1135.2742919921875,2082268
2023-03-21,0.08024366194149479,1170.5999755859375,1175.0,1156.4000244140625,1160.300048828125,1128.1280517578125,2209422
2023-03-22,0.31913867841164273,1167.5,1180.5,1159.1500244140625,1164.0999755859375,1131.8226318359375,2211909
2023-03-27,0.44421330645647167,1141.5,1150.5999755859375,1125.5,1137.9000244140625,1106.3492431640625,2446528
2023-03-28,-0.03617405553814024,1143.5999755859375,1149.0,1123.4000244140625,1128.300048828125,1097.0152587890625,1903339
2023-03-29,0.9659271772002934,1133.949951171875,1152.449951171875,1132.0,1144.300048828125,1112.5716552734375,4003003
2023-03-31,0.2863238569947758,1147.5999755859375,1163.0,1145.8499755859375,1158.699951171875,1126.572265625,2343070
2023-04-03,0.6161090787296416,1161.300048828125,1180.0,1155.300048828125,1169.9000244140625,1137.4617919921875,2546562
2023-04-05,0.33249612152576447,1172.0,1173.300048828125,1151.949951171875,1155.449951171875,1123.4124755859375,2028469
2023-04-06,0.42067288810115616,1154.0,1175.0,1148.300048828125,1171.25,1138.7745361328125,2029418
2023-04-10,0.4035454733336034,1171.25,1191.0,1171.25,1188.5999755859375,1155.643310546875,2586918
2023-04-11,0.21266755366923462,1200.0,1204.199951171875,1188.199951171875,1201.699951171875,1168.380126953125,2443384
2023-04-12,-0.3957471506596035,1203.5,1212.949951171875,1198.5999755859375,1207.3499755859375,1173.8734130859375,2469405
2023-04-13,0.21789347851154162,1213.449951171875,1222.199951171875,1199.550048828125,1204.550048828125,1171.151123046875,4470196
2023-04-17,0.10164718387532048,1218.949951171875,1218.949951171875,1203.4000244140625,1212.949951171875,1179.3182373046875,1956198
2023-04-18,0.11217962166119833,1213.0,1217.9000244140625,1202.5999755859375,1204.699951171875,1171.2969970703125,2075066
2023-04-19,0.3314292449504137,1204.6500244140625,1217.949951171875,1203.4000244140625,1215.5,1181.7974853515625,1818732
2023-04-20,0.9901281245984137,1218.0,1224.9000244140625,1214.550048828125,1218.5999755859375,1184.8115234375,2172677
2023-04-21,-0.6684320120548364,1221.949951171875,1221.949951171875,1209.050048828125,1212.75,1179.1236572265625,1015815
2023-04-24,0.2202677264867816,1210.4000244140625,1217.0999755859375,1196.0,1207.75,1174.262451171875,1389756
2023-04-25,0.360158775398946,1207.75,1215.0,1199.4000244140625,1209.8499755859375,1176.3040771484375,1360260
2023-04-26,-0.3336225400445983,1212.0,1217.25,1205.300048828125,1213.550048828125,1179.901611328125,1708865
2023-04-27,0.15673442576662638,1210.050048828125,1225.0,1210.050048828125,1224.0,1190.061767578125,1340045
2023-04-28,0.38917949589085765,1225.0,1228.75,1211.5,1226.9000244140625,1192.8814697265625,2333102
2023-05-02,-0.18351897367392667,1230.0,1240.800048828125,1217.5,1237.300048828125,1202.9930419921875,2607580
2023-05-03,0.489420679747127,1237.300048828125,1242.0,1230.0999755859375,1235.449951171875,1201.1942138671875,1307304
2023-05-04,3.11326002702117e-05,1235.0,1238.050048828125,1228.0,1231.699951171875,1197.5482177734375,1541188
2023-05-05,-0.9421159159392118,1232.800048828125,1242.3499755859375,1208.050048828125,1211.199951171875,1177.6165771484375,4753718
2023-05-08,0.3561131876582901,1216.949951171875,1239.8499755859375,1213.699951171875,1231.800048828125,1197.6455078125,3513667
2023-05-09,-0.15870141355221026,1239.0,1250.0,1234.050048828125,1245.449951171875,1210.9169921875,1846359
2023-05-10,-0.40188056270458866,1250.0,1255.800048828125,1235.0,1248.6500244140625,1214.0284423828125,2108081
2023-05-11,0.08005495127200937,1250.0,1260.8499755859375,1244.1500244140625,1251.300048828125,1216.6048583984375,4100467
2023-05-12,-0.2566647683561314,1256.4000244140625,1278.800048828125,1251.300048828125,1275.949951171875,1240.5712890625,2427624
2023-05-15,0.26038915002718566,1279.9000244140625,1287.75,1272.5999755859375,1285.6500244140625,1250.00244140625,2647630
2023-05-16,-0.7469987928998307,1287.0,1291.699951171875,1258.8499755859375,1262.449951171875,1227.445556640625,1571371
2023-05-17,0.08810541429556906,1265.0,1271.699951171875,1260.699951171875,1263.0999755859375,1228.07763671875,1643851
2023-05-18,-0.004582770770260443,1269.949951171875,1269.949951171875,1241.25,1245.5,1210.965576171875,1900447
2023-05-19,-0.15909745664005945,1252.9000244140625,1262.449951171875,1237.449951171875,1260.4000244140625,1225.4525146484375,1588996
2023-05-22,0.9940005585085601,1259.25,1269.449951171875,1251.300048828125,1265.550048828125,1230.459716796875,917769
2023-05-23,-0.2467462187729931,1265.550048828125,1270.75,1256.550048828125,1268.550048828125,1233.3765869140625,1803955
2023-05-24,-0.6653897129697726,1260.0,1278.0,1254.5,1275.699951171875,1240.3282470703125,1369297
2023-05-25,-0.24179998079153636,1280.0,1280.800048828125,1257.550048828125,1277.800048828125,1242.3701171875,2040166
2023-05-26,-0.14242932860673005,1290.0,1292.800048828125,1268.3499755859375,1281.8499755859375,1246.3076171875,3508112
2023-05-29,0.2843625376408454,1321.5,1350.0,1298.0,1330.1500244140625,1293.2686767578125,6185862
2023-05-30,-0.292519913520664,1329.949951171875,1335.300048828125,1320.0,1328.449951171875,1291.6156005859375,2493657
2023-05-31,0.516289540939033,1325.0,1328.25,1303.25,1319.0,1282.427734375,5629378
2023-06-01,0.4991245772805996,1319.0,1337.699951171875,1312.800048828125,1318.9000244140625,1282.33056640625,2364455
2023-06-02,0.05355506102205254,1324.8499755859375,1345.0,1320.300048828125,1341.4000244140625,1304.2066650390625,2313841
2023-06-05,-0.06450175879184496,1349.800048828125,1401.0,1346.3499755859375,1395.4000244140625,1356.709228515625,5105293
2023-06-06,-0.7591394148766994,1395.4000244140625,1414.9000244140625,1388.050048828125,1411.199951171875,1372.0711669921875,2335838
2023-06-07,0.4537488477321209,1422.800048828125,1422.800048828125,1395.0,1406.4000244140625,1367.4044189453125,2491079
2023-06-08,0.1039819788378996,1412.699951171875,1415.550048828125,1377.5,1381.050048828125,1342.7572021484375,1776230
2023-06-09,-0.2276706957914443,1380.75,1387.0,1363.0,1370.6500244140625,1332.6456298828125,1881329
2023-06-12,0.22726012533530593,1377.9000244140625,1384.800048828125,1369.300048828125,1381.4000244140625,1343.09765625,1389300
2023-06-13,-0.1255420202770355,1383.1500244140625,1388.5,1368.199951171875,1373.1500244140625,1335.0762939453125,2516583
2023-06-14,0.0480154678939884,1374.0,1381.0,1366.0,1378.6500244140625,1340.4237060546875,905086
2023-06-15,-0.4694889453530777,1381.800048828125,1407.199951171875,1371.5,1392.75,1354.1328125,1720070
2023-06-16,0.4536110759193737,1399.0,1409.800048828125,1393.4000244140625,1403.8499755859375,1364.925048828125,2132678
2023-06-19,0.31567417099306894,1409.5,1415.3499755859375,1396.0,1402.550048828125,1363.6611328125,1476764
2023-06-20,0.3083318523131311,1402.5999755859375,1409.9000244140625,1380.699951171875,1396.449951171875,1357.7301025390625,1042428
2023-06-21,0.5921173003735021,1394.050048828125,1403.4000244140625,1370.6500244140625,1374.25,1336.145751953125,2008628
2023-06-22,-0.08273674523141901,1379.0,1392.0,1374.6500244140625,1378.699951171875,1340.4722900390625,1296616
2023-06-23,0.9928042252198793,1376.9000244140625,1379.5999755859375,1368.5,1373.25,1335.1734619140625,1258590
2023-06-26,0.098787043842354,1375.0,1404.9000244140625,1369.949951171875,1397.6500244140625,1358.89697265625,2281046
2023-06-27,0.20258535460258523,1406.699951171875,1417.0,1393.5999755859375,1402.4000244140625,1363.5152587890625,2737379
2023-06-28,0.519671695161378,1408.949951171875,1413.75,1390.1500244140625,1395.0,1356.3204345703125,2611913
2023-06-30,0.206723769850214,1402.6500244140625,1461.0,1400.0,1453.5999755859375,1413.2955322265625,4114865
2023-07-03,0.3016498574288562,1470.0,1498.050048828125,1459.300048828125,1467.949951171875,1427.2476806640625,3615176
2023-07-04,0.9709581746428739,1487.0,1487.0,1462.0999755859375,1464.449951171875,1423.8446044921875,1595700
2023-07-05,0.9213273642468266,1463.949951171875,1478.0,1457.0999755859375,1475.3499755859375,1434.4425048828125,1456527
2023-07-06,0.6645533442594266,1477.8499755859375,1552.9000244140625,1472.6500244140625,1548.800048828125,1505.85595703125,5628945
2023-07-07,0.48544247762765735,1546.9000244140625,1591.949951171875,1539.300048828125,1564.1500244140625,1520.7803955078125,6905845
2023-07-10,-0.18934878647061332,1567.0,1579.0,1545.949951171875,1551.4000244140625,1508.3839111328125,2276342
2023-07-11,-0.927689123355473,1558.25,1576.0,1550.4000244140625,1569.449951171875,1525.933349609375,1563376
2023-07-12,0.193220310844481,1569.0,1579.6500244140625,1541.6500244140625,1570.8499755859375,1527.29443359375,2658457
2023-07-13,0.6075887912108252,1576.0,1594.800048828125,1558.449951171875,1566.9000244140625,1539.3785400390625,1859405
2023-07-14,-0.3169022440367068,1562.699951171875,1566.9000244140625,1542.699951171875,1546.550048828125,1535.3084716796875,2174792
2023-07-17,0.15920709081547102,1559.0,1559.0,1529.5,1536.300048828125,1525.1329345703125,1520990
2023-07-18,0.2365272700740856,1536.0,1542.1500244140625,1526.0,1534.699951171875,1523.54443359375,1059058
2023-07-19,0.5883696549572051,1530.199951171875,1549.5,1524.0,1544.449951171875,1533.2236328125,1081196
2023-07-20,0.7387835993348355,1550.050048828125,1553.75,1530.550048828125,1545.3499755859375,1534.1170654296875,1538263
2023-07-21,-0.039474369630625006,1548.949951171875,1552.5999755859375,1518.8499755859375,1523.5,1512.4259033203125,1668783
2023-07-24,0.27181135916907806,1522.0,1557.0,1514.949951171875,1546.8499755859375,1535.606201171875,2129706
2023-07-25,-0.5751904639822897,1551.449951171875,1569.5,1548.050048828125,1565.75,1554.3687744140625,1996604
2023-07-26,-0.09349443469933855,1570.1500244140625,1574.0,1532.0,1544.8499755859375,1533.6207275390625,2100855
2023-07-27,-0.6124887715923251,1499.0,1500.0,1438.3499755859375,1447.4000244140625,1436.879150390625,11879512
2023-07-28,-0.9221294132682184,1460.0,1471.0,1450.0,1467.800048828125,1457.130859375,4714146
2023-07-31,-0.3346541812186063,1476.800048828125,1479.0,1457.5999755859375,1475.199951171875,1464.4769287109375,2460789
2023-08-01,0.47964181246546406,1475.199951171875,1504.0,1470.199951171875,1493.3499755859375,1482.4949951171875,4184243
2023-08-02,-0.1571520833337369,1493.3499755859375,1497.0,1465.25,1485.300048828125,1474.503662109375,3188395
2023-08-03,-0.30478857873150933,1485.0,1501.550048828125,1447.5999755859375,1469.1500244140625,1458.470947265625,2222395
2023-08-04,-0.09150456180796027,1481.0,1502.449951171875,1415.75,1464.6500244140625,1454.003662109375,8066091
2023-08-07,0.5804574336798396,1489.0,1531.0,1480.75,1526.9000244140625,1515.80126953125,9257291
2023-08-08,0.39348576792205375,1530.0,1534.0,1485.0,1499.699951171875,1488.798828125,3426948
2023-08-09,-0.2029443147158335,1505.0,1537.550048828125,1492.25,1534.75,1523.5941162109375,3713003
2023-08-10,0.17115411715349182,1534.5,1556.050048828125,1531.800048828125,1545.4000244140625,1534.166748046875,3600607
2023-08-11,0.821229413151741,1548.550048828125,1559.5999755859375,1533.050048828125,1546.449951171875,1535.208984375,2402812
2023-08-14,0.043075117995613255,1544.949951171875,1550.75,1524.0,1546.8499755859375,1535.606201171875,1875450
2023-08-16,0.3783213945782997,1559.050048828125,1573.0,1538.5999755859375,1570.5999755859375,1559.1834716796875,2361632
2023-08-17,0.8502462195950405,1573.0,1579.050048828125,1560.1500244140625,1573.5,1562.0625,2377711
2023-08-18,-0.21751971333287656,1568.75,1582.550048828125,1544.5999755859375,1552.6500244140625,1541.364013671875,2202570
2023-08-21,0.6986506398950171,1546.0,1552.6500244140625,1531.75,1538.550048828125,1527.3665771484375,1487526
2023-08-22,-0.08511781471315771,1538.0,1555.0,1534.75,1550.5,1539.2296142578125,975607
2023-08-23,0.9561987562725941,1546.050048828125,1554.8499755859375,1536.0999755859375,1542.449951171875,1531.2381591796875,1405076
2023-08-24,0.14786556190145866,1550.050048828125,1554.949951171875,1528.050048828125,1542.199951171875,1530.989990234375,2111147
2023-08-28,0.07593571749748662,1528.0,1553.0,1524.0999755859375,1549.25,1537.98876953125,2132512
2023-08-29,0.8304560875791746,1554.9000244140625,1564.3499755859375,1540.0,1560.8499755859375,1549.50439453125,1325882
2023-08-30,-0.29153890943853183,1569.0,1589.0,1559.800048828125,1583.199951171875,1571.69189453125,3140040
2023-08-31,0.005973983672447503,1588.949951171875,1590.0,1567.1500244140625,1575.4000244140625,1563.94873046875,3512885
2023-09-01,0.40677041228098626,1577.0,1604.5,1575.0,1591.949951171875,1580.3782958984375,2147299
2023-09-04,0.6254174921584005,1605.9000244140625,1605.9000244140625,1564.199951171875,1576.4000244140625,1564.94140625,2200142
2023-09-05,0.7882727775722742,1577.5999755859375,1584.0999755859375,1565.25,1571.1500244140625,1559.7296142578125,1078759
2023-09-06,-0.4680160077114124,1577.0,1580.9000244140625,1558.699951171875,1577.0,1565.5369873046875,1301466
2023-09-07,-0.00923196704388829,1572.199951171875,1577.9000244140625,1560.25,1565.75,1554.3687744140625,1514369
2023-09-08,0.30828366568069515,1565.0999755859375,1578.0,1560.0,1567.550048828125,1556.15576171875,1223910
2023-09-11,0.33288063830696046,1567.6500244140625,1589.0,1564.0,1582.0999755859375,1570.5999755859375,1921950
2023-09-12,-0.20141350944365566,1582.199951171875,1589.449951171875,1513.050048828125,1557.949951171875,1546.62548828125,3770868
2023-09-13,0.014833929516801922,1564.0,1568.5999755859375,1530.0999755859375,1536.949951171875,1525.778076171875,2382637
2023-09-14,0.7349902427260531,1545.0,1575.4000244140625,1538.3499755859375,1566.0,1554.616943359375,2220196
2023-09-15,0.977205293041022,1579.6500244140625,1610.699951171875,1571.8499755859375,1601.0999755859375,1589.4617919921875,5425897
2023-09-18,-0.5004782129544765,1608.75,1670.0,1602.0999755859375,1641.449951171875,1629.5185546875,6887528
2023-09-20,0.011096725395570198,1620.0999755859375,1665.0,1620.0999755859375,1634.0,1622.1226806640625,6116670
2023-09-21,-0.42075965280777644,1637.800048828125,1656.199951171875,1575.0999755859375,1583.25,1571.7415771484375,2898266
2023-09-22,-0.4007384310077344,1580.0,1617.949951171875,1566.0999755859375,1607.1500244140625,1595.4678955078125,3827771
2023-09-25,-0.46676501735055353,1612.949951171875,1620.0,1582.3499755859375,1589.449951171875,1577.896484375,3231962
2023-09-26,-0.27867270856222603,1589.449951171875,1606.5999755859375,1582.0,1595.199951171875,1583.604736328125,1479841
2023-09-27,0.11964304733555764,1594.8499755859375,1599.5999755859375,1583.25,1589.199951171875,1577.6483154296875,1991198
2023-09-28,-0.35805608543159906,1595.949951171875,1596.9000244140625,1544.0,1556.050048828125,1544.7393798828125,2369699
2023-09-29,-0.9960963343037292,1574.0,1576.5,1550.0999755859375,1554.25,1542.952392578125,1254881
2023-10-03,-0.7602665884284457,1597.199951171875,1598.0,1533.050048828125,1537.4000244140625,1526.224853515625,3436776
2023-10-04,-0.16790410358225927,1531.800048828125,1537.9000244140625,1501.75,1522.0999755859375,1511.0360107421875,2580901
2023-10-05,-0.1855665671027964,1533.0,1550.800048828125,1513.050048828125,1537.949951171875,1526.7708740234375,1991367
2023-10-06,0.8635929748415947,1545.0,1554.0,1540.3499755859375,1548.8499755859375,1537.5916748046875,1743027
2023-10-09,-0.5298997669063586,1540.0,1541.25,1514.0,1515.199951171875,1504.1861572265625,2123175
2023-10-10,-0.223846680795153,1521.449951171875,1543.8499755859375,1519.199951171875,1537.8499755859375,1526.671630859375,1956653
2023-10-11,0.9848171484190971,1540.0,1559.1500244140625,1540.0,1556.300048828125,1544.987548828125,1536986
2023-10-12,-0.9761803895235062,1559.0,1570.050048828125,1555.5999755859375,1566.6500244140625,1555.2623291015625,1731806
2023-10-13,0.4381327337274949,1560.5,1574.4000244140625,1550.300048828125,1562.449951171875,1551.0927734375,1465554
2023-10-16,-0.7234344884054735,1562.8499755859375,1577.25,1558.5,1574.550048828125,1563.1048583984375,1089610
2023-10-17,-0.1605614795246058,1575.0,1583.9000244140625,1568.5999755859375,1576.5999755859375,1565.139892578125,997962
2023-10-18,-0.21416325704194605,1576.5999755859375,1579.449951171875,1561.75,1574.8499755859375,1563.402587890625,1212994
2023-10-19,0.3227830015142293,1553.3499755859375,1578.9000244140625,1553.3499755859375,1569.550048828125,1558.1412353515625,1239578
2023-10-20,-0.2912061735599612,1566.0,1575.0,1545.0999755859375,1558.25,1546.92333984375,1435102
2023-10-23,-0.5774416548478517,1548.25,1574.9000244140625,1546.5,1565.1500244140625,1553.773193359375,4069167
2023-10-25,-0.3830554476616354,1574.0,1576.5999755859375,1547.0,1569.0999755859375,1557.6944580078125,2510769
2023-10-26,-0.4747758751754494,1554.0,1558.199951171875,1500.0,1506.0999755859375,1495.15234375,3343802
2023-10-27,-0.19105356425861827,1508.3499755859375,1533.949951171875,1507.300048828125,1510.800048828125,1499.8182373046875,3341111
2023-10-30,-0.5815895454167427,1502.0999755859375,1515.449951171875,1463.199951171875,1497.800048828125,1486.9127197265625,2637486
2023-10-31,-0.5761535496518869,1494.199951171875,1497.300048828125,1455.550048828125,1458.5999755859375,1447.9976806640625,2555737
2023-11-01,0.060237538255751136,1464.9000244140625,1485.0,1450.0,1454.5999755859375,1444.0267333984375,2627536
2023-11-02,-0.008172114402987063,1465.0,1477.5,1452.5,1469.699951171875,1459.0169677734375,2091122
2023-11-03,0.6508791019917805,1480.0,1488.0999755859375,1460.449951171875,1469.0,1458.322021484375,2456723
2023-11-06,-0.3130779064127377,1481.800048828125,1492.199951171875,1473.550048828125,1488.300048828125,1477.4818115234375,1271868
2023-11-07,-0.0701271288562566,1488.25,1497.0,1475.0,1479.75,1468.993896484375,1940908
2023-11-08,-0.9854862121865153,1485.050048828125,1489.4000244140625,1474.0,1487.4000244140625,1476.58837890625,1342202
2023-11-09,-0.7898638611979549,1487.4000244140625,1558.699951171875,1487.4000244140625,1552.050048828125,1540.7684326171875,4831782
2023-11-10,-0.2883928427404231,1550.0,1551.0,1515.300048828125,1524.0999755859375,1513.021484375,4872228
2023-11-13,-0.357414793674252,1526.25,1543.300048828125,1513.050048828125,1540.25,1529.05419921875,1968032
2023-11-15,0.39523233628174886,1549.0,1550.800048828125,1533.550048828125,1544.1500244140625,1532.92578125,2782942
2023-11-16,0.6003681330475956,1544.199951171875,1583.949951171875,1538.5,1569.5,1558.091552734375,3224223
2023-11-17,0.05180961609585211,1575.0,1596.0,1572.6500244140625,1584.550048828125,1573.0322265625,2035309
2023-11-20,-0.40905572974172955,1589.800048828125,1589.800048828125,1540.5999755859375,1552.199951171875,1540.917236328125,2918577
2023-11-21,-0.132821021530877,1553.0,1571.4000244140625,1549.1500244140625,1559.75,1548.4124755859375,2213144
2023-11-22,-0.07733532899458494,1560.0,1564.6500244140625,1535.0,1543.449951171875,1532.2308349609375,1269475
2023-11-23,0.29682273594662545,1556.5999755859375,1560.949951171875,1535.0999755859375,1545.8499755859375,1534.6134033203125,1552635
2023-11-24,-0.5337134654445645,1549.0,1559.5,1547.5,1553.199951171875,1541.9100341796875,1239270
2023-11-28,0.2538918873372798,1553.199951171875,1572.0,1542.1500244140625,1566.050048828125,1554.6666259765625,2596766
2023-11-29,0.48172861670768313,1576.0,1623.4000244140625,1567.25,1619.0999755859375,1607.3309326171875,3581220
2023-11-30,0.12341229780577123,1615.050048828125,1660.0,1613.699951171875,1647.75,1635.772705078125,5214960
2023-12-01,0.4847955224270533,1656.0,1666.0,1621.199951171875,1625.5,1613.6844482421875,2489755
2023-12-04,-0.6005361423206826,1662.8499755859375,1675.0,1639.449951171875,1656.8499755859375,1644.806640625,3001010
2023-12-05,0.9114607722440269,1660.9000244140625,1708.0,1640.5999755859375,1686.050048828125,1673.79443359375,3423953
2023-12-06,0.37803744396660477,1688.0999755859375,1710.449951171875,1684.1500244140625,1702.4000244140625,1690.0255126953125,2279220
2023-12-07,0.003961372342018876,1703.0,1706.0,1681.6500244140625,1692.6500244140625,1680.346435546875,2461051
2023-12-08,-0.1757274103098704,1699.0,1708.1500244140625,1662.550048828125,1668.550048828125,1656.421630859375,1942667
2023-12-11,0.7949222760119786,1674.0,1674.449951171875,1647.0999755859375,1652.199951171875,1640.1903076171875,2037178
2023-12-12,0.07941427440891857,1663.0,1670.0,1626.5,1635.4000244140625,1623.5125732421875,2051527
2023-12-13,0.37026960053287133,1639.0,1670.5,1629.550048828125,1666.1500244140625,1654.0390625,2247441
2023-12-14,-0.10216783490128971,1676.0,1709.8499755859375,1671.050048828125,1703.550048828125,1691.167236328125,3326228
2023-12-15,0.11215112032368779,1727.9000244140625,1739.5999755859375,1698.0,1724.949951171875,1712.4114990234375,3858594
2023-12-18,-0.7120746148654937,1720.0,1731.8499755859375,1698.75,1710.800048828125,1698.364501953125,1739425
2023-12-19,-0.41329635221960154,1720.0,1723.8499755859375,1691.300048828125,1699.3499755859375,1686.9976806640625,1660221
2023-12-20,0.3078652468578763,1710.0,1711.949951171875,1640.5999755859375,1646.949951171875,1634.978515625,3047660
2023-12-21,-0.6105922531351098,1635.0,1653.1500244140625,1620.4000244140625,1633.8499755859375,1621.9737548828125,3211338
2023-12-22,-0.9969368824968114,1630.0,1652.0,1622.75,1634.25,1622.370849609375,2751274
2023-12-26,-0.09695964496349915,1640.9000244140625,1669.0,1634.5,1662.25,1650.1673583984375,1203594
2023-12-27,0.2951734422761212,1670.0,1691.800048828125,1660.25,1687.949951171875,1675.6805419921875,1793638
2023-12-28,0.09281098256408434,1688.949951171875,1739.949951171875,1688.4000244140625,1734.449951171875,1721.842529296875,2963938
2023-12-29,-0.5485712584874515,1730.0,1758.0,1715.0,1729.4000244140625,1716.8292236328125,2273255
2024-01-01,-0.2836719532150753,1729.4000244140625,1730.0,1699.0,1703.300048828125,1690.9190673828125,1307485
2024-01-02,-0.9915075882842453,1703.5999755859375,1705.0,1649.449951171875,1656.199951171875,1644.1612548828125,2857334
2024-01-03,0.21212326663226122,1672.0,1678.199951171875,1648.050048828125,1655.25,1643.21826171875,1927812
2024-01-04,0.30487248909452724,1666.9000244140625,1674.449951171875,1638.199951171875,1641.699951171875,1629.7667236328125,2835768
2024-01-05,0.35408074877923357,1647.949951171875,1661.5,1636.5,1642.0,1630.0645751953125,1709313
2024-01-08,-0.0016206800122745336,1648.1500244140625,1653.4000244140625,1606.0999755859375,1616.1500244140625,1604.4024658203125,1492195
2024-01-09,-0.46057891397504136,1625.0,1636.800048828125,1615.0,1629.9000244140625,1618.052490234375,2542484
2024-01-10,-0.34955023687091724,1645.0,1647.449951171875,1621.3499755859375,1632.800048828125,1620.9315185546875,1954233
2024-01-11,0.2107819648725646,1643.9000244140625,1651.25,1625.8499755859375,1628.6500244140625,1616.8116455078125,2228002
2024-01-12,-0.24085595525908643,1630.0,1633.8499755859375,1601.5,1624.449951171875,1612.64208984375,3061539
2024-01-15,0.3743632313174506,1635.0,1640.9000244140625,1616.0999755859375,1635.550048828125,1623.6614990234375,1405514
2024-01-16,0.6227248869794754,1638.0,1640.0,1617.550048828125,1620.3499755859375,1608.5718994140625,2236688
2024-01-17,-0.43704111091792586,1612.0,1615.0,1591.0,1597.699951171875,1586.0865478515625,2548169
2024-01-18,0.17229124616873873,1600.0,1623.300048828125,1580.6500244140625,1617.25,1605.4945068359375,2328588
2024-01-19,-0.020447728857106995,1624.949951171875,1659.0,1622.25,1655.550048828125,1643.51611328125,2836976
2024-01-23,-0.6120241741494586,1619.0,1647.5999755859375,1588.25,1595.199951171875,1583.604736328125,2772880
2024-01-24,0.3345781322364928,1595.0,1632.300048828125,1575.0,1628.0999755859375,1616.265625,2543323
2024-01-25,-0.4176956074486952,1631.5999755859375,1642.75,1603.9000244140625,1635.5,1623.61181640625,2038472
2024-01-29,-0.1375985494399044,1635.5,1645.0,1625.0,1640.0,1628.0791015625,3075670
2024-01-30,0.036485443139099516,1649.949951171875,1659.5,1614.449951171875,1620.3499755859375,1608.5718994140625,2569098
2024-01-31,-0.9773250593182942,1615.050048828125,1658.300048828125,1609.050048828125,1651.550048828125,1639.545166015625,3154787
2024-02-01,0.5216755626736105,1659.25,1702.5999755859375,1645.550048828125,1651.1500244140625,1639.1480712890625,4065784
2024-02-02,0.502207637583423,1655.0,1687.050048828125,1650.0,1660.75,1648.67822265625,3304158
2024-02-05,0.9825255572795868,1676.699951171875,1712.8499755859375,1665.0999755859375,1703.550048828125,1691.167236328125,3525423
2024-02-06,0.3738692676233768,1710.949951171875,1730.0,1706.0,1727.6500244140625,1715.092041015625,2219874
2024-02-07,0.3622543595265597,1731.449951171875,1752.0,1715.699951171875,1721.0,1708.4903564453125,1213661
2024-02-08,0.35172419655136766,1729.0,1743.9000244140625,1675.550048828125,1685.9000244140625,1673.6455078125,2550690
2024-02-09,0.4219486230603335,1686.0,1689.75,1628.0,1646.4000244140625,1634.4326171875,2033950
2024-02-12,0.495650097168982,1654.0,1675.050048828125,1640.550048828125,1660.449951171875,1648.38037109375,1197925
2024-02-14,0.17183633117529098,1631.0,1679.6500244140625,1623.9000244140625,1657.050048828125,1645.0052490234375,4368695
2024-02-15,-0.3699904231159183,1681.050048828125,1784.9000244140625,1668.0999755859375,1765.050048828125,1752.22021484375,9887134
2024-02-16,-0.2441522001883843,1788.0,1864.6500244140625,1776.8499755859375,1835.550048828125,1822.207763671875,7188957
2024-02-19,0.22708826823832673,1836.050048828125,1856.449951171875,1820.0,1848.550048828125,1835.11328125,2682236
2024-02-20,0.02876625870495835,1837.4000244140625,1860.0,1820.5,1853.6500244140625,1840.1761474609373,1830562
2024-02-21,0.12599075865000486,1849.9000244140625,1889.699951171875,1846.699951171875,1859.6500244140625,1846.132568359375,4466234
2024-02-22,-0.002621763250014434,1870.949951171875,1917.0,1853.0,1910.3499755859373,1896.4639892578125,3360123
2024-02-23,0.9325487173628062,1926.3499755859373,1947.8499755859373,1901.0999755859373,1929.949951171875,1915.92138671875,3323441
2024-02-26,0.15779840550385416,1935.0,1951.0,1925.199951171875,1929.800048828125,1915.7725830078125,2436063
2024-02-27,0.3757676584646106,1926.0,1956.949951171875,1915.050048828125,1950.5999755859373,1936.42138671875,2821465
2024-02-28,-0.2748978482623998,1951.949951171875,1953.1500244140625,1897.050048828125,1901.6500244140625,1887.8272705078125,2010429
2024-02-29,-0.2551593996079949,1902.8499755859373,1950.9000244140625,1892.550048828125,1932.4000244140625,1918.353759765625,5539065
2024-03-01,0.6531702603307268,1933.5999755859373,1982.300048828125,1930.5,1972.949951171875,1958.60888671875,3384932
2024-03-04,0.717593709132052,1967.0,1974.949951171875,1919.050048828125,1921.050048828125,1907.086181640625,1645331
2024-03-05,-0.2978881577016889,1925.0,1968.0,1923.050048828125,1939.25,1925.1539306640625,2208384
2024-03-06,-0.2997570229830065,1945.0,1979.9000244140625,1922.0,1970.6500244140625,1956.32568359375,1673183
2024-03-07,0.07022106190755342,1930.1500244140625,1932.1500244140625,1884.300048828125,1897.550048828125,1883.757080078125,18323831
2024-03-11,-0.17342009934363886,1913.0,1913.699951171875,1873.300048828125,1894.3499755859373,1880.5802001953125,3250782
2024-03-12,0.06857670919006606,1892.0,1898.3499755859373,1876.6500244140625,1895.1500244140625,1881.37451171875,3186510
2024-03-13,0.03009583933938605,1896.0,1901.4000244140625,1844.25,1853.699951171875,1840.2257080078125,4270994
2024-03-14,-0.5948375503066927,1853.699951171875,1895.5999755859373,1844.5999755859373,1890.550048828125,1876.8079833984373,2388133
2024-03-15,-0.3917702939856099,1875.0,1882.0999755859373,1788.800048828125,1799.5,1786.419677734375,5504948
2024-03-18,-0.28327220092760397,1807.949951171875,1867.4000244140625,1801.050048828125,1856.050048828125,1842.5587158203125,3404076
2024-03-19,0.04514561069663614,1856.050048828125,1865.0,1826.800048828125,1843.9000244140625,1830.4969482421875,2189225
2024-03-20,0.31019114826631267,1851.949951171875,1859.050048828125,1820.550048828125,1844.4000244140625,1830.993408203125,1550415
2024-03-21,0.10650743879377841,1859.949951171875,1875.0,1845.0,1865.8499755859373,1852.287353515625,2072960
2024-03-22,0.9085046883672476,1865.8499755859373,1905.449951171875,1847.25,1878.800048828125,1865.143310546875,3786990
2024-03-26,-0.20411954897572288,1878.199951171875,1917.5,1861.0999755859373,1863.949951171875,1850.4012451171875,4092744
2024-03-27,0.25142599316313863,1869.9000244140625,1899.9000244140625,1855.300048828125,1881.1500244140625,1867.4761962890625,4196597
2024-03-28,0.4492869064939441,1881.1500244140625,1962.949951171875,1870.3499755859373,1921.3499755859373,1907.384033203125,3790854
2024-04-01,0.2664222139929835,1938.0,1963.8499755859373,1891.800048828125,1915.949951171875,1902.023193359375,2765845
2024-04-02,-0.8807558435946703,1915.949951171875,1977.5,1901.449951171875,1971.949951171875,1957.6162109375,3431715
2024-04-03,-0.3651243171674044,1967.0,2003.300048828125,1956.199951171875,1989.300048828125,1974.840087890625,3615370
2024-04-04,0.16743446242097498,1999.0,2015.0,1963.199951171875,2002.699951171875,1988.142578125,3007920
2024-04-05,0.7016848331716444,1995.3499755859373,2027.449951171875,1992.25,2013.300048828125,1998.6656494140625,2767027
2024-04-08,0.54576602840421,2018.0,2087.0,2016.9000244140625,2078.10009765625,2062.99462890625,2781568
2024-04-09,0.9435045551508665,2095.0,2098.64990234375,2070.10009765625,2090.89990234375,2075.701416015625,2853137
2024-04-10,0.9077414706465788,2098.449951171875,2108.60009765625,2070.0,2076.199951171875,2061.1083984375,2280814
2024-04-12,-0.4044476537965238,2084.0,2087.5,2051.64990234375,2070.949951171875,2055.896484375,4008660
2024-04-15,0.3305635987573104,2055.25,2083.89990234375,2035.0,2053.449951171875,2038.523681640625,2024919
2024-04-16,0.19279334796592593,2047.050048828125,2073.75,2027.75,2031.300048828125,2016.5347900390625,1981730
2024-04-18,0.3670278165425936,2031.300048828125,2087.0,2016.5,2024.949951171875,2010.23095703125,3539862
2024-04-19,0.5192957596882479,2034.0,2087.0,1998.199951171875,2082.89990234375,2067.759521484375,3253248
2024-04-22,0.006907759729074314,2124.550048828125,2133.0,2065.0,2090.64990234375,2075.453369140625,2449171
2024-04-23,-0.22882592781388666,2096.0,2114.0,2056.85009765625,2062.60009765625,2047.607421875,2886136
2024-04-24,-0.9493660083971918,2055.0,2090.85009765625,2052.949951171875,2058.449951171875,2043.4874267578125,1929834
2024-04-25,-0.2663583056200878,2060.0,2113.949951171875,2041.9000244140625,2096.85009765625,2081.6083984375,3084498
2024-04-26,0.04293008302192902,2099.550048828125,2103.0,2038.800048828125,2044.9000244140625,2030.0360107421875,2952484
2024-04-29,-0.26356879783270415,2045.5,2068.35009765625,2001.0,2062.050048828125,2047.061279296875,2724604
2024-04-30,-0.09300941408501887,2073.050048828125,2169.0,2073.050048828125,2156.35009765625,2140.676025390625,5745143
2024-05-02,-0.024108376431589324,2165.10009765625,2204.0,2165.10009765625,2185.14990234375,2169.266357421875,3347541
2024-05-03,-0.3188429330309321,2210.0,2210.0,2172.35009765625,2193.0,2177.059326171875,3859227
2024-05-06,0.27316568271877867,2200.449951171875,2240.0,2190.0,2224.949951171875,2208.777099609375,2111447
2024-05-07,0.11454506929536971,2236.0,2236.89990234375,2164.85009765625,2191.5,2175.5703125,1727823
2024-05-08,-0.0647620918850104,2191.699951171875,2195.0,2160.0,2182.39990234375,2166.536376953125,1993202
2024-05-09,0.02844847852975363,2185.550048828125,2256.75,2185.0,2212.550048828125,2196.46728515625,3998822
2024-05-10,0.4058181269967463,2211.85009765625,2231.64990234375,2183.0,2193.050048828125,2177.109130859375,3045912
2024-05-13,0.19343406976258848,2208.0,2208.050048828125,2160.0,2184.25,2168.373046875,2575573
2024-05-14,-0.021006088914873544,2175.0,2280.35009765625,2175.0,2269.89990234375,2253.400390625,3830189
2024-05-15,0.5204815054118322,2281.300048828125,2317.14990234375,2256.0,2302.300048828125,2285.56494140625,2569084
2024-05-16,0.20472518439964915,2319.449951171875,2393.89990234375,2286.199951171875,2371.75,2354.510009765625,7444517
2024-05-17,0.25437252542738303,2425.35009765625,2557.949951171875,2425.35009765625,2514.60009765625,2496.32177734375,9796445
2024-05-21,0.7896182618314924,2503.0,2536.949951171875,2467.0,2522.64990234375,2504.313232421875,3747292
2024-05-22,0.02043664361408446,2521.699951171875,2535.0,2490.0,2521.050048828125,2502.724853515625,2974921
2024-05-23,0.540146249992011,2520.0,2617.39990234375,2500.25,2609.199951171875,2590.234130859375,4715263
2024-05-24,0.1218385891083421,2589.800048828125,2605.0,2572.39990234375,2579.75,2560.998291015625,2919241
2024-05-27,0.19462346637737937,2581.14990234375,2589.75,2541.0,2549.10009765625,2530.571044921875,3328559
2024-05-28,0.269874320721202,2550.0,2581.949951171875,2548.0,2552.800048828125,2534.244140625,1549203
2024-05-29,0.36558823025916354,2510.25,2547.0,2500.60009765625,2533.64990234375,2515.233154296875,2720451
2024-05-30,-0.005316185299307108,2518.0,2531.449951171875,2478.0,2493.5,2475.375244140625,3367101
2024-05-31,0.6956837918675903,2517.75,2569.199951171875,2495.14990234375,2506.25,2488.032470703125,8769724
2024-06-03,-0.02418328309431672,2575.050048828125,2654.35009765625,2570.39990234375,2634.0,2614.853759765625,2701157
2024-06-05,0.40821301986579783,2572.89990234375,2753.699951171875,2571.800048828125,2740.949951171875,2721.0263671875,4242881
2024-06-06,0.08269015146005484,2745.0,2761.89990234375,2670.89990234375,2699.85009765625,2680.225341796875,4992660
2024-06-07,0.3097113690964761,2668.35009765625,2867.60009765625,2668.35009765625,2857.449951171875,2836.6796875,6447821
2024-06-10,0.12686123334424337,2861.0,2886.0,2800.0,2807.550048828125,2787.142333984375,2021106
2024-06-11,0.1654280058981385,2821.0,2855.0,2813.39990234375,2835.550048828125,2814.93896484375,2298974
2024-06-12,0.8393431673127149,2835.550048828125,2848.60009765625,2782.050048828125,2787.550048828125,2767.287841796875,2580846
2024-06-13,0.5868645975366235,2850.0,2879.10009765625,2788.64990234375,2861.699951171875,2840.898681640625,2492637
2024-06-14,0.4553625388167954,2875.0,2946.0,2865.0,2928.60009765625,2907.3125,3515019
2024-06-18,0.072890880042299,2965.0,3013.5,2956.64990234375,2961.89990234375,2940.370361328125,4887512
2024-06-19,-0.21991413166203225,2975.0,2977.0,2926.449951171875,2933.85009765625,2912.5244140625,3512298
2024-06-20,0.22721454735292354,2945.050048828125,2954.75,2857.300048828125,2871.199951171875,2850.32958984375,4024418
2024-06-21,-0.16170885281171649,2884.75,2920.89990234375,2825.050048828125,2839.949951171875,2819.306884765625,8400461
2024-06-24,-0.9106967125553638,2836.5,2923.949951171875,2813.050048828125,2915.800048828125,2894.60546875,2699784
2024-06-25,-0.7185884630307555,2921.199951171875,2947.0,2891.050048828125,2909.39990234375,2888.251953125,1910886
2024-06-26,-0.41883362388970063,2907.050048828125,2912.949951171875,2844.60009765625,2851.5,2830.77294921875,3282318
2024-06-27,0.5865150283449717,2842.0,2905.0,2793.050048828125,2888.949951171875,2867.95068359375,6900180
2024-06-28,0.5738307542068308,2855.0,2896.0,2855.0,2866.64990234375,2845.812744140625,2548169
2024-07-01,0.8791395066849267,2841.0,2894.050048828125,2838.25,2875.85009765625,2854.946044921875,1718501
2024-07-02,-0.3637609490018804,2890.199951171875,2891.0,2850.0,2865.14990234375,2844.323486328125,1507890
2024-07-03,0.09178231494734064,2871.0,2895.0,2865.10009765625,2877.949951171875,2857.030517578125,1019710
2024-07-04,0.9487394119380042,2890.0,2922.0,2885.050048828125,2902.800048828125,2881.699951171875,1502213
2024-07-05,0.3456436482083518,2886.0,2886.0,2840.0,2880.60009765625,2880.60009765625,1966103
2024-07-08,0.4234392895180333,2880.60009765625,2918.60009765625,2847.5,2851.35009765625,2851.35009765625,1631998
2024-07-09,0.4958245573507156,2855.35009765625,2940.0,2837.25,2925.5,2925.5,2902129
2024-07-10,-0.6101098064106433,2930.0,2930.0,2697.89990234375,2732.0,2732.0,14481615
2024-07-11,-0.05442591014850352,2757.949951171875,2757.949951171875,2691.0,2698.050048828125,2698.050048828125,4314565
2024-07-12,-0.8094454454258084,2689.64990234375,2722.300048828125,2687.14990234375,2703.949951171875,2703.949951171875,3398732
2024-07-15,0.44607394750669804,2722.85009765625,2739.0,2708.10009765625,2731.050048828125,2731.050048828125,2017720
2024-07-16,0.4867639506434595,2754.949951171875,2766.85009765625,2740.0,2756.75,2756.75,1925983
2024-07-18,0.3232768021116499,2756.0,2825.949951171875,2736.5,2819.449951171875,2819.449951171875,4122844
2024-07-19,-0.17024016803562908,2819.949951171875,2819.949951171875,2743.0,2749.300048828125,2749.300048828125,2042568
2024-07-22,-0.02655188225132103,2751.050048828125,2819.0,2725.0,2804.75,2804.75,2208103
2024-07-23,-0.2590307115809992,2824.0,2854.5,2743.39990234375,2821.35009765625,2821.35009765625,2572524
2024-07-24,0.46321213310584425,2823.0,2830.39990234375,2763.64990234375,2805.5,2805.5,2276082
2024-07-25,0.30756415211891924,2799.800048828125,2827.0,2781.800048828125,2811.39990234375,2811.39990234375,1857122
2024-07-26,-0.4625788491975982,2821.60009765625,2897.39990234375,2790.0,2887.800048828125,2887.800048828125,2352661
2024-07-29,0.480048116313507,2900.0,2945.0,2875.5,2933.0,2933.0,2388937
2024-07-30,0.2220561608846765,2945.0,2950.0,2904.60009765625,2922.10009765625,2922.10009765625,2290006
2024-07-31,0.27930990307504544,2937.0,2979.60009765625,2872.949951171875,2907.800048828125,2907.800048828125,4238740
2024-08-01,-0.06571829607710242,2926.5,2926.5,2820.10009765625,2828.39990234375,2828.39990234375,4971708
2024-08-02,-0.4186970695683902,2810.300048828125,2810.300048828125,2733.85009765625,2749.64990234375,2749.64990234375,3041513
2024-08-05,0.2129034596728161,2679.64990234375,2729.199951171875,2635.800048828125,2678.949951171875,2678.949951171875,3731770
2024-08-06,0.14364927879069,2688.300048828125,2748.75,2625.699951171875,2632.949951171875,2632.949951171875,3069277
2024-08-07,0.013958390108503712,2697.5,2704.75,2661.0,2680.85009765625,2680.85009765625,2479171
2024-08-08,0.8504047403888156,2660.5,2716.5,2656.5,2682.949951171875,2682.949951171875,2673182
2024-08-09,0.08984254342503846,2734.0,2765.0,2705.0,2749.14990234375,2749.14990234375,2279076
2024-08-12,-0.2532790472730994,2749.14990234375,2757.0,2708.699951171875,2717.64990234375,2717.64990234375,2321474
2024-08-13,0.47768582138814963,2718.10009765625,2738.64990234375,2704.10009765625,2718.050048828125,2718.050048828125,1292521
2024-08-14,0.06837693459561302,2728.800048828125,2771.949951171875,2715.300048828125,2745.25,2745.25,2609359
2024-08-16,0.567460744980384,2789.0,2845.050048828125,2776.14990234375,2840.449951171875,2840.449951171875,4376092
2024-08-19,0.8063626177608967,2859.89990234375,2859.89990234375,2760.0,2765.14990234375,2765.14990234375,2500718
2024-08-20,0.995322676608339,2779.75,2783.199951171875,2748.5,2771.300048828125,2771.300048828125,1762399
2024-08-21,-0.26592774510416867,2774.0,2780.949951171875,2755.0,2769.39990234375,2769.39990234375,1497501
2024-08-22,0.17605481281498214,2771.10009765625,2775.75,2724.050048828125,2732.949951171875,2732.949951171875,2346622
2024-08-23,0.04278128713485785,2732.949951171875,2769.0,2725.300048828125,2759.0,2759.0,1943539
2024-08-26,0.10048992057064814,2764.949951171875,2799.0,2753.10009765625,2793.10009765625,2793.10009765625,2765969
2024-08-27,-0.2665511143859476,2797.949951171875,2800.0,2773.949951171875,2780.800048828125,2780.800048828125,1604159
2024-08-28,-0.10817377011990174,2781.89990234375,2827.0,2780.800048828125,2798.0,2798.0,1851275
2024-08-29,0.39441582401715486,2789.35009765625,2801.64990234375,2741.64990234375,2757.60009765625,2757.60009765625,2237121
2024-08-30,0.011319188232947554,2780.0,2821.550048828125,2765.0,2805.39990234375,2805.39990234375,4895220
2024-09-02,0.9138154211354309,2848.800048828125,2848.800048828125,2756.5,2777.0,2777.0,2270687
2024-09-03,-0.3628283428843133,2780.0,2798.10009765625,2772.60009765625,2784.85009765625,2784.85009765625,1592710
2024-09-04,0.24529058810003335,2761.0,2779.89990234375,2731.10009765625,2749.60009765625,2749.60009765625,1697000
2024-09-05,-0.31463794212807744,2756.199951171875,2760.0,2711.89990234375,2723.10009765625,2723.10009765625,2360312
2024-09-06,0.312633661320433,2723.0,2738.89990234375,2680.10009765625,2698.10009765625,2698.10009765625,2835519
2024-09-09,0.8246867744252085,2688.14990234375,2714.300048828125,2660.050048828125,2708.85009765625,2708.85009765625,1269082
2024-09-10,-0.10024450884176124,2691.25,2715.0,2677.0,2690.0,2690.0,2034126
2024-09-11,-0.11064732003433164,2681.5,2708.0,2644.10009765625,2654.25,2654.25,2034245
2024-09-12,-0.30815073686729494,2665.0,2751.60009765625,2635.60009765625,2740.89990234375,2740.89990234375,3730285
2024-09-13,-0.6665614471858134,2755.0,2758.550048828125,2711.75,2739.10009765625,2739.10009765625,2102332
2024-09-16,0.30960659771226345,2740.199951171875,2784.300048828125,2732.050048828125,2757.39990234375,2757.39990234375,1234752
2024-09-17,-0.31905323152507964,2765.0,2793.5,2745.300048828125,2787.64990234375,2787.64990234375,1387175
2024-09-18,0.42189400308707264,2781.5,2848.0,2777.64990234375,2808.199951171875,2808.199951171875,2526756
2024-09-19,0.991609382268507,2812.0,2852.0,2792.199951171875,2797.5,2797.5,2807727
2024-09-20,0.17346294834435236,2798.699951171875,2960.0,2798.5,2950.85009765625,2950.85009765625,12492909
2024-09-23,0.8349472341845589,2962.75,3056.89990234375,2956.14990234375,3049.800048828125,3049.800048828125,3925490
2024-09-24,0.039102580024821997,3020.0,3098.550048828125,3020.0,3074.300048828125,3074.300048828125,3697722
2024-09-25,-0.09365411389444489,3045.0,3149.0,3034.550048828125,3091.050048828125,3091.050048828125,4218815
2024-09-26,0.1383772451728065,3072.0,3197.199951171875,3045.64990234375,3181.10009765625,3181.10009765625,4753617
2024-09-27,-0.01558052325466027,3171.0,3222.10009765625,3152.550048828125,3183.64990234375,3183.64990234375,6803795
2024-09-30,0.8668551489710807,3163.14990234375,3179.0,3087.0,3094.89990234375,3094.89990234375,3554400
2024-10-01,0.11176665148296808,3105.5,3185.449951171875,3095.800048828125,3165.5,3165.5,4028211
2024-10-03,0.22952734029386193,3085.0,3171.0,3072.449951171875,3129.85009765625,3129.85009765625,3237011
2024-10-04,0.18511072430410422,3127.050048828125,3157.60009765625,3009.5,3017.449951171875,3017.449951171875,4281562
2024-10-07,0.36449593654833734,3028.0,3066.949951171875,2982.89990234375,3060.199951171875,3060.199951171875,2732276
2024-10-08,0.44416575046489015,3074.0,3176.89990234375,3066.0,3165.85009765625,3165.85009765625,6060165
2024-10-09,0.08032841752615891,3164.800048828125,3204.300048828125,3145.0,3153.0,3153.0,2432656
2024-10-10,0.6198732771743034,3156.0,3220.300048828125,3155.0,3194.300048828125,3194.300048828125,2507231
2024-10-11,0.03845286415058321,3200.0,3210.5,3121.0,3134.35009765625,3134.35009765625,1652856
2024-10-14,0.5386957749025896,3151.0,3174.0,3115.0,3154.89990234375,3154.89990234375,2425178
2024-10-15,0.08693214787247901,3177.0,3192.949951171875,3086.550048828125,3155.800048828125,3155.800048828125,2245701
2024-10-16,-0.18005418553948402,3138.0,3147.89990234375,3052.14990234375,3068.0,3068.0,1972106
2024-10-17,-0.21496572752836912,3055.0,3065.300048828125,2952.199951171875,2964.60009765625,2964.60009765625,3622197
2024-10-18,0.15507144418370444,2945.35009765625,2988.85009765625,2914.699951171875,2964.25,2964.25,3407751
