date,Hyundai_avg_sentiment,Open,High,Low,Close,Adj Close,Volume
2021-08-02,-0.8960508070886135,218000.0,220500.0,217000.0,220000.0,193353.640625,676544
2021-08-03,0.30761183382710444,219000.0,223500.0,218000.0,223500.0,196429.703125,775231
2021-08-04,0.7513517942279577,224000.0,225000.0,222500.0,225000.0,197748.046875,542319
2021-08-06,-0.002178855938836932,224500.0,225000.0,222500.0,222500.0,195550.84375,384056
2021-08-09,0.9567052490019705,220500.0,222500.0,220000.0,221000.0,194232.53125,582236
2021-08-10,0.21746771689504385,220500.0,221000.0,218500.0,219000.0,192474.75,497715
2021-08-11,0.3672225915749247,219000.0,220500.0,218000.0,218500.0,192035.3125,490442
2021-08-12,0.16533779965247958,220000.0,224000.0,219000.0,219000.0,192474.75,862826
2021-08-13,-0.3489534923962007,221500.0,221500.0,214000.0,217000.0,190717.0,864375
2021-08-17,0.47168593263874453,216000.0,217000.0,211000.0,213000.0,187201.5,863610
2021-08-18,-0.9852675017900765,211000.0,214000.0,209000.0,212500.0,186762.03125,671920
2021-08-19,0.9692211571149528,212500.0,212500.0,205000.0,206500.0,181488.78125,1180734
2021-08-20,0.3171541530561323,207000.0,208000.0,200000.0,201500.0,177094.375,1310974
2021-08-23,0.323632968046392,203000.0,206000.0,201500.0,204000.0,179291.5625,848219
2021-08-24,0.03362307949767759,206000.0,211000.0,206000.0,209500.0,184125.375,745430
2021-08-25,0.34561083903342177,210000.0,212500.0,207500.0,209500.0,184125.375,477019
2021-08-27,0.9974440349033102,209000.0,209500.0,205000.0,208500.0,183246.515625,502218
2021-08-30,-0.004408756271004677,211000.0,212500.0,210000.0,210000.0,184564.828125,409963
2021-08-31,-0.010552856954745948,210000.0,212500.0,208000.0,212500.0,186762.03125,777103
2021-09-01,0.5113905783260374,214000.0,218500.0,213500.0,215000.0,188959.25,855937
2021-09-02,0.09619013855366834,214000.0,215000.0,210000.0,211500.0,185883.15625,656283
2021-09-03,-0.917524476768449,213000.0,215500.0,212000.0,214500.0,188519.8125,739961
2021-09-06,0.6689657322713174,214500.0,216000.0,213500.0,215000.0,188959.25,389587
2021-09-07,-0.08892127452418208,214500.0,214500.0,211500.0,212500.0,186762.03125,434105
2021-09-08,0.9310649931430817,210500.0,214500.0,210000.0,213000.0,187201.5,593084
2021-09-09,0.7204871225403622,212500.0,212500.0,208000.0,208500.0,183246.515625,780270
2021-09-10,-0.0033123516477644444,208500.0,209500.0,204000.0,206500.0,181488.78125,678308
2021-09-13,0.46568729107578594,206500.0,206500.0,204000.0,205000.0,180170.421875,590609
2021-09-14,-0.10099858495717247,206500.0,211500.0,206000.0,209000.0,183685.953125,721080
2021-09-15,0.8043811280901233,208000.0,211500.0,208000.0,209500.0,184125.375,472855
2021-09-16,-0.1872598681851135,210000.0,211000.0,206500.0,208000.0,182807.09375,416275
2021-09-17,-0.28827272541821003,208000.0,210000.0,207000.0,209000.0,183685.953125,698398
2021-09-23,-0.026629405561834574,205000.0,209000.0,204500.0,208500.0,183246.515625,525020
2021-09-24,-0.30563914868980646,209500.0,210500.0,206000.0,207000.0,181928.203125,413926
2021-09-27,0.9013982675969601,205000.0,206000.0,203500.0,204000.0,179291.5625,584898
2021-09-28,-0.32795286178588867,204000.0,204000.0,200500.0,201500.0,177094.375,719631
2021-09-29,-0.013742351904511452,197500.0,202000.0,197500.0,201500.0,177094.375,934463
2021-09-30,0.0023427304258802906,200000.0,201000.0,199000.0,200000.0,175776.046875,594666
2021-10-01,-0.9789360454306006,198000.0,199000.0,192000.0,193500.0,170063.328125,1182422
2021-10-05,0.991589548997581,191000.0,195000.0,189000.0,193500.0,170063.328125,1056472
2021-10-06,0.9778520668623969,195000.0,197500.0,192500.0,194000.0,170502.75,913916
2021-10-07,0.1080751210451126,194500.0,203000.0,194500.0,201000.0,176654.9375,1066226
2021-10-08,0.4479463101830333,203500.0,206500.0,202500.0,205000.0,180170.421875,993219
2021-10-12,0.9668235592544079,205000.0,206500.0,202000.0,204500.0,179731.0,820163
2021-10-13,-0.9958810296375304,206500.0,211500.0,206500.0,211000.0,185443.734375,1169924
2021-10-14,0.007765933871269226,211500.0,212000.0,208000.0,209000.0,183685.953125,863110
2021-10-15,0.12882421747781336,210500.0,211500.0,208000.0,208500.0,183246.515625,530328
2021-10-18,0.16226100553758444,208000.0,210500.0,205000.0,209500.0,184125.375,607227
2021-10-19,0.9800877487286925,210500.0,212000.0,208000.0,209000.0,183685.953125,428739
2021-10-20,0.9821817949414253,210000.0,211000.0,208000.0,209000.0,183685.953125,472664
2021-10-21,0.9776111381943338,209500.0,211000.0,206000.0,207500.0,182367.625,775441
2021-10-22,0.9073640133719891,207000.0,209500.0,206000.0,207500.0,182367.625,362676
2021-10-25,0.4829703365851726,207500.0,212000.0,206000.0,211000.0,185443.734375,649860
2021-10-26,-0.9909355933777988,213000.0,214500.0,209000.0,213500.0,187640.90625,782736
2021-10-27,0.4020504412862162,214500.0,215000.0,212500.0,213500.0,187640.90625,606729
2021-10-28,-0.19730826162932708,213000.0,214000.0,209500.0,210000.0,184564.828125,633732
2021-10-29,0.32258788325513404,211500.0,212500.0,206500.0,208000.0,182807.09375,667275
2021-11-02,0.8342349630547687,208000.0,211500.0,207500.0,210000.0,184564.828125,417645
2021-11-03,0.8227349619070689,211000.0,212000.0,207000.0,208500.0,183246.515625,476081
2021-11-04,-0.023403282277286053,211000.0,216000.0,210000.0,214000.0,188080.359375,1122870
2021-11-08,0.011118907947093248,214500.0,216500.0,212500.0,215000.0,188959.25,532328
2021-11-09,0.03944329203659436,216000.0,217000.0,212000.0,213000.0,187201.5,620316
2021-11-10,0.005496017809491605,211000.0,211500.0,206500.0,208500.0,183246.515625,680033
2021-11-11,-0.35655936505645514,205500.0,206500.0,203500.0,205000.0,180170.421875,710080
2021-11-12,0.8332113646756625,205000.0,209500.0,205000.0,208000.0,182807.09375,415172
2021-11-16,0.9385269805788994,208000.0,208000.0,205000.0,206500.0,181488.78125,515194
2021-11-17,0.9360608748781184,206500.0,209000.0,203000.0,207000.0,181928.203125,715192
2021-11-19,0.9873500945977867,211500.0,212500.0,208000.0,209500.0,184125.375,829314
2021-11-22,0.7068173768930137,209500.0,220000.0,207500.0,218500.0,192035.3125,1620439
2021-11-23,0.820408830375527,219000.0,219500.0,213500.0,215000.0,188959.25,818782
2021-11-24,0.9986241041915491,215500.0,216000.0,211000.0,212000.0,186322.59375,652274
2021-11-25,0.4147253601811826,212500.0,212500.0,210000.0,210000.0,184564.828125,414037
2021-11-26,0.02368962042964995,209500.0,210000.0,204000.0,205500.0,180609.875,901184
2021-11-29,0.8462567266542464,199500.0,203500.0,199500.0,200500.0,176215.484375,901640
2021-11-30,0.5672037317563081,202000.0,203500.0,194500.0,195500.0,171821.078125,1313581
2021-12-01,-0.5004583833433571,198500.0,202000.0,196500.0,201000.0,176654.9375,741594
2021-12-02,0.30936963491452235,198500.0,206000.0,198000.0,205500.0,180609.875,782923
2021-12-03,0.9939091083360836,205500.0,208000.0,204500.0,206000.0,181049.328125,514358
2021-12-06,0.3448751772909115,204500.0,208000.0,202500.0,206500.0,181488.78125,503652
2021-12-07,0.4888095805363264,206000.0,208000.0,204000.0,207500.0,182367.625,501624
2021-12-08,0.5911500197064871,210000.0,211000.0,207000.0,207500.0,182367.625,502904
2021-12-09,0.40685843308456243,207000.0,210000.0,206500.0,207000.0,181928.203125,775215
2021-12-10,0.6904431461090488,207000.0,209500.0,205500.0,207500.0,182367.625,443350
2021-12-13,0.27027633173080784,210000.0,214000.0,209000.0,209000.0,183685.953125,877690
2021-12-14,-0.0035838299081660807,208000.0,212000.0,207500.0,211000.0,185443.734375,499536
2021-12-15,-0.08337012080301065,210500.0,211500.0,208500.0,209000.0,183685.953125,436219
2021-12-16,0.8843503360258183,211500.0,212000.0,208000.0,209500.0,184125.375,457620
2021-12-17,0.3889728552196175,208500.0,211500.0,208000.0,209500.0,184125.375,623863
2021-12-20,0.2601664122194052,209000.0,209500.0,204500.0,205000.0,180170.421875,542620
2021-12-21,0.4798092337732669,206000.0,207500.0,204000.0,205000.0,180170.421875,548609
2021-12-22,0.19858773286978249,207000.0,209500.0,205500.0,206500.0,181488.78125,480545
2021-12-23,0.45638407460501185,208000.0,209000.0,207000.0,209000.0,183685.953125,372738
2021-12-28,0.20018267817795277,215000.0,215000.0,211500.0,214000.0,188080.359375,880326
2021-12-30,-0.4897983583699291,211500.0,212000.0,208500.0,209000.0,187184.734375,581448
2022-01-04,0.5771120876112642,212500.0,212500.0,208500.0,210000.0,188080.359375,499857
2022-01-05,0.3568602618955386,214000.0,217500.0,212000.0,213500.0,191215.046875,1175411
2022-01-06,0.9939610336441547,210000.0,216500.0,210000.0,214000.0,191662.828125,866582
2022-01-07,0.00796160068421159,214500.0,216500.0,213500.0,215000.0,192558.453125,577852
2022-01-10,0.16477321390993893,214000.0,215000.0,209000.0,209500.0,187632.546875,744261
2022-01-11,0.997409165443969,209500.0,211500.0,209000.0,210500.0,188528.171875,482235
2022-01-12,0.7805120199918747,211500.0,213000.0,210500.0,211500.0,189423.796875,470451
2022-01-13,-0.2587151379751352,211500.0,213000.0,210000.0,210000.0,188080.359375,499094
2022-01-17,0.8908493769355118,208500.0,209000.0,202500.0,205000.0,183602.25,724213
2022-01-18,0.5003280573291704,206000.0,206000.0,201500.0,202500.0,181363.21875,580959
2022-01-19,0.9463736582547426,200500.0,203500.0,200000.0,200500.0,179571.96875,525014
2022-01-20,0.0886253442489154,200500.0,202500.0,199500.0,202000.0,180915.390625,451581
2022-01-21,-0.9828342460095882,199500.0,201000.0,198500.0,200000.0,179124.140625,513891
2022-01-24,-0.6815319846694669,197500.0,200000.0,195000.0,197000.0,176437.296875,659010
2022-01-25,0.4014453764539212,196500.0,197000.0,190000.0,194500.0,174198.21875,1174185
2022-01-26,0.12765936204232275,194500.0,194500.0,194500.0,194500.0,174198.21875,0
2022-01-27,0.24505827475513797,190000.0,191500.0,185500.0,186500.0,167033.28125,1072651
2022-01-28,-0.002227433908653135,186500.0,186500.0,186500.0,186500.0,167033.28125,0
2022-02-03,0.8277751360243807,193000.0,195500.0,191500.0,191500.0,171511.390625,837241
2022-02-04,0.9892073995433748,190500.0,192000.0,188000.0,190000.0,170167.953125,837609
2022-02-07,-0.9898229488171637,189500.0,190000.0,184500.0,186500.0,167033.28125,829365
2022-02-08,-0.052772730588912964,186500.0,186500.0,186500.0,186500.0,167033.28125,0
2022-02-14,-0.15737988464534283,179500.0,181000.0,176000.0,176500.0,158077.0625,1380176
2022-02-15,0.010016275744419545,177000.0,183000.0,176500.0,180500.0,161659.5625,961742
2022-02-16,0.7544132045780619,184500.0,185500.0,181000.0,182000.0,163003.0,561867
2022-02-18,0.9992885710380506,181000.0,184000.0,180500.0,183500.0,164346.421875,426090
2022-02-21,0.995901404414326,183500.0,183500.0,183500.0,183500.0,164346.421875,0
2022-02-22,-0.47980682137131225,183500.0,183500.0,183500.0,183500.0,164346.421875,0
2022-02-23,0.5809865151619306,183500.0,183500.0,183500.0,183500.0,164346.421875,0
2022-02-24,-0.1320338031364372,178500.0,179000.0,171000.0,173000.0,154942.40625,1722526
2022-02-25,0.020337221532827243,175000.0,175500.0,171500.0,174000.0,155838.0,949885
2022-02-28,0.9490493332656721,174000.0,174000.0,174000.0,174000.0,155838.0,0
2022-03-02,0.9134428579127416,171500.0,172500.0,169500.0,170500.0,152703.328125,1384049
2022-03-03,0.7928639374392029,173500.0,179000.0,173000.0,177500.0,158972.703125,1244300
2022-03-07,0.8517132303968538,170000.0,171000.0,165500.0,168000.0,150464.296875,1439259
2022-03-08,0.2067490253597498,164000.0,170500.0,163500.0,168000.0,150464.296875,728464
2022-03-10,0.8882614336907864,168000.0,168000.0,168000.0,168000.0,150464.296875,0
2022-03-11,0.9824660331942141,168000.0,168000.0,168000.0,168000.0,150464.296875,0
2022-03-14,-0.9897867944091558,166500.0,167500.0,163000.0,164500.0,147329.625,1112790
2022-03-15,0.8891952745616436,164500.0,164500.0,164500.0,164500.0,147329.625,0
2022-03-16,-0.9907097746618092,164500.0,164500.0,164500.0,164500.0,147329.625,0
2022-03-17,-0.006531037390232086,164500.0,164500.0,164500.0,164500.0,147329.625,0
2022-03-18,-0.0532192587852478,171500.0,171500.0,169500.0,171000.0,153151.15625,782119
2022-03-21,0.989997168071568,171000.0,171000.0,171000.0,171000.0,153151.15625,0
2022-03-22,-0.5778001755243167,169000.0,174500.0,169000.0,173500.0,155390.21875,1166430
2022-03-23,0.9042710615321994,175000.0,177500.0,174000.0,176000.0,157629.28125,952954
2022-03-24,0.9425882920622826,174000.0,177000.0,173500.0,176000.0,157629.28125,709518
2022-03-25,-0.3686221328874429,176500.0,176500.0,173000.0,174000.0,155838.0,563456
2022-03-28,0.3227919137571007,172000.0,175500.0,171000.0,174500.0,156285.8125,459678
2022-03-29,0.21006388995010639,176000.0,178000.0,174000.0,176500.0,158077.0625,545335
2022-03-30,0.7233139464631677,180000.0,183000.0,179500.0,181000.0,162107.359375,1082135
2022-03-31,-0.004402223043143749,180500.0,181000.0,179000.0,180500.0,161659.5625,576522
2022-04-01,0.19145325836143456,178000.0,178500.0,177000.0,178000.0,159420.515625,470770
2022-04-04,0.8282632976770401,177000.0,179000.0,174500.0,178000.0,159420.515625,509106
2022-04-05,0.9497422234465679,178500.0,180000.0,177000.0,179000.0,160316.109375,426072
2022-04-07,0.4718730320892064,180000.0,182000.0,178500.0,178500.0,159868.3125,778374
2022-04-08,0.9922871536109596,178000.0,179000.0,175500.0,176500.0,158077.0625,458780
2022-04-12,0.5389209628143968,179000.0,180500.0,176500.0,178000.0,159420.515625,626266
2022-04-13,0.8768111198830107,179500.0,181000.0,178500.0,181000.0,162107.359375,498547
2022-04-14,0.5058974921266781,181000.0,182000.0,176500.0,177500.0,158972.703125,898024
2022-04-15,0.35123433999251574,176500.0,178000.0,175500.0,177000.0,158524.875,559522
2022-04-18,0.6574713271499301,176000.0,178500.0,175500.0,178500.0,159868.3125,275773
2022-04-20,-0.9799482142552733,181000.0,184000.0,180000.0,183000.0,163898.59375,814107
2022-04-21,0.6388997804703346,184000.0,184500.0,182500.0,183000.0,163898.59375,657116
2022-04-22,0.9984255298622884,181500.0,182500.0,179000.0,180000.0,161211.75,852781
2022-04-25,0.9797157036761442,177000.0,184500.0,176500.0,182000.0,163003.0,1504197
2022-04-26,0.9890986886166502,187000.0,191000.0,186500.0,187000.0,167481.09375,2313611
2022-04-27,0.4852354256436229,184000.0,188500.0,183000.0,187000.0,167481.09375,1152068
2022-04-28,0.9937001978978515,188000.0,189000.0,186000.0,188500.0,168824.515625,705457
2022-04-29,-0.9938188220839947,187000.0,188000.0,184000.0,186000.0,166585.453125,767005
2022-05-02,0.017286739331514884,184000.0,188000.0,184000.0,187000.0,167481.09375,496083
2022-05-03,0.4372975644291728,185500.0,186500.0,182500.0,183500.0,164346.421875,662535
2022-05-04,-0.21338241477496922,183500.0,184500.0,182000.0,184000.0,164794.234375,347996
2022-05-06,-0.21570265747141093,181500.0,183500.0,181000.0,182500.0,163450.796875,375723
2022-05-10,-0.631097286939621,180500.0,181500.0,176000.0,180500.0,161659.5625,774377
2022-05-11,-0.37796851820894517,178500.0,184500.0,178000.0,183000.0,163898.59375,724251
2022-05-12,-0.4183342941105366,181000.0,183500.0,180000.0,180500.0,161659.5625,691192
2022-05-13,0.3210340271083017,182000.0,187000.0,181500.0,186500.0,167033.28125,924029
2022-05-16,0.8950162641704082,188500.0,189500.0,183500.0,184000.0,164794.234375,548683
2022-05-18,0.9758924329653382,187000.0,187500.0,183500.0,185500.0,166137.65625,541137
2022-05-19,0.4494142532348633,181500.0,183500.0,181000.0,182000.0,163003.0,542030
2022-05-20,0.27691539444883045,183500.0,186500.0,183000.0,186500.0,167033.28125,469517
2022-05-30,-0.0844756270525977,187500.0,188000.0,185500.0,187500.0,167928.921875,368902
2022-05-31,0.014483628794550896,187000.0,189500.0,187000.0,189500.0,169720.140625,916327
2022-06-02,0.38503955186267075,189000.0,189000.0,186500.0,187500.0,167928.921875,387758
2022-06-03,0.37739218715796596,188500.0,189000.0,185000.0,187000.0,167481.09375,400003
2022-06-07,0.32615491045483697,186000.0,186500.0,183000.0,183500.0,164346.421875,621262
2022-06-08,0.012530090927612036,183500.0,185000.0,182000.0,183000.0,163898.59375,556940
2022-06-10,-0.8932565827853978,181500.0,185000.0,180500.0,184500.0,165242.015625,571131
2022-06-13,0.06326139159500599,180000.0,181500.0,173000.0,175000.0,156733.640625,1193167
2022-06-14,0.9573599447030574,171500.0,172500.0,169000.0,171500.0,153598.984375,1122467
2022-06-15,0.9898285772651434,173500.0,179000.0,171500.0,174000.0,155838.0,995832
2022-06-16,0.7581237424747087,177000.0,177500.0,172500.0,173000.0,154942.40625,619047
2022-06-17,0.7844291999936104,168000.0,172000.0,168000.0,170000.0,152255.546875,784685
2022-06-20,-0.2469456773251295,172500.0,173000.0,168500.0,170500.0,152703.328125,518566
2022-06-21,-0.4902963623818424,171500.0,175000.0,170000.0,172500.0,154494.578125,532008
2022-06-22,0.9051551477750763,174500.0,175000.0,171000.0,171500.0,153598.984375,633838
2022-06-23,-0.20005774754099548,171500.0,174000.0,170000.0,171000.0,153151.15625,807430
2022-06-24,0.7464407533407211,170500.0,175000.0,170500.0,173000.0,154942.40625,472975
2022-06-27,0.4108353750780225,177000.0,185000.0,176500.0,183000.0,163898.59375,1348957
2022-06-28,0.9106312993535539,183500.0,189000.0,183500.0,186000.0,166585.453125,1021549
2022-06-29,0.5046570010817959,180000.0,181000.0,172500.0,175500.0,158031.0625,2543120
2022-06-30,-0.2112767865570883,176500.0,184500.0,175500.0,180500.0,162533.390625,1651221
2022-07-01,0.9909139280207455,181500.0,185000.0,179500.0,180000.0,162083.15625,916020
2022-07-04,0.9817831325344741,181000.0,183000.0,175000.0,178000.0,160282.234375,1006440
2022-07-05,0.04747305525233969,180000.0,181000.0,173500.0,177500.0,159832.0,1097504
2022-07-06,0.20502544306218623,176000.0,177000.0,172000.0,172500.0,155329.671875,924184
2022-07-07,0.85553581888477,175000.0,177000.0,172500.0,175000.0,157580.84375,536363
2022-07-08,0.8158219861797988,177500.0,180500.0,177000.0,178000.0,160282.234375,824702
2022-07-12,0.9726274041458964,180000.0,181500.0,177000.0,179000.0,161182.6875,539027
2022-07-13,0.426596738493324,180000.0,185000.0,178500.0,183500.0,165234.78125,941277
2022-07-14,0.9300697110676472,183000.0,184500.0,180500.0,182500.0,164334.296875,780637
2022-07-15,0.8769110009161523,183000.0,184500.0,178500.0,183500.0,165234.78125,768143
2022-07-18,-0.007140965724829584,187000.0,188500.0,183500.0,185500.0,167035.6875,699961
2022-07-19,-0.04565424472093582,185000.0,189000.0,184500.0,188500.0,169737.09375,868892
2022-07-22,-0.8759229965507984,191000.0,193000.0,188000.0,191000.0,171988.234375,1378005
2022-07-28,0.9857467388501391,198000.0,198000.0,194000.0,195000.0,175590.078125,757504
2022-07-29,0.9932018062099814,196000.0,197000.0,194000.0,196000.0,176490.546875,844829
2022-08-01,0.9846119665598962,196000.0,198000.0,195000.0,196000.0,176490.546875,601112
2022-08-02,0.47409603639971465,196500.0,197000.0,193500.0,196500.0,176940.796875,721088
2022-08-03,-0.8982020897092298,197000.0,198000.0,196000.0,197000.0,177391.015625,683572
2022-08-04,0.47426813148194924,198000.0,198500.0,194500.0,196500.0,176940.796875,622111
2022-08-05,0.9337977450340986,196000.0,197500.0,193500.0,194500.0,175139.828125,919482
2022-08-09,0.9621052779257298,195500.0,196000.0,191000.0,193500.0,174239.40625,962838
2022-08-10,0.2189279002486728,193000.0,194500.0,192000.0,192500.0,173338.9375,510243
2022-08-11,0.02628547279164195,195000.0,195000.0,192500.0,193000.0,173789.15625,731121
2022-08-12,-0.6313806846737862,193500.0,197500.0,193500.0,196000.0,176490.546875,627417
2022-08-16,0.7517467650584877,198000.0,199500.0,196000.0,197500.0,177841.25,505801
2022-08-17,0.7087307721376419,195000.0,196500.0,188000.0,190000.0,171087.765625,1410422
2022-08-18,0.17133906174318067,186500.0,187500.0,184000.0,186000.0,167485.921875,1438270
2022-08-19,0.5676811164128595,187000.0,191500.0,186500.0,190000.0,171087.765625,770986
2022-08-25,0.8703255534637719,189000.0,192500.0,188500.0,192000.0,172888.703125,561737
2022-08-30,0.6754129230976105,190500.0,196000.0,190500.0,195500.0,176040.3125,891335
2022-08-31,-0.9952316146809608,195000.0,197500.0,194500.0,196000.0,176490.546875,762426
2022-09-01,0.9797828664304689,193500.0,197500.0,191000.0,195500.0,176040.3125,785337
2022-09-05,0.5240647927359012,197500.0,201000.0,197500.0,200000.0,180092.390625,886938
2022-09-06,0.19645121207577176,200500.0,201000.0,198000.0,201000.0,180992.859375,591596
2022-09-07,-0.025479265302419663,201000.0,203000.0,199000.0,202000.0,181893.3125,758254
2022-09-08,0.36441505068796687,202500.0,203000.0,198500.0,200000.0,180092.390625,860563
2022-09-13,-0.9961966100381687,200500.0,201500.0,198000.0,200500.0,180542.609375,910285
2022-09-14,0.33076553807283443,197000.0,200000.0,196000.0,198500.0,178741.71875,668955
2022-09-15,-0.22776365152094513,199000.0,201000.0,198000.0,198000.0,178291.484375,404656
2022-09-16,0.8621178655303083,199500.0,202500.0,199000.0,201000.0,180992.859375,911954
2022-09-19,0.9847483026484648,201500.0,202000.0,198000.0,201500.0,181443.09375,693456
2022-09-20,0.6582813034959448,202500.0,202500.0,198500.0,198500.0,178741.71875,692217
2022-09-21,0.0009559648169670254,197000.0,197500.0,194500.0,197000.0,177391.015625,622478
2022-09-22,-0.5862472341628745,194500.0,197000.0,192500.0,193500.0,174239.40625,540322
2022-09-23,0.6868056464008987,194000.0,195500.0,190500.0,190500.0,171538.015625,680644
2022-09-26,-0.004083305597305298,187000.0,187500.0,180500.0,182500.0,164334.296875,1609911
2022-09-28,0.9979129541898146,184000.0,184500.0,177500.0,179500.0,161632.921875,1163914
2022-10-04,0.430046733468771,179000.0,183000.0,177500.0,179500.0,161632.921875,831935
2022-10-05,0.3165086628869176,183500.0,184000.0,172000.0,177000.0,159381.78125,1144019
2022-10-06,0.1678439154755324,178500.0,179500.0,175000.0,178000.0,160282.234375,611007
2022-10-07,-0.005592633038759232,176500.0,176500.0,174000.0,175500.0,158031.0625,608384
2022-10-11,0.9762167554581538,170000.0,170500.0,166000.0,168000.0,151277.609375,1145441
2022-10-12,0.5804100737335499,166500.0,169500.0,165500.0,168000.0,151277.609375,821753
2022-10-13,0.0682265612995252,167500.0,168000.0,164500.0,164500.0,148125.984375,691537
2022-10-14,-0.7642776837310521,167000.0,168000.0,165000.0,167000.0,150377.15625,657249
2022-10-18,-0.018250738503411412,170500.0,171500.0,165000.0,168000.0,151277.609375,1286984
2022-10-19,0.4497938714183484,166000.0,172500.0,166000.0,168000.0,151277.609375,1111330
2022-10-20,-0.3180539184540976,168500.0,169500.0,166500.0,168500.0,151727.859375,692203
2022-10-21,0.10971089372677463,169000.0,169500.0,165500.0,167000.0,150377.15625,695788
2022-10-31,0.01890417921822518,166000.0,166500.0,162000.0,164500.0,148125.984375,622380
2022-11-01,-0.0016853425186127424,163500.0,165000.0,162000.0,164500.0,148125.984375,628185
2022-11-02,-0.58079565288499,164500.0,165000.0,162000.0,165000.0,148576.21875,941434
2022-11-03,0.43432739935815334,162500.0,163000.0,160500.0,162000.0,145874.828125,1008989
2022-11-04,-0.9084529262036085,162000.0,164000.0,161500.0,163000.0,146775.3125,522276
2022-11-07,-0.9629240998532623,166500.0,170000.0,165500.0,169500.0,152628.296875,1126417
2022-11-08,-0.28206299572775606,171500.0,172000.0,167500.0,170000.0,153078.546875,804889
2022-11-09,0.37781086191534996,170500.0,172000.0,167000.0,169500.0,152628.296875,953568
2022-11-10,0.9241349654272198,167000.0,173000.0,166500.0,169500.0,152628.296875,1018720
2022-11-14,0.2917495524743572,174500.0,179500.0,174000.0,176000.0,158481.296875,1379189
2022-11-16,0.7199742806144058,175000.0,175500.0,170500.0,172000.0,154879.46875,642717
2022-11-17,0.3602168293913234,171000.0,172500.0,169500.0,170000.0,153078.546875,502812
2022-11-18,0.3462913260057879,170000.0,173000.0,169500.0,169500.0,152628.296875,559141
2022-11-21,0.9133401568979025,169500.0,170000.0,166500.0,168000.0,151277.609375,517728
2022-11-22,-0.9657309222966433,167500.0,168000.0,165000.0,165500.0,149026.453125,454542
2022-11-23,0.4347886433824897,166500.0,167500.0,164000.0,166000.0,149476.671875,449446
2022-11-24,0.34388892967919155,168000.0,168500.0,166500.0,167500.0,150827.375,323362
2022-11-25,0.08157602945963542,168000.0,168500.0,166000.0,166000.0,149476.671875,356637
2022-11-28,0.9946994564961642,166000.0,169500.0,164000.0,167500.0,150827.375,551024
2022-11-29,-0.9879261599853635,168000.0,169500.0,167000.0,169000.0,152178.0625,341427
2022-12-01,0.9701038447674364,172000.0,173000.0,170500.0,171500.0,154429.234375,499538
2022-12-08,-0.11435377225279808,163500.0,163500.0,161000.0,162000.0,145874.828125,703551
2022-12-09,0.5797570437920513,163500.0,164000.0,162000.0,162500.0,146325.0625,464194
2022-12-12,0.08578957482241094,162000.0,163500.0,162000.0,163500.0,147225.53125,232963
2022-12-13,-0.21430152049288154,164000.0,164000.0,158000.0,159500.0,143623.6875,756323
2022-12-15,0.20155304828326084,162500.0,165000.0,162000.0,162000.0,145874.828125,383741
2022-12-16,-0.9204180585220456,160000.0,163000.0,160000.0,162500.0,146325.0625,446581
2022-12-19,0.2842183375448388,160500.0,161500.0,157500.0,159000.0,143173.4375,734465
2022-12-20,0.541743257897906,158000.0,158500.0,154500.0,157000.0,141372.53125,1039931
2022-12-21,0.9144930678594392,157000.0,157500.0,155500.0,156000.0,140472.046875,531850
2022-12-22,0.42579159574233927,156500.0,159500.0,156500.0,158500.0,142723.234375,452454
2022-12-23,0.2253223997928823,157000.0,158000.0,155500.0,157000.0,141372.53125,336597
2022-12-28,-0.9473935458809137,156000.0,156500.0,154000.0,154000.0,144145.0,556921
2022-12-29,0.9924310897476971,153000.0,154000.0,150500.0,151000.0,141336.984375,552974
2023-01-09,0.8962832763791084,161000.0,164500.0,160000.0,164000.0,153505.046875,614204
2023-01-10,0.38459830866694183,162500.0,164000.0,161500.0,163000.0,152569.0625,414613
2023-01-11,0.9590693739470831,163500.0,165000.0,163000.0,164000.0,153505.046875,367725
2023-01-12,0.5267610134760616,166000.0,168000.0,164500.0,166500.0,155845.078125,869403
2023-01-13,0.9958442016504705,167500.0,170000.0,167000.0,169000.0,158185.078125,707095
2023-01-16,0.9762570101302117,166500.0,167500.0,163500.0,166500.0,155845.078125,797353
2023-01-17,-0.9449970833957195,166500.0,167000.0,164500.0,166000.0,155377.078125,452113
2023-01-18,0.9953267656819662,166500.0,166500.0,162500.0,164500.0,153973.0625,499603
2023-01-19,0.9546033465303481,162000.0,164000.0,162000.0,164000.0,153505.046875,353522
2023-01-20,-0.32385376939782873,163000.0,164500.0,163000.0,164500.0,153973.0625,296063
2023-01-25,0.0012224330566823483,166100.0,166500.0,165200.0,165700.0,155096.296875,2088
2023-01-26,-0.021416966046672314,166600.0,176200.0,166600.0,175100.0,163894.734375,14251
2023-01-27,-0.4081756627808015,177000.0,177600.0,173300.0,173900.0,162771.53125,4005
2023-01-30,-0.7893444045912474,174400.0,175700.0,169400.0,173900.0,162771.53125,3624
2023-01-31,0.32528920309582293,169000.0,170400.0,167000.0,170000.0,159121.109375,5408
2023-02-01,0.45549098757328466,169200.0,171500.0,168700.0,167000.0,156313.109375,3251
2023-02-02,0.0006055058911442757,171500.0,172900.0,169300.0,169900.0,159027.484375,3621
2023-02-03,-0.9516065027564764,170100.0,174500.0,169600.0,169900.0,159027.484375,3940
2023-02-06,-0.36577943433076143,174000.0,174700.0,170700.0,172800.0,161741.921875,1700
2023-02-07,0.07182477822061628,171000.0,171200.0,169500.0,170500.0,159589.109375,2221
2023-02-08,0.23549170481661955,171500.0,173000.0,170200.0,170500.0,159589.109375,1223
2023-02-09,-0.015421179559780285,171900.0,174000.0,171500.0,172600.0,161554.71875,3503
2023-02-10,0.992058673320571,171600.0,173500.0,171100.0,173200.0,162116.328125,1670
2023-02-13,0.42610859009437263,172700.0,174300.0,171300.0,171600.0,160618.703125,3230
2023-02-14,-0.22795378378941678,172900.0,175700.0,172700.0,173700.0,162584.328125,1429
2023-02-15,-0.2904988035443239,174600.0,175300.0,171800.0,172700.0,161648.3125,937
2023-02-16,-0.1906393626704812,173400.0,180000.0,173300.0,179300.0,167825.953125,3219
2023-02-17,0.559729841677472,177400.0,179800.0,177000.0,179000.0,167545.140625,1647
2023-02-20,0.653635461620676,179400.0,179400.0,176600.0,178200.0,166796.359375,1245
2023-02-21,0.6247797422111034,178500.0,179000.0,175500.0,178200.0,166796.359375,2722
2023-02-22,0.17883701404207386,175800.0,176900.0,174000.0,174200.0,163052.328125,3595
2023-02-23,0.09892009969917126,174400.0,178600.0,174300.0,176200.0,164924.359375,3418
2023-02-24,-0.7750044515589252,176200.0,177300.0,173800.0,173900.0,162771.53125,1925
2023-02-27,0.08651489418116398,173100.0,173600.0,170200.0,173300.0,162209.921875,427027
2023-02-28,-0.9914167351089418,174100.0,178100.0,174000.0,176300.0,165017.9375,824763
2023-03-02,0.8202262446284294,176500.0,179800.0,176500.0,178500.0,167077.171875,747929
2023-03-03,0.9364061871310696,177500.0,178200.0,175000.0,176100.0,164830.75,549203
2023-03-06,0.31854205244841677,177800.0,178500.0,176000.0,177500.0,166141.15625,547005
2023-03-07,0.2889046413210136,176500.0,177500.0,175100.0,175100.0,163894.734375,462996
2023-03-08,0.3644206205382943,174300.0,176100.0,174100.0,174900.0,163707.53125,497195
2023-03-09,0.49613892775960267,176600.0,180400.0,175700.0,176300.0,165017.9375,808110
2023-03-10,-0.0038177985697984695,174700.0,176700.0,174600.0,175000.0,163801.140625,443221
2023-03-13,0.21158306330537677,174400.0,176300.0,173500.0,176000.0,164737.140625,529759
2023-03-14,0.2038332847179845,175200.0,175900.0,170500.0,171000.0,160057.09375,589581
2023-03-15,0.5834304354852066,172700.0,175500.0,172700.0,174300.0,163145.9375,481716
2023-03-16,-0.3971095386950765,172800.0,174800.0,171800.0,174000.0,162865.109375,392030
2023-03-17,0.0072537194937467575,175200.0,176600.0,173200.0,176600.0,165298.75,507745
2023-03-20,-0.5253749020087223,176500.0,177000.0,174800.0,175100.0,163894.734375,366357
2023-03-21,0.11716748312901473,175900.0,176900.0,174800.0,175800.0,164549.921875,297779
2023-03-22,0.3871692925458774,177000.0,180500.0,176700.0,180300.0,168761.984375,718542
2023-03-24,-0.6604504338465631,180600.0,180600.0,175300.0,177700.0,166328.34375,649952
2023-03-27,0.8257523700594902,177700.0,177700.0,174800.0,176100.0,164830.75,402749
2023-03-28,0.1470155566930771,177100.0,178300.0,175800.0,177100.0,165766.75,341408
2023-03-29,-0.5822493135929108,175800.0,180700.0,175800.0,180400.0,168855.5625,571771
2023-03-30,0.890849506999075,179200.0,181900.0,178800.0,181200.0,169604.375,525981
2023-03-31,0.0004374436102807522,182000.0,184900.0,181900.0,184500.0,172693.1875,668373
2023-04-05,0.000996172777377069,185100.0,187200.0,184000.0,186700.0,174752.40625,509578
2023-04-06,0.9540462791919708,186900.0,189400.0,184700.0,185100.0,173254.796875,667512
2023-04-07,0.9765347223728895,185400.0,186500.0,184600.0,185100.0,173254.796875,435717
2023-04-10,0.00414932708372362,186000.0,188500.0,184200.0,185900.0,174003.609375,480371
2023-04-11,0.9701339273403088,186600.0,192400.0,185100.0,192100.0,179806.84375,1067237
2023-04-12,0.448504209285602,195000.0,199500.0,194600.0,198200.0,185516.484375,1517626
2023-04-13,-0.634923049248755,199000.0,199900.0,196200.0,198900.0,186171.703125,824006
2023-04-14,0.6140885436907411,199500.0,199700.0,196000.0,196100.0,183550.875,670548
2023-04-17,0.9781662802561186,195400.0,196100.0,193800.0,195000.0,182521.28125,497443
2023-04-18,-0.30566809225517017,192700.0,193000.0,188200.0,191400.0,179151.640625,961739
2023-04-19,-0.002668023109436035,191400.0,194200.0,190300.0,193600.0,181210.84375,571094
2023-04-20,0.4094966358194749,193000.0,194100.0,191400.0,192500.0,180181.265625,423616
2023-04-21,-0.4081467680516653,191100.0,191800.0,188300.0,190400.0,178215.625,454248
2023-04-24,0.5412173091566989,190600.0,193100.0,190600.0,191900.0,179619.640625,434584
2023-04-25,0.591013094567461,193000.0,201500.0,191200.0,201000.0,188137.3125,2084924
2023-04-26,-0.2558785552003731,205500.0,207500.0,199900.0,201500.0,188605.3125,2214068
2023-04-27,-0.275835594000657,201500.0,205000.0,200500.0,202000.0,189073.3125,976414
2023-04-28,-0.5988460977096111,203000.0,203500.0,196200.0,197500.0,184861.28125,1056770
2023-05-02,0.21768694910861086,198500.0,202000.0,197700.0,201500.0,188605.3125,573959
2023-05-03,0.012502574416430434,200500.0,202000.0,198500.0,201000.0,188137.3125,460771
2023-05-04,0.21852989830076694,200000.0,201000.0,197400.0,199200.0,186452.5,472704
2023-05-08,0.2902639403939247,201000.0,203000.0,200000.0,202500.0,189541.328125,590557
2023-05-09,-0.24078554979059846,202000.0,205500.0,199900.0,205000.0,191881.328125,704155
2023-05-10,0.25063528418540953,206000.0,211000.0,205000.0,210000.0,196561.375,1476327
2023-05-11,0.33235696563497186,211500.0,211500.0,208000.0,208000.0,194689.34375,919476
2023-05-12,0.865202285349369,207000.0,209500.0,205500.0,208500.0,195157.359375,539737
2023-05-15,0.00024722643138375133,207000.0,209000.0,204000.0,208000.0,194689.34375,594282
2023-05-17,0.2622548134199211,202500.0,205500.0,202500.0,204500.0,191413.3125,550297
2023-05-18,0.3392875113834937,207000.0,207000.0,205000.0,206500.0,193285.34375,476896
2023-05-19,0.7980142267391784,206000.0,207500.0,204000.0,205500.0,192349.328125,528680
2023-05-22,0.22409552335739136,206000.0,208500.0,204500.0,207500.0,194221.359375,469209
2023-05-23,0.1039940124610439,209000.0,209000.0,207000.0,207500.0,194221.359375,356438
2023-05-24,0.8226232140732463,206000.0,208000.0,205500.0,207500.0,194221.359375,305061
2023-05-25,-0.5341996971983463,206000.0,206500.0,203000.0,203500.0,190477.3125,528730
2023-05-26,-0.6194534614109076,204500.0,205500.0,201000.0,205500.0,192349.328125,596247
2023-05-30,0.1151113669135763,207000.0,207000.0,200000.0,200500.0,187669.296875,861994
2023-05-31,0.9949563231202774,200500.0,203000.0,200000.0,200000.0,187201.296875,879887
2023-06-01,0.7486865007584649,199800.0,199800.0,196300.0,197500.0,184861.28125,791585
2023-06-02,-0.37264464143663645,198500.0,199800.0,198100.0,199500.0,186733.296875,418613
2023-06-05,0.9259679734590464,201500.0,203500.0,200000.0,201000.0,188137.3125,454150
2023-06-07,-0.32152208090216544,202500.0,203000.0,195400.0,196400.0,183831.671875,960900
2023-06-08,-0.030325757223181427,195500.0,197200.0,194000.0,196700.0,184112.46875,928559
2023-06-09,0.7236395310610533,197400.0,198300.0,196300.0,197100.0,184486.875,421616
2023-06-12,0.09096769047512983,197500.0,198500.0,195100.0,196200.0,183644.484375,429448
2023-06-13,0.17722524407630166,196700.0,198200.0,196200.0,198000.0,185329.296875,474628
2023-06-14,-0.3544837629721899,198800.0,201500.0,198500.0,201000.0,188137.3125,662184
2023-06-15,0.09472682792693377,201500.0,202000.0,199400.0,199700.0,186920.5,354685
2023-06-16,-0.9109295904636383,201000.0,201500.0,198000.0,199400.0,186639.703125,548562
2023-06-19,0.9753187326714396,198000.0,199400.0,197000.0,199300.0,186546.09375,375749
2023-06-20,0.13336009718477726,198300.0,199000.0,197000.0,197900.0,185235.6875,331277
2023-06-21,0.5228033037856221,197900.0,205000.0,196300.0,204000.0,190945.328125,1028131
2023-06-22,0.6332522716062764,202500.0,203500.0,200500.0,202000.0,189073.3125,392056
2023-06-23,0.4979074959244047,201000.0,202000.0,199000.0,199900.0,187107.6875,349362
2023-06-26,0.6348493238911033,199900.0,202500.0,199900.0,200500.0,187669.296875,307090
2023-06-27,0.19883451651548967,201000.0,206000.0,201000.0,206000.0,192817.34375,806971
2023-06-28,0.516721421481634,206000.0,206500.0,203000.0,206000.0,192817.34375,630872
2023-06-29,-0.49223202030407265,205500.0,206000.0,204000.0,204500.0,192817.328125,320058
2023-06-30,0.9392784349620342,204500.0,209000.0,204500.0,206500.0,194703.078125,563079
2023-07-03,-0.12471818059566431,207500.0,208500.0,205500.0,208500.0,196588.8125,545516
2023-07-04,0.9492520410567522,208500.0,210000.0,206500.0,208000.0,196117.375,424908
2023-07-05,0.2023879997432232,208000.0,209500.0,204500.0,205500.0,193760.203125,586067
2023-07-06,0.23303519375622272,204000.0,208500.0,204000.0,206500.0,194703.078125,643771
2023-07-07,0.8636490218341351,205500.0,206000.0,202500.0,204000.0,192345.890625,476427
2023-07-10,-0.292396221930782,205000.0,208000.0,202000.0,205500.0,193760.203125,511222
2023-07-11,-0.3830964000895619,206500.0,208000.0,205000.0,207000.0,195174.53125,538193
2023-07-12,0.5796045748284087,206000.0,206500.0,202500.0,203500.0,191874.46875,503118
2023-07-13,0.44646545593224635,205000.0,205000.0,203000.0,203500.0,191874.46875,540814
2023-07-14,0.2989322287855127,204500.0,209000.0,204500.0,208500.0,196588.8125,655619
2023-07-17,0.18424435034394265,207000.0,208500.0,203500.0,203500.0,191874.46875,517107
2023-07-18,0.6802802161946602,204000.0,205000.0,201000.0,201500.0,189988.71875,501091
2023-07-19,0.4254823078401387,201500.0,203500.0,200000.0,202000.0,190460.140625,491509
2023-07-20,0.00382236170116812,202000.0,204000.0,200000.0,200500.0,189045.859375,531811
2023-07-24,0.8370664273388684,199100.0,200500.0,197600.0,199200.0,187820.109375,614300
2023-07-25,-0.010555437300354242,199900.0,202500.0,199200.0,200500.0,189045.859375,492019
2023-07-26,0.5161162660224363,201000.0,202000.0,195000.0,198700.0,187348.671875,1347123
2023-07-27,0.5507820528000593,202500.0,203000.0,194000.0,197800.0,186500.09375,1244827
2023-07-28,0.768365367082879,196500.0,201500.0,196500.0,196800.0,185557.21875,782058
2023-07-31,0.05685204442124814,198000.0,198200.0,195100.0,196000.0,184802.90625,678535
2023-08-01,0.9675965867936611,195200.0,199600.0,194600.0,199400.0,188008.6875,698965
2023-08-03,-0.3423523064702749,192500.0,194300.0,190800.0,191700.0,180748.5625,531818
2023-08-04,-0.9768928207146624,191600.0,193400.0,190500.0,192200.0,181220.015625,378998
2023-08-07,-0.9887759708799422,191000.0,191100.0,187300.0,188000.0,177259.953125,842043
2023-08-09,0.004898250102996826,188400.0,189800.0,187500.0,189400.0,178579.984375,366474
2023-08-10,0.3241715571687867,189000.0,190300.0,188100.0,188400.0,177637.09375,489856
2023-08-11,0.9992964134435169,188900.0,193200.0,188400.0,190500.0,179617.125,529916
2023-08-14,0.6174268648028374,190000.0,190500.0,188300.0,188800.0,178014.25,297138
2023-08-16,0.3887028801254928,186900.0,188100.0,185300.0,185800.0,175185.609375,563291
2023-08-17,0.42403600707517136,184900.0,185500.0,182600.0,184800.0,174242.75,458036
2023-08-18,0.3109477323790391,182600.0,187500.0,182600.0,186100.0,175468.484375,420787
2023-08-21,0.9619264919310808,187000.0,187200.0,185300.0,186100.0,175468.484375,279766
2023-08-24,-0.8663373797899112,188300.0,189300.0,186000.0,186400.0,175751.359375,320108
2023-08-25,-0.9393179461592809,184200.0,187000.0,184200.0,186200.0,175562.765625,368503
2023-08-28,0.19621685147285461,186200.0,186900.0,184700.0,185400.0,174808.484375,300125
2023-08-29,0.03395088214892894,185500.0,188200.0,185400.0,186700.0,176034.21875,321448
2023-08-30,0.5056454352258394,188600.0,189300.0,187800.0,187800.0,177071.375,331121
2023-08-31,0.3566727977512138,187800.0,189100.0,186200.0,189100.0,178297.109375,590270
2023-09-01,-0.2856067679822445,188000.0,188900.0,186700.0,187400.0,176694.234375,281460
2023-09-04,0.4603786271375914,186400.0,187400.0,185600.0,187300.0,176599.9375,307475
2023-09-06,0.9149770577981448,186000.0,188300.0,186000.0,186700.0,176034.21875,259552
2023-09-07,-0.964517142623663,185500.0,187200.0,185400.0,187200.0,176505.640625,299030
2023-09-08,0.6525119383974621,187500.0,187500.0,185200.0,185700.0,175091.34375,192047
2023-09-11,0.9794064406305552,185700.0,186300.0,184400.0,185500.0,174902.765625,195283
2023-09-12,0.1562267992994748,186500.0,188400.0,185600.0,186200.0,175562.765625,273908
2023-09-13,0.997577071073465,187300.0,190700.0,187200.0,189800.0,178957.125,579550
2023-09-14,-0.9743211751338094,191200.0,191200.0,188600.0,190700.0,179805.703125,627998
2023-09-15,-0.2293355654575862,190700.0,192700.0,189100.0,192200.0,181220.015625,526604
2023-09-18,0.22945381875615567,191200.0,192200.0,190200.0,191000.0,180088.546875,289943
2023-09-19,0.18621762935072184,191500.0,193200.0,190000.0,190000.0,179145.703125,289352
2023-09-20,0.4135667755534606,190600.0,196000.0,190000.0,194900.0,183765.765625,636780
2023-09-21,0.15274344043185314,194400.0,194500.0,191600.0,191900.0,180937.140625,327599
2023-09-22,-0.07793938682880253,189600.0,192400.0,189200.0,191500.0,180560.0,326229
2023-09-25,-0.6705930383953577,191700.0,193500.0,189600.0,192900.0,181880.03125,346374
2023-09-26,-0.9613521285355091,191600.0,192900.0,189900.0,190700.0,181214.84375,302642
2023-09-27,-0.38011016938835385,189200.0,192400.0,189000.0,191100.0,181594.9375,367983
2023-10-05,0.02996596619910137,190900.0,192200.0,189500.0,190500.0,181024.78125,396264
2023-10-06,0.05081494071055204,191000.0,192600.0,189600.0,192200.0,182640.234375,345787
2023-10-10,0.4097669906914234,192700.0,192800.0,187700.0,188400.0,179029.21875,575373
2023-10-11,-0.35773735074326396,189000.0,191400.0,189000.0,189400.0,179979.5,490998
2023-10-12,0.15476235642563552,189600.0,189800.0,187700.0,188000.0,178649.125,451893
2023-10-13,-0.3294401653984096,187500.0,188400.0,187100.0,187100.0,177793.875,254250
2023-10-16,0.08267011027783155,186900.0,188300.0,186500.0,186800.0,177508.8125,291429
2023-10-17,-0.974907191703096,188300.0,189300.0,187100.0,188500.0,179124.25,423633
2023-10-18,-0.32933946838602424,190400.0,193000.0,189500.0,191800.0,182260.125,532948
2023-10-19,0.4288185043260455,189900.0,190800.0,188800.0,188900.0,179504.359375,408555
2023-10-20,-0.9944559512659907,187800.0,188600.0,183500.0,183500.0,174372.953125,602367
2023-10-23,0.33103259205818175,184200.0,186100.0,183800.0,185400.0,176178.453125,286602
2023-10-24,-0.4717227816581726,186900.0,187000.0,181400.0,182800.0,173707.765625,418638
2023-10-25,0.9808594180891911,182700.0,183700.0,182000.0,182000.0,172947.5625,374888
2023-10-26,0.5157434794818982,180300.0,182500.0,178500.0,179500.0,170571.90625,651245
2023-10-27,0.4616515195113607,181200.0,182900.0,174600.0,175600.0,166865.875,787539
2023-10-30,0.9230131127405912,175000.0,176300.0,171400.0,172500.0,163920.078125,726773
2023-10-31,0.8400082876905799,174300.0,175900.0,169300.0,169700.0,161259.328125,697296
2023-11-01,0.026715992998409394,170800.0,171500.0,169400.0,170300.0,161829.484375,450423
2023-11-02,-0.3831451995298266,172000.0,175100.0,171500.0,172000.0,163444.953125,661435
2023-11-03,0.8775822781026363,175000.0,175400.0,172700.0,173400.0,164775.3125,431491
2023-11-06,-0.45820097252726555,175400.0,177900.0,174900.0,177900.0,169051.5,661383
2023-11-07,0.5130776101577794,177500.0,177500.0,174200.0,176100.0,167341.015625,532443
2023-11-08,0.9815264958888292,177900.0,179000.0,174500.0,174800.0,166105.6875,395162
2023-11-10,0.7175054855262195,173800.0,175300.0,173500.0,173700.0,165060.390625,255065
2023-11-13,0.6546843425603583,175000.0,175000.0,172800.0,173300.0,164680.296875,348523
2023-11-14,-0.3448951716418378,174900.0,175900.0,173900.0,175200.0,166485.78125,329429
2023-11-15,0.1703146696818294,178700.0,182600.0,178600.0,182500.0,173422.671875,806741
2023-11-16,0.8987863026559353,182500.0,186400.0,181800.0,184800.0,175608.296875,432174
2023-11-17,0.45991772012203,185900.0,185900.0,183500.0,184400.0,175228.1875,259919
2023-11-20,0.3348106655292213,184400.0,184900.0,182100.0,183600.0,174467.96875,277906
2023-11-21,0.5773663068095976,184700.0,184800.0,183500.0,184200.0,175038.140625,252833
2023-11-22,0.30650245112233926,182300.0,183400.0,181200.0,183000.0,173897.8125,219027
2023-11-23,-0.50515176653862,183600.0,185000.0,182400.0,184800.0,175608.296875,240354
2023-11-24,0.4223029103013687,184600.0,185600.0,183900.0,184000.0,174848.09375,161656
2023-11-27,-0.30666892789304256,184000.0,185700.0,184000.0,184900.0,175703.3125,188306
2023-11-28,-0.1766213579879453,185900.0,185900.0,183600.0,185700.0,176463.53125,269820
2023-11-29,-0.11326447888859548,185700.0,186500.0,184700.0,184800.0,175608.296875,298485
2023-11-30,0.9464155249297619,184200.0,184900.0,182100.0,184300.0,175133.15625,574490
2023-12-01,0.21633727320780358,183300.0,183800.0,181700.0,182800.0,173707.765625,304309
2023-12-04,0.9180914050084539,183900.0,184100.0,181600.0,181600.0,172567.453125,378913
2023-12-05,0.08452559460420161,181600.0,182000.0,180700.0,181400.0,172377.390625,275980
2023-12-06,0.955162481055595,181100.0,183400.0,181100.0,182900.0,173802.796875,280528
2023-12-07,-0.5429526590742171,181400.0,183300.0,181400.0,182600.0,173517.71875,296154
2023-12-08,-0.3978740810416639,183600.0,185700.0,183400.0,185100.0,175893.359375,327749
2023-12-11,0.03487445693463087,185400.0,185400.0,184000.0,185400.0,176178.453125,218073
2023-12-12,0.15108902181964368,185500.0,186400.0,185000.0,185600.0,176368.5,332590
2023-12-13,0.17527713329764083,185300.0,186200.0,184400.0,185000.0,175798.34375,287425
2023-12-14,0.5710740418406204,187000.0,187100.0,184200.0,184800.0,175608.296875,760383
2023-12-15,0.8758197156712413,185800.0,192800.0,185200.0,192800.0,183210.375,1228522
2023-12-18,-0.09059386861710143,192800.0,193000.0,190000.0,192000.0,182450.171875,482331
2023-12-19,-0.2079679418122396,191900.0,192900.0,190800.0,192200.0,182640.234375,272670
2023-12-20,0.4229949717326755,192700.0,199700.0,192600.0,199100.0,189197.015625,961888
2023-12-21,0.33673312165774405,197500.0,202000.0,197100.0,198700.0,188816.921875,545031
2023-12-22,0.04577446274925023,200000.0,200500.0,198500.0,199000.0,189102.0,347866
2023-12-26,0.4014310596976429,200500.0,200500.0,197700.0,198800.0,188911.953125,409928
2023-12-27,0.6660702912835404,198700.0,199300.0,197200.0,198500.0,188626.875,331186
2023-12-28,0.4792702345876023,198800.0,203500.0,198400.0,203500.0,193378.1875,766503
2024-01-02,0.6987737932552894,202000.0,202500.0,199800.0,200500.0,190527.390625,373050
2024-01-03,0.9305314756929874,199100.0,199500.0,193800.0,193800.0,184160.640625,548675
2024-01-04,0.22965971194207668,192000.0,192800.0,189100.0,190000.0,180549.65625,505979
2024-01-05,0.1656433027902884,190100.0,190500.0,187200.0,187300.0,177983.9375,440219
2024-01-08,-0.5040621695419153,187600.0,188900.0,185500.0,185700.0,176463.53125,323498
2024-01-09,-0.02220843352066974,187800.0,187800.0,185500.0,185600.0,176368.5,349068
2024-01-10,0.34790655405959114,185600.0,187300.0,185200.0,186700.0,177413.796875,330767
2024-01-11,0.9716970631852746,187200.0,189000.0,187000.0,187000.0,177698.859375,538799
2024-01-12,-0.007341771735809743,186600.0,187400.0,185800.0,186000.0,176748.609375,240690
2024-01-15,0.5387762845493853,186000.0,187200.0,185800.0,187500.0,178173.984375,35456
2024-01-16,-0.289489741171045,186600.0,188100.0,185700.0,186200.0,176938.65625,225780
2024-01-17,-0.05540214067635437,186300.0,186400.0,181000.0,181800.0,172757.5,481127
2024-01-18,0.763090880587697,180000.0,182500.0,179900.0,180200.0,171237.09375,433597
2024-01-19,0.31081029038510416,183000.0,183000.0,180100.0,181700.0,172662.46875,288166
2024-01-22,0.9990398950176314,182300.0,182400.0,179800.0,180100.0,171142.0625,391914
2024-01-23,-0.8922986574470997,181200.0,184800.0,180900.0,184800.0,175608.296875,376671
2024-01-24,0.9759637954775826,185300.0,185400.0,182100.0,185000.0,175798.34375,345726
2024-01-25,0.120245542652397,184400.0,190500.0,183500.0,188700.0,179314.3125,778658
2024-01-26,-0.28795395243651,189300.0,189600.0,186500.0,187300.0,177983.9375,468376
2024-01-29,-0.9586529028601944,187300.0,197300.0,186600.0,195600.0,185871.109375,1199045
2024-01-30,-0.4727817199891433,196000.0,196600.0,189300.0,190000.0,180549.65625,955999
2024-01-31,0.9360259994864464,189300.0,195400.0,188500.0,194600.0,184920.84375,1053355
2024-02-01,0.3262670674206068,193900.0,209000.0,193500.0,208000.0,197654.34375,2855056
2024-02-02,0.3567968048155308,221500.0,228000.0,214000.0,227000.0,215709.3125,5844398
2024-02-05,0.04077566252090037,233500.0,239500.0,226000.0,238000.0,226162.203125,5742710
2024-02-06,-0.19221047684550285,234000.0,240000.0,230500.0,235500.0,223786.53125,3293825
2024-02-07,0.10754674758451681,239000.0,246500.0,238000.0,245000.0,232814.03125,2711612
2024-02-08,0.2817921198438853,243000.0,250500.0,241500.0,250000.0,237565.328125,3017429
2024-02-13,-0.9972821971168742,251000.0,261000.0,247500.0,249000.0,236615.0625,2690468
2024-02-14,-0.05608798315127691,245000.0,251000.0,244500.0,245500.0,233289.15625,1702299
2024-02-15,0.10071962745860219,250000.0,250500.0,237000.0,238500.0,226637.3125,2103428
2024-02-16,-0.2896195156305718,241500.0,253000.0,235500.0,252500.0,239940.96875,2261790
2024-02-19,0.11287727827827136,253500.0,257000.0,248500.0,252500.0,239940.96875,1801441
2024-02-20,0.49151274492032826,250000.0,253000.0,238500.0,242000.0,229963.234375,1944653
2024-02-22,0.9723904088605195,239000.0,245500.0,237500.0,243500.0,231388.625,1475580
2024-02-23,0.6079574395917007,244000.0,249500.0,242000.0,244000.0,231863.765625,1660625
2024-02-26,-0.16048184285561243,237500.0,241000.0,231500.0,239000.0,227112.453125,1751340
2024-02-27,0.4996202683541924,239000.0,244500.0,237500.0,238500.0,226637.3125,1265434
2024-02-28,0.9971791398420464,234000.0,250000.0,231500.0,248000.0,244267.953125,1911431
2024-02-29,0.31157952525973087,246500.0,253500.0,243500.0,250500.0,246730.328125,2056620
2024-03-04,0.9730634771985933,255500.0,260000.0,253000.0,255500.0,251655.09375,1854280
2024-03-05,-0.8554134368896484,251500.0,254500.0,247500.0,249000.0,245252.90625,1436614
2024-03-06,0.9894132610061206,247000.0,254000.0,246000.0,251000.0,247222.8125,1103072
2024-03-08,0.9993045286100823,251500.0,255000.0,249500.0,253000.0,249192.71875,1210240
2024-03-11,0.28135849597553414,251000.0,252500.0,242000.0,243500.0,239835.671875,1178615
2024-03-12,-0.5273625445202924,244000.0,247000.0,240000.0,241500.0,237865.78125,1096802
2024-03-13,0.005411509125094328,243500.0,250000.0,241000.0,248500.0,244760.421875,1413782
2024-03-14,0.6626017188973492,248000.0,255000.0,246000.0,251500.0,247715.296875,1574794
2024-03-15,0.8675369725873073,250000.0,254500.0,243500.0,243500.0,239835.671875,1175933
2024-03-18,0.36341722309589386,244000.0,247500.0,241000.0,242500.0,238850.71875,723835
2024-03-19,0.1866071133602721,241000.0,244000.0,236000.0,237500.0,233925.96875,944727
2024-03-20,0.9978700680658221,240000.0,246000.0,237500.0,241000.0,237373.296875,1230314
2024-03-21,0.5129466139915166,247000.0,254000.0,246000.0,252000.0,248207.75,1578378
2024-03-22,-0.5665422974154353,252500.0,254000.0,241000.0,243500.0,239835.671875,1091572
2024-03-25,0.48340595344780013,244000.0,245500.0,239500.0,239500.0,235895.875,784822
2024-03-26,0.9258516421541572,239000.0,244000.0,238500.0,240500.0,236880.8125,802094
2024-03-27,0.75292029265653,241000.0,247500.0,240500.0,244000.0,240328.15625,818180
2024-03-28,0.5207592515129363,246000.0,246000.0,236000.0,237000.0,235362.6875,1050347
2024-03-29,0.0011816720943897963,238000.0,239000.0,232000.0,233000.0,231390.328125,852346
2024-04-01,0.9404503963887691,234500.0,235000.0,227000.0,227500.0,225928.328125,898781
2024-04-02,0.39769820115179755,225000.0,226500.0,216500.0,220000.0,218480.140625,1802613
2024-04-03,-0.016131605894770473,219000.0,223500.0,214500.0,216000.0,214507.765625,1138600
2024-04-05,-0.019208309589885175,223500.0,230000.0,223000.0,225500.0,223942.140625,1121453
2024-04-08,0.6455238793510943,227000.0,238000.0,226000.0,232500.0,230893.78125,1245057
2024-04-09,0.15641440224135295,234500.0,236500.0,228000.0,228000.0,226424.875,663665
2024-04-11,-0.002635214477777481,222000.0,241000.0,220000.0,241000.0,239335.0625,1853791
2024-04-12,-0.9738859453937039,241000.0,241500.0,237000.0,238000.0,236355.78125,997710
2024-04-15,0.17559610730192313,236000.0,243000.0,233500.0,241500.0,239831.609375,1018783
2024-04-18,0.30626979317942943,237000.0,239000.0,228500.0,231000.0,229404.140625,1168222
2024-04-19,0.08526834376971237,231000.0,237000.0,229000.0,235000.0,233376.515625,1174278
2024-04-22,0.8037660642127905,240000.0,246000.0,239500.0,245000.0,243307.421875,1314974
2024-04-23,0.07061399817466736,250000.0,251500.0,246000.0,249500.0,247776.328125,1153091
2024-04-24,0.4747727703943383,249000.0,253500.0,247500.0,252500.0,250755.609375,1242059
2024-04-25,0.9810490564074522,251000.0,254000.0,246000.0,250000.0,248272.875,1297404
2024-04-26,0.7590260415648421,250000.0,253500.0,243000.0,249500.0,247776.328125,980459
2024-04-29,0.6132606193423271,249000.0,254500.0,245500.0,251500.0,249762.515625,852780
2024-04-30,0.7309654206037521,250000.0,253000.0,248000.0,251000.0,249265.96875,545747
2024-05-02,-0.015311688813380898,249000.0,251500.0,246500.0,249000.0,247279.796875,602350
2024-05-03,0.9511987653871378,250000.0,250500.0,241000.0,241000.0,239335.0625,727057
2024-05-07,-0.998305578425061,242500.0,246000.0,240000.0,242000.0,240328.15625,799659
2024-05-08,-0.16789297622744925,240500.0,244000.0,240000.0,242000.0,240328.15625,444082
2024-05-09,-0.5058886836486636,242000.0,242500.0,235000.0,237000.0,235362.6875,704379
2024-05-10,0.0012548842156926792,239000.0,243000.0,237000.0,241500.0,239831.609375,455541
2024-05-13,0.9855642416514456,242500.0,247500.0,242000.0,245000.0,243307.421875,550255
2024-05-14,-0.994238073239103,245500.0,247000.0,243000.0,246500.0,244797.0625,670650
2024-05-16,-0.028082281351089478,248000.0,248500.0,245500.0,247000.0,245293.609375,559548
2024-05-17,-0.01724240859039128,247000.0,249500.0,244000.0,244000.0,242314.328125,408947
2024-05-20,0.48877657429936033,245500.0,255000.0,244500.0,250500.0,248769.421875,860566
2024-05-21,0.974752394327273,249000.0,254000.0,248000.0,253000.0,251252.15625,576613
2024-05-22,0.6150600126711652,253000.0,277500.0,251000.0,277000.0,275086.34375,3336634
2024-05-23,-0.0027324706315994263,273500.0,275000.0,267500.0,271500.0,269624.34375,1886248
2024-05-24,0.01959892688319087,268500.0,274500.0,266000.0,267500.0,265651.96875,1059149
2024-05-27,0.6725352550856769,267500.0,271500.0,262000.0,265500.0,263665.8125,1011436
2024-05-28,0.14619511365890503,265000.0,270000.0,263500.0,265000.0,263169.25,598743
2024-05-29,0.4905078450392466,262500.0,265000.0,257000.0,261000.0,259196.890625,965532
2024-05-30,0.20444725706474856,260500.0,264000.0,255500.0,257000.0,255224.515625,640526
2024-05-31,-0.3363935022563156,259500.0,260000.0,253000.0,253000.0,251252.15625,1014549
2024-06-03,-0.4453345618676394,257500.0,270000.0,257000.0,265000.0,263169.25,1186533
2024-06-04,0.883859284222126,262500.0,265500.0,258000.0,259000.0,257210.703125,660409
2024-06-07,-0.9227138701826334,262500.0,266500.0,261500.0,265000.0,263169.25,519878
2024-06-10,0.9881278104148805,261500.0,271500.0,261000.0,267500.0,265651.96875,945927
2024-06-11,-0.2717222320527071,270500.0,273500.0,267500.0,271000.0,269127.8125,967240
2024-06-12,0.6883028745651245,273000.0,273000.0,268000.0,270000.0,268134.71875,567334
2024-06-13,-0.99446258880198,273000.0,281000.0,269000.0,269000.0,267141.625,1862106
2024-06-14,0.05549664068634489,268500.0,274000.0,267000.0,268000.0,266148.53125,778015
2024-06-17,-0.08149484232334155,276000.0,285000.0,275500.0,278500.0,276576.0,1945849
2024-06-18,0.7284175859531388,280500.0,290000.0,278500.0,283000.0,281044.90625,1667920
2024-06-19,0.503897460992448,286500.0,292500.0,284000.0,286500.0,284520.71875,1228960
2024-06-20,0.5170523857377702,285500.0,288000.0,282500.0,285500.0,283527.625,629996
2024-06-21,0.07428228640928865,283500.0,285000.0,279000.0,280000.0,278065.625,876560
2024-06-24,-0.0008879187516868114,277000.0,283000.0,275500.0,281000.0,279058.71875,598019
2024-06-25,-0.9529271526262164,281000.0,292500.0,280000.0,288500.0,286506.90625,1023261
2024-06-27,0.6127762931355392,287000.0,298500.0,286500.0,298000.0,298000.0,1157313
2024-06-28,-0.0032190652564167976,299500.0,299500.0,293000.0,295000.0,295000.0,761453
2024-07-01,0.06701789190992713,292000.0,296000.0,285500.0,286000.0,286000.0,864443
2024-07-02,-0.11627477562675874,283000.0,283500.0,271000.0,272500.0,272500.0,1558999
2024-07-03,0.16059612965909764,275000.0,281500.0,272500.0,276000.0,276000.0,1072157
2024-07-04,-0.9731930233247112,277500.0,281000.0,274500.0,277500.0,277500.0,552767
2024-07-05,-0.02355517710384447,277500.0,282000.0,277000.0,281000.0,281000.0,586121
2024-07-09,-0.19733854806981982,284000.0,285500.0,272500.0,274500.0,274500.0,1135540
2024-07-10,0.6750933660285747,275000.0,277500.0,272500.0,274500.0,274500.0,672155
2024-07-11,0.9413271009398159,277000.0,278500.0,274500.0,278500.0,278500.0,653458
2024-07-12,-0.385556392633589,277500.0,278500.0,268000.0,271500.0,271500.0,666813
2024-07-15,0.9210030942922458,273000.0,273500.0,267500.0,268500.0,268500.0,541442
2024-07-16,0.27531867317156866,270500.0,276000.0,270000.0,274500.0,274500.0,552065
2024-07-18,0.9609071935216585,267000.0,267500.0,256500.0,260500.0,260500.0,1083373
2024-07-19,-0.7293894987993149,258500.0,259500.0,254000.0,258500.0,258500.0,737904
2024-07-22,0.9882957898080349,259000.0,261500.0,251000.0,255000.0,255000.0,769457
2024-07-23,0.24978136147061983,258000.0,264500.0,257500.0,263500.0,263500.0,803042
2024-07-24,-0.009418067173101008,259500.0,263500.0,257500.0,258500.0,258500.0,608412
2024-07-25,0.9781698830386935,253000.0,255000.0,247500.0,251500.0,251500.0,832753
2024-07-26,-0.3107197554005931,248500.0,250500.0,232000.0,243500.0,243500.0,2662741
2024-07-29,-0.33585189282894135,244000.0,260000.0,243000.0,255500.0,255500.0,1302271
2024-07-30,-0.045731055084615946,253000.0,258000.0,249500.0,250000.0,250000.0,594899
2024-07-31,-0.10437647253274918,250000.0,253500.0,247500.0,249000.0,249000.0,594919
2024-08-01,0.0029426738619804382,251000.0,258500.0,251000.0,253500.0,253500.0,734315
2024-08-02,-0.05851994997439241,242500.0,248000.0,242000.0,244000.0,244000.0,889521
2024-08-06,0.9386832527816296,233500.0,241500.0,228000.0,235000.0,235000.0,1250180
2024-08-07,-0.23219192700344138,233000.0,241000.0,231500.0,236000.0,236000.0,756779
2024-08-08,-0.46349909746398527,231500.0,240000.0,228500.0,236500.0,236500.0,698685
2024-08-09,-0.831493653357029,240500.0,248000.0,240000.0,243000.0,243000.0,606967
2024-08-12,-0.5245749186724424,246000.0,249000.0,242000.0,243500.0,243500.0,469844
2024-08-13,0.9562598848327374,242000.0,245500.0,240000.0,243000.0,243000.0,358474
2024-08-16,0.9948474848642945,248000.0,256500.0,246500.0,255000.0,255000.0,1113073
2024-08-19,0.98785664094612,256000.0,259500.0,250000.0,255000.0,255000.0,739313
2024-08-20,-0.4212261764041614,258000.0,261000.0,255000.0,256000.0,256000.0,660818
2024-08-21,0.9459522661054507,257500.0,257500.0,251000.0,252500.0,252500.0,359513
2024-08-22,0.10901454866292294,253500.0,254000.0,245500.0,248000.0,248000.0,497250
2024-08-23,0.398352712392807,245500.0,254000.0,245000.0,252500.0,252500.0,449189
2024-08-26,0.9439584108768031,255500.0,258000.0,247500.0,249500.0,249500.0,469538
2024-08-27,0.9080998785793781,248500.0,251000.0,244500.0,247500.0,247500.0,555018
2024-08-28,0.4920175226870924,249500.0,261000.0,246000.0,259000.0,259000.0,1170970
2024-08-29,0.43728505447506905,261500.0,267000.0,256000.0,258500.0,258500.0,1646679
2024-08-30,0.9927180830854923,261000.0,265500.0,255500.0,255500.0,255500.0,1206940
2024-09-02,0.9735125668696127,256000.0,256000.0,245000.0,246000.0,246000.0,1006660
2024-09-03,0.31430855935711105,244000.0,244500.0,236000.0,237500.0,237500.0,1024521
2024-09-04,-0.3364771515230781,231000.0,236500.0,229500.0,232500.0,232500.0,942257
2024-09-05,0.15041330263816885,236000.0,237500.0,227000.0,229000.0,229000.0,884047
2024-09-06,0.3233818325679749,228000.0,230500.0,223000.0,227500.0,227500.0,710077
2024-09-09,0.5901008266955614,225500.0,231500.0,225000.0,229500.0,229500.0,638085
2024-09-10,0.1906622575812175,229500.0,231000.0,227000.0,231000.0,231000.0,364974
2024-09-11,-0.9968389903660864,229500.0,230500.0,221500.0,223500.0,223500.0,781938
2024-09-12,0.6084372560901101,226000.0,232000.0,225500.0,232000.0,232000.0,660069
2024-09-13,0.2308858500327915,237500.0,240500.0,234500.0,237000.0,237000.0,524969
2024-09-19,0.13042174519172736,244000.0,246500.0,241500.0,246000.0,246000.0,848380
2024-09-20,0.22409059745924814,250000.0,251000.0,247500.0,250500.0,250500.0,809348
2024-09-23,0.3226908804499544,251500.0,251500.0,246500.0,249000.0,249000.0,484728
2024-09-24,-0.017751664272509515,249000.0,253000.0,248000.0,253000.0,253000.0,429463
2024-09-25,0.7485794253696344,255500.0,257000.0,250500.0,251500.0,251500.0,575575
2024-09-26,0.1454628240252431,250000.0,259000.0,247500.0,259000.0,259000.0,766978
2024-09-27,-0.4803354979182283,257500.0,259000.0,253500.0,254500.0,254500.0,493853
2024-09-30,0.9966810632613488,255500.0,256000.0,244000.0,244000.0,244000.0,1032595
2024-10-02,-0.3032931579121699,237500.0,241000.0,236500.0,237000.0,237000.0,1035510
2024-10-04,0.5199546932084819,235500.0,241500.0,232000.0,239500.0,239500.0,856583
2024-10-07,0.7762720219558105,244000.0,247000.0,241000.0,247000.0,247000.0,731171
2024-10-08,0.27863319085624355,244500.0,247000.0,244000.0,246000.0,246000.0,413552
2024-10-10,-0.11595985871231691,253000.0,255500.0,246000.0,246000.0,246000.0,641891
2024-10-11,0.14869102090597153,248000.0,249500.0,246500.0,248500.0,248500.0,282919
2024-10-14,-0.06986068153425797,250500.0,254000.0,248000.0,248500.0,248500.0,307668
2024-10-15,-0.23866480458673323,249500.0,249500.0,246000.0,246000.0,246000.0,382087
2024-10-16,0.0601543128141202,246000.0,247000.0,242000.0,247000.0,247000.0,799813
2024-10-18,-0.5516612617130805,237000.0,239000.0,233000.0,234500.0,234500.0,696368
