date,JSW Steel_avg_sentiment,Open,High,Low,Close,Adj Close,Volume
2021-08-02,-0.0010723639279603958,741.4000244140625,751.4500122070312,733.5,746.7000122070312,715.6747436523438,6971560
2021-08-03,0.6139758868334216,746.0,746.0,728.4000244140625,740.2999877929688,709.5405883789062,6939253
2021-08-04,-0.0021083615720272064,741.0,754.0,736.4000244140625,747.25,716.2018432617188,6680733
2021-08-05,-0.4690240992931649,747.25,765.4000244140625,740.5,763.25,731.5370483398438,8613347
2021-08-06,-0.9431549189806295,767.5,776.5,755.7000122070312,757.3499755859375,725.8822021484375,8973665
2021-08-09,-0.24339201482309197,761.8499755859375,762.5,742.4500122070312,747.3499755859375,716.2976684570312,5119564
2021-08-10,-0.4296468487009406,748.9000244140625,750.0,719.5999755859375,722.1500244140625,692.144775390625,6382357
2021-08-11,-0.9856098698684945,727.0,752.0,727.0,749.0999755859375,717.9749755859375,11909486
2021-08-12,0.991007181815803,753.0499877929688,754.2999877929688,741.4000244140625,748.9000244140625,717.7832641601562,3506281
2021-08-13,0.9652014708456894,746.9000244140625,757.5499877929688,732.4000244140625,749.0499877929688,717.9270629882812,5611264
2021-08-16,0.21896040405845268,745.0,770.5999755859375,739.2000122070312,761.6500244140625,730.0035400390625,9095337
2021-08-17,0.5281968259563049,758.5999755859375,762.4500122070312,735.8499755859375,744.25,713.3264770507812,6482187
2021-08-18,-0.46280985828343546,748.0,748.9000244140625,732.9000244140625,737.4500122070312,706.8090209960938,5905871
2021-08-20,-0.9292048954726745,722.0,722.0,681.5,684.5999755859375,656.1549072265625,13126219
2021-08-23,-0.5614969153733304,696.0,700.7000122070312,664.0,684.2000122070312,655.7716064453125,11781361
2021-08-24,0.23760093920489972,690.0999755859375,697.0,683.0,691.6500244140625,662.9120483398438,8283854
2021-08-25,-0.38481107767438516,696.0,701.0,680.0,683.8499755859375,655.4360961914062,5539409
2021-08-26,-0.36308809234954725,683.0,685.0,669.2999877929688,672.0,644.0784912109375,5659963
2021-08-27,0.01648245146498084,672.9000244140625,681.4000244140625,671.75,677.5,649.3499145507812,4978277
2021-08-30,0.12014166321750963,683.0499877929688,694.0,683.0499877929688,686.5499877929688,658.0238647460938,5891576
2021-08-31,-0.9986402643844485,688.25,692.4500122070312,680.4500122070312,687.5999755859375,659.0302734375,5399215
2021-09-01,0.12443097818842423,688.0,689.0,675.0,676.6500244140625,648.5352783203125,4316801
2021-09-02,-0.01045664196782228,681.0499877929688,689.0,678.0,685.0499877929688,656.5862426757812,3635439
2021-09-03,0.44809633418917655,686.0999755859375,695.25,682.4000244140625,690.9000244140625,662.1931762695312,4145359
2021-09-06,-0.01427496081062903,697.0,697.0,681.5999755859375,686.6500244140625,658.1198120117188,5179490
2021-09-07,-0.41411760787429686,689.4500122070312,697.7999877929688,682.5,683.7999877929688,655.3881225585938,3555927
2021-09-09,0.998288209317252,683.8499755859375,691.5,683.0499877929688,688.9500122070312,660.32421875,2381494
2021-09-13,0.3592081273745862,693.25,700.0,687.5,694.4000244140625,665.5477905273438,3778975
2021-09-14,0.7334972558892332,696.4000244140625,702.0,692.25,693.6500244140625,664.8289184570312,3185808
2021-09-15,-0.012904206349048764,697.0,698.0,687.0499877929688,696.6500244140625,667.7042846679688,2871538
2021-09-16,0.1862778407521546,700.0499877929688,700.9500122070312,688.0,689.4500122070312,660.8034057617188,3372499
2021-09-17,0.08720794133841991,692.0,692.0,668.7000122070312,682.2999877929688,653.9505004882812,7804735
2021-09-20,-0.6022065940602,669.9000244140625,669.9000244140625,628.0999755859375,633.2000122070312,606.890625,10340874
2021-09-21,-0.45405051502997856,633.25,672.0,628.7000122070312,668.9500122070312,641.1552124023438,14289169
2021-09-22,-0.9302233594353311,671.7999877929688,683.4000244140625,666.2000122070312,678.5499877929688,650.3563232421875,8147214
2021-09-23,-0.2656461610458791,685.2999877929688,687.25,674.0999755859375,677.25,649.1102905273438,4039612
2021-09-24,0.28027976863086224,677.25,679.0,650.75,659.1500244140625,631.762451171875,7363339
2021-09-27,-0.983408461601357,660.4500122070312,663.75,646.2999877929688,648.6500244140625,621.6986694335938,5889365
2021-09-28,-0.5023402571023325,650.0,667.9000244140625,648.0999755859375,660.8499755859375,633.3916625976562,4735779
2021-09-29,-0.9587592122843489,658.9000244140625,684.2999877929688,653.5999755859375,679.7999877929688,651.5543212890625,7345149
2021-09-30,-0.3319549272807005,683.2000122070312,683.2000122070312,666.3499755859375,668.2999877929688,640.5321655273438,4934499
2021-10-01,-0.497855491907103,660.0,686.7000122070312,658.9000244140625,674.25,646.2349243164062,5193048
2021-10-04,0.3681695430229108,674.5,686.7999877929688,662.0999755859375,681.1500244140625,652.8482666015625,5617530
2021-10-05,0.8644864186644554,681.1500244140625,690.8499755859375,677.1500244140625,679.3499755859375,651.123046875,4186464
2021-10-06,-0.720663542386319,680.0,684.0,655.5499877929688,659.25,631.8582153320312,5994344
2021-10-07,0.1632545668631792,666.0,670.0,659.0,666.5499877929688,638.8549194335938,3042177
2021-10-08,0.4651334829270906,670.0499877929688,683.0,664.5,665.8499755859375,638.1839599609375,3826818
2021-10-11,0.06890796429797774,671.0499877929688,678.0,666.7000122070312,672.4000244140625,644.4619140625,2257738
2021-10-12,-0.19927143375389278,672.4000244140625,681.0,665.4000244140625,673.75,645.7557983398438,2930894
2021-10-13,0.5281797119940166,673.7999877929688,692.0,671.0,681.4500122070312,653.1358032226562,5601758
2021-10-14,0.7010477647709195,690.0,699.0,682.9500122070312,692.8499755859375,664.0621337890625,4751065
2021-10-18,0.051125506975222376,695.5,727.2999877929688,695.5,715.7999877929688,686.05859375,9493244
2021-10-19,0.38485352371571935,722.5,722.5,688.4500122070312,691.5499877929688,662.816162109375,4164143
2021-10-20,-0.515658337661686,692.0,695.7000122070312,675.4000244140625,685.1500244140625,656.6820678710938,3256699
2021-10-21,0.2765871158733954,691.3499755859375,693.9500122070312,655.0999755859375,674.0999755859375,646.0912475585938,5811087
2021-10-22,0.17326627120564808,676.0,690.0,658.0499877929688,667.7999877929688,640.0530395507812,10162556
2021-10-25,-0.2642880872925161,670.0,678.0,653.0499877929688,674.25,646.2349243164062,3987950
2021-10-26,0.6908962929592235,678.7000122070312,697.4500122070312,674.5,694.3499755859375,665.4998168945312,4238644
2021-10-27,0.39272766809153836,694.3499755859375,699.5,682.0999755859375,684.9000244140625,656.4425048828125,3330934
2021-10-28,-0.0007631153930560686,682.9000244140625,684.4000244140625,664.0499877929688,667.4500122070312,639.7175903320312,3080237
2021-10-29,-0.23640161531511694,670.0,684.7999877929688,663.0,669.1500244140625,641.3468627929688,3612552
2021-11-01,0.45035978955113226,680.0,690.75,672.5,688.9500122070312,660.32421875,3234840
2021-11-02,0.128549487888813,693.4000244140625,693.4000244140625,671.5,672.8499755859375,644.8931274414062,3204544
2021-11-03,0.01179533774848096,677.4500122070312,683.5499877929688,673.5499877929688,680.25,651.9856567382812,2265795
2021-11-08,0.995013608597219,683.0,687.9500122070312,668.0499877929688,685.8499755859375,657.3529663085938,2919045
2021-11-09,-0.06719424650821436,686.0,691.3499755859375,675.1500244140625,676.6500244140625,648.5352783203125,2494969
2021-11-10,-0.6992951002589857,675.0,676.0499877929688,652.2000122070312,662.4000244140625,634.8773803710938,6871348
2021-11-11,-0.9348498786534442,662.4000244140625,669.8499755859375,660.25,667.4000244140625,639.6696166992188,3868489
2021-11-12,-0.6545121338373671,672.0499877929688,675.75,663.3499755859375,671.3499755859375,643.4555053710938,2542949
2021-11-15,-0.33625737197386724,675.0,675.0499877929688,658.0499877929688,661.5,634.0147094726562,3143670
2021-11-16,-0.6921751041580657,658.0,674.0,655.7000122070312,664.9000244140625,637.2734985351562,2795558
2021-11-17,0.4272781034000218,660.2999877929688,671.7000122070312,658.5999755859375,662.3499755859375,634.8294067382812,2882577
2021-11-18,-0.9166224040091038,663.0,666.9000244140625,643.0,650.5499877929688,623.5196533203125,4010171
2021-11-22,-0.5643931896658614,654.9500122070312,663.5,645.0499877929688,657.0,629.7017211914062,3944981
2021-11-23,-0.24924711896649873,657.0999755859375,689.7000122070312,657.0999755859375,683.2999877929688,654.908935546875,9033812
2021-11-24,0.4073803410040758,683.2999877929688,696.0,670.0,683.25,654.8610229492188,4374307
2021-11-25,0.03739330358803272,683.25,687.7999877929688,674.2000122070312,680.9000244140625,652.608642578125,2850008
2021-11-26,-0.9930753523600288,668.25,672.5499877929688,624.25,628.6500244140625,602.5296630859375,8921840
2021-11-29,-0.9789864282356575,631.7000122070312,637.7999877929688,618.0999755859375,625.5999755859375,599.6063842773438,4230776
2021-11-30,-0.4312547093450121,621.5,632.5999755859375,604.2999877929688,608.4000244140625,583.1210327148438,6606473
2021-12-01,0.7703283644126108,614.9500122070312,639.7999877929688,614.0,637.2000122070312,610.7244873046875,6580138
2021-12-02,-0.028752042569976766,638.0,648.75,630.7999877929688,646.75,619.8776245117188,4017457
2021-12-03,0.24434408832651874,637.0,654.8499755859375,637.0,644.5499877929688,617.7689819335938,4885753
2021-12-06,0.19745524747122545,644.7000122070312,661.0,636.75,642.8499755859375,616.1396484375,13699768
2021-12-07,0.1219444717571605,648.9500122070312,663.6500244140625,647.1500244140625,660.6500244140625,633.2000732421875,12896360
2021-12-08,0.4470080661251106,665.5499877929688,676.0,660.1500244140625,672.9500122070312,644.989013671875,9676621
2021-12-09,-0.6182794008742679,676.0,678.3499755859375,661.0499877929688,674.0999755859375,646.0912475585938,9692290
2021-12-10,-0.3983089559478685,670.0,681.4500122070312,670.0,679.5499877929688,651.3147583007812,2430834
2021-12-13,0.3162627746351063,682.0,692.9500122070312,667.5999755859375,670.5499877929688,642.688720703125,4149735
2021-12-14,-0.21130405650183093,665.5499877929688,676.0,661.25,670.2999877929688,642.4490966796875,2942047
2021-12-15,-0.6076768237010887,670.2999877929688,677.6500244140625,656.5999755859375,658.5,631.1394653320312,4724542
2021-12-16,-0.9776615238903711,665.0,666.2000122070312,653.5,662.1500244140625,634.6378173828125,2474595
2021-12-17,-0.6748377927578986,662.1500244140625,665.0,653.0499877929688,660.25,632.8167114257812,3003978
2021-12-20,-0.2777952091437328,650.0999755859375,656.0,630.5,642.5999755859375,615.8999633789062,4070706
2021-12-21,0.25786117664392805,647.0,666.0,645.4000244140625,658.2999877929688,630.9476928710938,3127861
2021-12-22,0.44988661344784003,663.1500244140625,666.1500244140625,657.6500244140625,661.0,633.5355224609375,1273217
2021-12-23,0.4293997092006196,665.7999877929688,670.9000244140625,647.2000122070312,650.25,623.232177734375,2971327
2021-12-24,-0.024454796803183854,652.0499877929688,655.4500122070312,639.2999877929688,651.2999877929688,624.238525390625,3973912
2021-12-27,0.5005342244403437,648.0,654.7999877929688,643.1500244140625,653.0499877929688,625.9158325195312,1838919
2021-12-28,0.43672445430170875,655.0499877929688,661.4000244140625,652.4500122070312,657.3499755859375,630.0371704101562,2232852
2021-12-29,-0.2797201942206205,655.0999755859375,657.2000122070312,644.9500122070312,655.9000244140625,628.6473999023438,3014867
2021-12-30,-0.9978377579973312,656.0,659.4000244140625,643.5499877929688,645.7999877929688,618.9671020507812,3713255
2021-12-31,0.11106309785585229,647.7999877929688,665.0,647.2999877929688,655.9500122070312,628.6953735351562,2499623
2022-01-04,-0.5686277644708753,670.0,673.9000244140625,663.4000244140625,670.4000244140625,642.5449829101562,1999008
2022-01-05,0.5066326512256637,668.0999755859375,697.0,666.3499755859375,694.5,665.6436157226562,6342812
2022-01-06,-0.9658457254990935,692.0,692.5,672.2000122070312,673.9500122070312,645.9474487304688,4714784
2022-01-07,0.20671959444880486,676.0,679.0,667.5,672.8499755859375,644.8931274414062,2862614
2022-01-10,-0.9513945858925581,677.9000244140625,679.5,670.0,672.0999755859375,644.17431640625,1841965
2022-01-11,0.08424496666892715,664.0,668.5499877929688,643.25,645.7000122070312,618.8712158203125,6912370
2022-01-12,0.21394674873445182,652.0,659.2000122070312,649.0,657.0499877929688,629.7496337890625,5343630
2022-01-13,0.1490067125974187,659.0,691.5499877929688,657.25,687.8499755859375,659.2698974609375,7202966
2022-01-14,-0.553338238167473,679.9000244140625,689.5499877929688,677.25,682.7000122070312,654.3339233398438,2054419
2022-01-17,-0.9824766470119357,682.0,704.8499755859375,675.4000244140625,699.4000244140625,670.3400268554688,5920282
2022-01-18,-0.16247894547414035,703.3499755859375,704.5499877929688,677.5499877929688,680.2000122070312,651.9378051757812,3450193
2022-01-19,-0.346261540427804,681.0,689.25,660.0,674.6500244140625,646.618408203125,4889920
2022-01-20,-0.9852316730612074,679.0,686.0,672.4000244140625,682.5,654.1421508789062,2862609
2022-01-21,-0.15858284646865764,678.9000244140625,680.0,662.1500244140625,666.25,638.5673828125,3836844
2022-01-24,-0.8561938553059008,656.5,657.0,618.0,621.7999877929688,595.9642944335938,7296421
2022-01-25,-0.8683760321582668,620.0,640.5999755859375,612.5999755859375,631.1500244140625,604.92578125,5007835
2022-01-27,-0.6990474909543991,619.0,632.1500244140625,612.0499877929688,626.0999755859375,600.0855712890625,4760551
2022-01-28,-0.03307159338146448,631.0,645.9000244140625,625.5499877929688,628.0499877929688,601.9545288085938,3719102
2022-01-31,-0.6993883484263077,636.0,639.0,628.0,628.9500122070312,602.817138671875,2892647
2022-02-01,0.26173623970992466,633.9500122070312,658.8499755859375,628.0,654.2999877929688,627.1138305664062,5150345
2022-02-02,-0.9873619930779872,660.0,663.7999877929688,652.2000122070312,659.8499755859375,632.4332275390625,2562721
2022-02-03,-0.26242247223854065,657.0,667.4000244140625,650.0,653.1500244140625,626.01171875,2456228
2022-02-04,0.035346530140876506,647.0,665.9000244140625,647.0,657.3499755859375,630.0371704101562,3284062
2022-02-07,0.9893025271012448,659.4000244140625,666.6500244140625,645.5999755859375,651.1500244140625,624.0948486328125,2768417
2022-02-08,-0.4980660278306459,655.5999755859375,662.9000244140625,644.25,660.0999755859375,632.6729125976562,3184065
2022-02-09,0.9676473215222359,662.8499755859375,666.5999755859375,657.8499755859375,663.0499877929688,635.5003051757812,2200828
2022-02-10,0.221933681362619,666.2000122070312,678.0,664.0999755859375,672.5499877929688,644.6055908203125,4284880
2022-02-11,0.4541095250286162,668.9500122070312,675.0,659.6500244140625,671.4000244140625,643.50341796875,3122555
2022-02-14,-0.7276001641216377,656.2999877929688,665.0,604.2999877929688,626.5499877929688,600.5169067382812,6491576
2022-02-15,0.02866417363596459,635.8499755859375,643.4500122070312,617.0999755859375,640.6500244140625,614.0310668945312,4001839
2022-02-16,-0.4480433100834489,641.1500244140625,646.1500244140625,635.0,638.0,611.4911499023438,1939683
2022-02-17,-0.48470504857444513,641.7999877929688,649.4500122070312,634.4000244140625,638.2000122070312,611.6829223632812,2382178
2022-02-18,-0.9389693606644869,635.2000122070312,642.5,631.1500244140625,632.8499755859375,606.5551147460938,1458069
2022-02-21,0.37284179070265966,631.9000244140625,635.0,621.25,623.0999755859375,597.2102661132812,1857572
2022-02-22,0.2577110474618773,611.0,624.7000122070312,602.5,622.0,596.1559448242188,3353278
2022-02-23,-0.33057600057994324,624.5,627.9500122070312,612.8499755859375,614.7000122070312,589.1593017578125,2339927
2022-02-24,-0.7525527384495945,599.0,604.5,566.0,569.3499755859375,545.6935424804688,5487481
2022-02-25,-0.0676888694986701,576.1500244140625,605.9500122070312,576.1500244140625,598.5999755859375,573.7282104492188,4524909
2022-02-28,-0.02036492455573309,591.5,629.7999877929688,590.2000122070312,627.4500122070312,601.3795776367188,7142843
2022-03-02,-0.5497267393893708,625.0,654.0,622.1500244140625,644.5999755859375,617.81689453125,8894940
2022-03-03,-0.8230161666870117,650.5,662.5,649.2999877929688,654.7000122070312,627.497314453125,5940599
2022-03-04,-0.9822863070294261,654.7000122070312,660.4000244140625,628.7000122070312,631.9500122070312,605.6925048828125,7605400
2022-03-07,-0.9986867356928997,630.0,643.0,622.5,637.1500244140625,610.676513671875,5507113
2022-03-08,-0.5909273009617917,639.9500122070312,639.9500122070312,613.0999755859375,629.8499755859375,603.6798095703125,5422987
2022-03-09,0.018745753914117813,629.0,634.25,618.0,627.1500244140625,601.0919799804688,3784214
2022-03-10,-0.11287192101424028,632.0,652.1500244140625,624.0,650.75,623.7113647460938,5201836
2022-03-11,-0.4461695215302623,648.5,673.0,647.2000122070312,669.75,641.9219970703125,8172290
2022-03-15,-0.9936059031557912,659.0,660.7999877929688,635.0,641.1500244140625,614.5103149414062,4754984
2022-03-16,-0.04611074272543192,648.6500244140625,662.75,647.5,655.25,628.0244140625,3150421
2022-03-17,0.3238113264378626,662.0,692.9500122070312,660.3499755859375,685.0999755859375,656.6341552734375,9991824
2022-03-21,-0.004606877570040524,689.7000122070312,699.0,679.0,681.2999877929688,652.9920654296875,4609771
2022-03-22,-0.7410907230514567,678.8499755859375,699.9000244140625,677.4500122070312,696.5,667.5604858398438,4811589
2022-03-23,0.32857814530143514,702.9000244140625,710.0,692.25,704.4000244140625,675.1322021484375,8964532
2022-03-24,-0.5228039156645536,704.5,719.5,704.2000122070312,715.0999755859375,685.3876342773438,6069039
2022-03-25,-0.5034713558464622,718.0,726.5,710.25,721.3499755859375,691.3779907226562,16121868
2022-03-28,0.9876991798228119,722.0,731.4500122070312,718.1500244140625,730.0999755859375,699.764404296875,8935680
2022-03-29,0.7031576778972521,731.5,764.75,726.6500244140625,753.9000244140625,722.5755615234375,7285191
2022-03-30,0.18907086378894747,750.0,750.7000122070312,714.9500122070312,717.5499877929688,687.7359008789062,5994838
2022-03-31,0.2839181369054131,724.0,737.5,720.5499877929688,732.6500244140625,702.20849609375,5946576
2022-04-01,-0.08391845540609211,735.0,749.9500122070312,728.5,732.2000122070312,701.7772216796875,5079937
2022-04-04,0.40358551260682624,732.5,738.0,726.7999877929688,732.7000122070312,702.2564086914062,4901374
2022-04-05,0.983870144264074,737.9000244140625,746.0,730.1500244140625,733.4500122070312,702.9752197265625,3524949
2022-04-06,0.9074966162443161,730.5,746.5,729.7999877929688,737.4000244140625,706.7611694335938,4111360
2022-04-07,0.4691341762445518,735.0,742.75,725.75,728.0499877929688,697.799560546875,2954985
2022-04-08,-0.02356926058508599,734.4500122070312,762.0499877929688,731.2000122070312,756.5999755859375,725.163330078125,8125253
2022-04-11,-0.32353178787577364,756.0,775.0,756.0,767.4000244140625,735.5146484375,7926472
2022-04-12,-0.2899732729665151,769.4000244140625,773.75,738.1500244140625,755.9000244140625,724.492431640625,8595936
2022-04-13,-0.16992229986935853,760.0,781.0999755859375,760.0,766.3499755859375,734.5082397460938,6722613
2022-04-18,-0.24777526420075446,764.0,775.8499755859375,758.4000244140625,767.8499755859375,735.9458618164062,5866740
2022-04-19,-0.5888419108066175,772.7000122070312,790.0,736.0999755859375,746.4000244140625,715.38720703125,7301285
2022-04-20,0.7976106166218718,758.0,758.0,732.5,738.8499755859375,708.15087890625,4679947
2022-04-21,-0.5323862044929734,744.0,747.25,725.5,734.2000122070312,703.6941528320312,3995936
2022-04-22,0.31193435844033957,730.0,737.0,722.0499877929688,723.4000244140625,693.3428344726562,2244262
2022-04-25,-0.37267052722745575,711.0,719.5,695.25,715.7000122070312,685.9627075195312,4935672
2022-04-26,0.21517656171428307,722.3499755859375,724.2999877929688,713.0499877929688,721.2000122070312,691.2342529296875,3260695
2022-04-27,0.08921313629252836,713.0,734.2000122070312,711.0,720.5999755859375,690.6591186523438,3391522
2022-04-28,0.010424946929560974,729.8499755859375,734.25,722.6500244140625,729.0999755859375,698.8059692382812,4079934
2022-05-02,0.9955075359903276,720.0,734.2000122070312,709.0499877929688,731.9500122070312,701.5375366210938,2802163
2022-05-04,0.9965319937327877,734.0,736.0,708.0499877929688,711.5499877929688,681.9851684570312,3011231
2022-05-06,-0.996246680704644,695.4000244140625,700.9000244140625,680.6500244140625,690.4000244140625,661.7139892578125,3930624
2022-05-09,0.9955229586921632,681.0,686.0999755859375,668.0999755859375,678.3499755859375,650.1646118164062,3380947
2022-05-10,-0.470641530436786,674.0,677.0,643.0999755859375,645.2999877929688,618.4878540039062,4293241
2022-05-11,-0.9222310967743397,644.5,658.0,635.3499755859375,648.9500122070312,621.9862060546875,4158341
2022-05-12,0.35970939152563614,647.7000122070312,651.5499877929688,620.0,624.7999877929688,598.8396606445312,4123927
2022-05-16,0.04251322848722339,616.0,626.7000122070312,599.0499877929688,602.2999877929688,577.2745361328125,4641172
2022-05-17,0.30568815192673354,610.0,645.7999877929688,609.1500244140625,641.8499755859375,615.1812133789062,6309092
2022-05-19,-0.7809560850728303,619.0,624.9500122070312,592.0499877929688,600.2000122070312,575.26171875,5816509
2022-05-20,0.9856095029972494,621.0,634.2999877929688,616.7000122070312,631.0999755859375,604.8778686523438,6187868
2022-05-23,-0.5110129688540904,594.0,594.0,537.5,547.5499877929688,524.79931640625,17554373
2022-05-24,-0.9359752594828024,548.9500122070312,556.4000244140625,537.25,539.7000122070312,517.2755126953125,7517949
2022-05-25,-0.9938738618511707,541.9000244140625,545.0,521.0,528.4500122070312,506.4929504394531,4725882
2022-05-26,-0.13493850849044975,530.5,555.7000122070312,520.0499877929688,551.7000122070312,528.7769165039062,8178844
2022-05-27,-0.3638301652147978,558.0,561.2999877929688,539.4000244140625,548.4000244140625,525.6140747070312,5193961
2022-05-30,-0.009215112731908448,530.0,544.75,525.5999755859375,538.8499755859375,516.4608154296875,12211769
2022-05-31,-0.045055315208931766,537.5999755859375,558.2999877929688,532.2000122070312,551.25,528.3455810546875,20152169
2022-06-01,-0.029424690641462803,554.0499877929688,572.3499755859375,549.2000122070312,569.5,545.8372802734375,8495547
2022-06-02,-0.7915412038564682,570.9000244140625,575.0,557.6500244140625,573.4000244140625,549.5753173828125,7010273
2022-06-03,-0.998672651767265,576.0,581.9500122070312,559.5499877929688,562.4500122070312,539.0802612304688,6367536
2022-06-06,-0.7206338605785276,553.0,583.25,553.0,579.0,554.942626953125,10383944
2022-06-07,0.4811558901332319,575.0,579.4500122070312,567.0999755859375,572.0999755859375,548.3292846679688,3735461
2022-06-08,-0.9428626331500709,573.5999755859375,583.0,572.2000122070312,576.1500244140625,552.2109985351562,4138705
2022-06-09,0.18093155593378468,570.0,575.7000122070312,564.0,572.2000122070312,548.4251098632812,3922515
2022-06-10,-0.3304974287748337,565.0,574.0,561.3499755859375,572.5,548.712646484375,3374125
2022-06-14,0.9802154817152768,562.7999877929688,576.7999877929688,560.1500244140625,561.9000244140625,538.5531005859375,3413396
2022-06-15,-0.16420868126442656,562.0999755859375,569.0,557.0499877929688,563.0,539.607421875,3803101
2022-06-16,0.2800399995564173,571.5,571.5,544.4500122070312,545.8499755859375,523.1699829101562,4899759
2022-06-17,-0.9868271667510271,540.0999755859375,561.7000122070312,539.7000122070312,554.5999755859375,531.556396484375,6776372
2022-06-20,-0.9112274107290432,550.5999755859375,554.5999755859375,536.0999755859375,550.3499755859375,527.4829711914062,5614520
2022-06-21,-0.01435721357120201,556.0,580.7999877929688,552.7000122070312,576.2000122070312,552.2589721679688,4657829
2022-06-22,-0.6842362296360079,567.25,569.9000244140625,542.5,550.4000244140625,527.531005859375,8511658
2022-06-23,0.3546489682048559,550.0,565.5,548.0,558.9500122070312,535.7257080078125,5037690
2022-06-24,-0.7466446729376912,561.7000122070312,572.9000244140625,560.25,567.7999877929688,544.2080078125,3406061
2022-06-27,-0.05831520639185328,575.7000122070312,588.5,570.0499877929688,571.6500244140625,547.8980102539062,6550599
2022-06-28,0.11624606266351682,573.4500122070312,580.5499877929688,568.0,578.4000244140625,554.3675537109375,4285360
2022-06-29,-0.5974008034893565,573.5,581.1500244140625,569.1500244140625,576.0499877929688,552.1151733398438,3334027
2022-06-30,-0.9616788883518893,577.0,582.7999877929688,556.2000122070312,564.5,541.0451049804688,5646362
2022-07-01,-0.9689883328974247,556.5499877929688,580.5,556.5499877929688,578.8499755859375,554.7987670898438,3737790
2022-07-04,-0.29197400978383875,562.0999755859375,568.75,544.2000122070312,551.5,544.9181518554688,6026463
2022-07-05,0.35235088923946023,555.5,564.0,550.5999755859375,552.6500244140625,546.0545043945312,3562565
2022-07-06,0.07810845064765697,548.0,557.2999877929688,541.0,554.5499877929688,547.9317626953125,3281658
2022-07-07,0.28630762670833904,560.5499877929688,578.0,551.5999755859375,574.5999755859375,567.7424926757812,4952962
2022-07-08,0.9095060335239395,580.0,581.0999755859375,562.5499877929688,566.2000122070312,559.4427490234375,3313755
2022-07-11,-0.17031864193914872,564.0,591.3499755859375,561.0999755859375,577.2999877929688,570.4102783203125,4900994
2022-07-12,-0.40053088364948053,573.9000244140625,581.4500122070312,563.5,574.4500122070312,567.5942993164062,3425619
2022-07-13,0.3194596478618526,575.5499877929688,593.75,574.5999755859375,588.5999755859375,581.5753784179688,4569908
2022-07-14,0.29274542811456034,589.0,591.4500122070312,574.25,584.0,577.0303344726562,4660656
2022-07-15,-0.9008120467187837,582.0,584.0,569.3499755859375,576.4000244140625,569.5210571289062,3051005
2022-07-18,0.3654036358888594,582.9000244140625,592.0,578.0,585.9500122070312,578.9570922851562,3583550
2022-07-19,0.31735559506341815,580.8499755859375,589.5999755859375,577.4000244140625,584.8499755859375,577.8701171875,3586372
2022-07-20,0.12355698458850384,595.5,599.9500122070312,587.0,590.3499755859375,583.3045043945312,4550328
2022-07-21,0.3351956551487092,589.9000244140625,595.9000244140625,585.0499877929688,587.5499877929688,580.5379638671875,3773423
2022-07-22,-0.6876521231606603,588.0,592.5499877929688,579.2000122070312,582.4500122070312,575.4988403320312,4351458
2022-07-25,-0.26924958918243647,573.5,588.4000244140625,573.5,585.5,578.5123901367188,5783353
2022-07-26,-0.03341274813283235,584.0,599.6500244140625,581.5999755859375,597.75,590.6162109375,6031921
2022-07-27,0.31266193503203493,596.0,603.7999877929688,590.0,602.7000122070312,595.5071411132812,2913380
2022-07-28,0.6541923135519028,605.0999755859375,626.9500122070312,603.0499877929688,616.7000122070312,609.3400268554688,5104503
2022-07-29,0.9382642495911568,623.0,637.9500122070312,620.5499877929688,629.5999755859375,622.0860595703125,4732970
2022-08-01,0.5291959347487136,634.5999755859375,641.0,628.25,639.2000122070312,631.571533203125,3055387
2022-08-02,-0.6907349112909287,637.75,649.9500122070312,626.2999877929688,648.7000122070312,640.9581298828125,3053206
2022-08-03,-0.001607719692401588,650.0,660.7999877929688,645.0,652.7999877929688,645.0091552734375,4446383
2022-08-04,-0.5052795206662267,652.9000244140625,673.4500122070312,652.9000244140625,664.3499755859375,656.42138671875,4705675
2022-08-05,-0.008467870609213909,665.0999755859375,674.0,665.0,667.1500244140625,659.18798828125,2455459
2022-08-08,-0.447336989804171,670.5,676.0,662.4500122070312,669.2000122070312,661.2135009765625,2446698
2022-08-10,-0.13437680055439058,672.5499877929688,674.7999877929688,660.0,670.0999755859375,662.102783203125,3252353
2022-08-11,-0.08700330697465689,673.0999755859375,678.2999877929688,669.4500122070312,673.5999755859375,665.5609741210938,3480693
2022-08-12,0.26675129945700365,673.5999755859375,685.0,673.0,678.2000122070312,670.1060791015625,3476671
2022-08-16,0.99841446596353,678.0,680.9000244140625,670.4000244140625,673.8499755859375,665.8079833984375,2747244
2022-08-17,-0.31337362496803206,672.5499877929688,676.4500122070312,668.4000244140625,672.5999755859375,664.5729370117188,2349839
2022-08-18,0.052866430506886296,670.0,677.75,668.9000244140625,673.4000244140625,665.3634033203125,1806855
2022-08-19,0.37786743348260643,676.7999877929688,676.7999877929688,663.0999755859375,664.5499877929688,656.6189575195312,1961510
2022-08-22,-0.10349666195300718,660.9000244140625,663.0999755859375,641.0,642.9500122070312,635.2767944335938,2303053
2022-08-24,2.2755702957510948e-05,654.5,657.2999877929688,647.0,651.5,643.7247314453125,1781643
2022-08-25,-0.7315267994999886,654.0,659.8499755859375,647.0499877929688,648.7000122070312,640.9581298828125,1525852
2022-08-26,-0.996293026371859,656.0,670.5499877929688,654.0,667.0,659.039794921875,3070661
2022-08-29,-0.30690386953453225,654.0,659.9500122070312,642.5999755859375,649.5999755859375,641.8473510742188,2728484
2022-08-30,-0.9776980625465512,652.8499755859375,668.0,651.5,666.9000244140625,658.9409790039062,2321586
2022-09-01,-0.11584629504068289,655.0,669.7999877929688,653.25,661.5999755859375,653.7041625976562,2472832
2022-09-02,0.3247336846155425,660.0,669.0,654.0,661.4000244140625,653.506591796875,2022058
2022-09-05,0.8250400372392809,662.0,683.5499877929688,662.0,681.9500122070312,673.8113403320312,4930594
2022-09-06,-0.10179833662696183,682.0,687.0,678.5,684.5499877929688,676.3803100585938,3295941
2022-09-07,0.43536435017761377,678.0,687.75,675.7999877929688,684.5999755859375,676.4296875,2310672
2022-09-08,-0.0015410384429352625,687.0,691.0999755859375,679.2999877929688,685.3499755859375,677.1707763671875,1889770
2022-09-09,0.10914547089487314,687.0,701.75,685.0999755859375,686.9500122070312,678.751708984375,3953738
2022-09-12,0.12341925647342578,686.9500122070312,686.9500122070312,686.9500122070312,686.9500122070312,678.751708984375,0
2022-09-13,0.09463550424418198,690.0,697.9500122070312,686.5999755859375,691.0499877929688,682.802734375,2094822
2022-09-14,-0.5243289977806853,685.0,701.7999877929688,682.0,692.8499755859375,684.5812377929688,2755630
2022-09-15,-0.9735309928655624,692.0999755859375,698.0,684.5,689.6500244140625,681.41943359375,2887795
2022-09-16,-0.4882929864761536,685.0,694.5,679.0,685.8499755859375,677.6647338867188,4073365
2022-09-19,0.12279382888227701,682.0,691.5,675.3499755859375,679.9500122070312,671.835205078125,1708723
2022-09-20,-0.18033409686759114,683.3499755859375,698.25,682.0499877929688,689.0,680.7772216796875,1802967
2022-09-21,0.23371483323474726,685.2000122070312,692.5,682.0,684.8499755859375,676.6766967773438,1806929
2022-09-22,-0.9448906611651182,681.0,687.0,674.0,679.3499755859375,671.2423706054688,1504203
2022-09-23,-0.95302760527314,681.5,686.9500122070312,667.0,669.0,661.015869140625,1558314
2022-09-27,-0.007486579372198321,649.4000244140625,650.9500122070312,633.0,637.0,629.3977661132812,2512782
2022-09-28,-0.01758587665099185,629.0999755859375,632.5,615.0,616.5,609.1424560546875,2164186
2022-09-29,0.970493420783896,620.5,628.0,617.0499877929688,618.25,610.87158203125,3577828
2022-09-30,-0.22264419060666113,621.0,633.9500122070312,614.2000122070312,631.6500244140625,624.1116333007812,1588501
2022-10-03,-0.51760514912894,631.0,631.0,621.25,623.5499877929688,616.1083374023438,1285991
2022-10-04,-0.20136484828877396,633.7999877929688,645.0,632.1500244140625,643.2000122070312,635.5238037109375,1384242
2022-10-06,0.3661639340862166,648.4000244140625,678.0,648.4000244140625,674.4500122070312,666.40087890625,3704140
2022-10-07,-0.9303370878527252,671.4000244140625,673.0,659.5499877929688,666.0499877929688,658.10107421875,1601796
2022-10-10,0.21720387932145968,655.6500244140625,668.0,654.5,666.0,658.0516967773438,1089870
2022-10-11,-0.09640326402150094,669.3499755859375,669.3499755859375,640.0,642.75,635.0791625976562,1644047
2022-10-14,0.08078945812303573,658.0,659.5,639.0,640.25,632.6090087890625,1386827
2022-10-17,0.26340645118519507,633.1500244140625,636.25,624.0,631.4500122070312,623.9140625,2281559
2022-10-18,0.026752019439300057,634.5999755859375,638.5,631.1500244140625,636.75,629.1507568359375,1809430
2022-10-19,-0.4860442246281309,639.9500122070312,639.9500122070312,625.0,625.9000244140625,618.4302978515625,2157157
2022-10-21,-0.603920776990708,630.0999755859375,630.5,616.5,622.0499877929688,614.626220703125,2547197
2022-10-24,0.9933602263918146,622.0499877929688,622.0499877929688,622.0499877929688,622.0499877929688,614.626220703125,0
2022-10-25,-0.9649031119886786,624.2000122070312,650.9500122070312,624.2000122070312,644.3499755859375,636.6600341796875,4787246
2022-10-27,0.26558227415639873,650.0,683.0,648.0,679.5999755859375,671.4893798828125,8328955
2022-10-28,-0.018321493407711387,676.5999755859375,678.4500122070312,663.4500122070312,670.4000244140625,662.3992309570312,2500826
2022-10-31,-0.03835722233634442,672.0,676.4500122070312,669.0499877929688,673.9500122070312,665.9067993164062,1380329
2022-11-01,-0.995602561859414,670.0,688.25,670.0,686.3499755859375,678.1588134765625,2846573
2022-11-02,0.19877016047636667,685.0,693.9500122070312,682.2999877929688,684.2000122070312,676.0345458984375,1912908
2022-11-03,0.3525221310555935,678.7000122070312,688.0,677.9500122070312,680.2000122070312,672.082275390625,1639039
2022-11-04,0.5976369931692412,683.2000122070312,703.9500122070312,682.3499755859375,701.75,693.3750610351562,3624889
2022-11-07,0.999230703455396,705.2999877929688,715.4500122070312,700.0,710.0,701.526611328125,3121786
2022-11-10,-0.9964827882746855,699.7999877929688,705.7000122070312,697.2000122070312,701.0499877929688,692.6834106445312,932886
2022-11-14,-0.9948082943446934,722.5999755859375,731.4000244140625,716.6500244140625,719.4000244140625,710.814453125,2089880
2022-11-15,0.006935203156899661,720.4000244140625,724.8499755859375,712.7999877929688,722.3499755859375,713.7291870117188,1065114
2022-11-16,-0.9857479254133068,720.5,721.9500122070312,704.0,708.25,699.7974853515625,1395043
2022-11-17,-0.9705453163478523,705.0,712.9500122070312,697.5499877929688,708.5999755859375,700.1432495117188,1391449
2022-11-21,0.06083494649612389,720.0,722.8499755859375,692.6500244140625,696.5499877929688,688.237060546875,3360316
2022-11-22,-0.16372675151797011,696.5,709.9000244140625,691.0,708.25,699.7974853515625,2421572
2022-11-23,-0.94265948960674,710.0999755859375,722.0,708.0,720.5499877929688,711.95068359375,1735389
2022-11-24,-0.5981622504070401,722.0,728.4500122070312,717.0999755859375,725.9500122070312,717.2861938476562,1654760
2022-11-25,0.6346831619739532,722.0,728.5999755859375,720.0999755859375,726.2000122070312,717.533203125,1466688
2022-11-28,0.4102336309460952,718.5,724.75,710.0,715.6500244140625,707.109130859375,2418509
2022-11-29,0.2516591296764091,714.5,735.9000244140625,713.8499755859375,732.5499877929688,723.8074340820312,3306817
2022-11-30,0.24799539878828605,734.0999755859375,745.6500244140625,731.0999755859375,743.4000244140625,734.5279541015625,3962572
2022-12-01,0.6433067581771562,747.1500244140625,752.9500122070312,743.0999755859375,746.2999877929688,737.3933715820312,1942307
2022-12-02,-0.1960549370996887,746.6500244140625,751.2999877929688,740.5499877929688,743.0499877929688,734.18212890625,1392199
2022-12-05,0.1398300624703272,746.4500122070312,759.0,746.0,756.5999755859375,747.5703735351562,2129340
2022-12-06,-0.27899256472786266,754.9500122070312,755.75,740.2000122070312,746.75,737.8379516601562,1468238
2022-12-07,0.7895940206944942,747.0499877929688,751.0,736.25,738.1500244140625,729.3406372070312,1162282
2022-12-08,-0.7403384640400129,738.1500244140625,746.7000122070312,736.0499877929688,744.7000122070312,735.8124389648438,1053397
2022-12-09,-0.5813144370913506,748.4500122070312,750.7999877929688,738.2000122070312,740.4000244140625,731.5637817382812,1338271
2022-12-12,0.3840296200069133,738.0,742.0,727.5,740.8499755859375,732.0084228515625,1224081
2022-12-13,-0.09576999354693624,744.5,746.0,735.6500244140625,744.25,735.3677978515625,1201367
2022-12-14,0.5619950157823042,747.9500122070312,759.6500244140625,745.8499755859375,757.9500122070312,748.904296875,1471083
2022-12-15,-0.9242387409710014,756.0,762.9000244140625,741.0,743.3499755859375,734.4785766601562,1690335
2022-12-16,-0.0457213360350579,739.7999877929688,747.5499877929688,735.0,743.4500122070312,734.577392578125,1498658
2022-12-19,0.3679854861693457,742.0,750.7999877929688,739.75,749.4500122070312,740.5057983398438,944749
2022-12-20,-0.4603993771233945,740.4500122070312,747.1500244140625,733.0999755859375,745.7999877929688,736.8992919921875,1512103
2022-12-22,0.9964191772742197,743.0999755859375,749.0,734.4500122070312,737.5499877929688,728.7477416992188,1403642
2022-12-23,0.969417822547257,729.9500122070312,736.5499877929688,722.4000244140625,727.8499755859375,719.1635131835938,1687270
2022-12-26,-0.9243300966918468,727.5499877929688,737.3499755859375,723.25,732.2000122070312,723.461669921875,1168456
2022-12-27,0.4968435449809476,735.9000244140625,769.2999877929688,734.4500122070312,764.9500122070312,755.8207397460938,4992699
2022-12-28,-0.22616773747140542,761.0,767.0999755859375,757.1500244140625,761.7000122070312,752.609619140625,1917734
2022-12-29,-0.514927792197947,756.0,771.4500122070312,752.5,769.4000244140625,760.2177124023438,2103907
2022-12-30,-0.022539535129908472,773.0,777.5,765.25,768.0499877929688,758.8837280273438,2190914
2023-01-02,0.8935740213491954,771.9000244140625,783.5,766.1500244140625,775.2999877929688,766.0472412109375,3360043
2023-01-03,0.8429230079054832,776.1500244140625,776.5,763.5999755859375,767.9000244140625,758.735595703125,1635681
2023-01-04,-0.6840399733482627,766.4000244140625,767.6500244140625,734.5499877929688,736.2999877929688,727.5126953125,2819669
2023-01-05,-0.03577358269831166,741.8499755859375,752.8499755859375,736.5499877929688,750.7000122070312,741.7409057617188,2452379
2023-01-09,0.680175351689104,736.75,746.6500244140625,735.1500244140625,742.3499755859375,733.4904174804688,1761359
2023-01-10,-0.9738401640206575,744.25,751.4500122070312,735.0499877929688,745.2000122070312,736.3065185546875,2289489
2023-01-11,-0.49627066426182864,750.0,758.4500122070312,748.0499877929688,754.2000122070312,745.1990966796875,2794465
2023-01-12,0.9974557667737827,758.4000244140625,764.4000244140625,752.5999755859375,763.4500122070312,754.3386840820312,2422254
2023-01-13,0.01145257549796952,765.0,771.9500122070312,761.7000122070312,768.5,759.328369140625,1816006
2023-01-16,-0.7404619037406519,768.75,771.0,753.7000122070312,759.2000122070312,750.139404296875,1673126
2023-01-17,-0.990165529695029,758.4500122070312,763.75,747.2999877929688,757.5,748.4596557617188,1480994
2023-01-18,-0.3014812245188902,759.0,769.5,755.2000122070312,767.1500244140625,757.9945678710938,1740579
2023-01-19,0.9940284744952805,762.9500122070312,774.0,757.0499877929688,760.0499877929688,750.979248046875,2185302
2023-01-20,-0.6539266715925705,760.0,764.0,738.4000244140625,741.4500122070312,732.6012573242188,3001352
2023-01-23,0.12309772970620543,737.5499877929688,747.1500244140625,726.0,733.9500122070312,725.1907958984375,3335294
2023-01-24,0.36683658390289303,735.0,737.9000244140625,719.0,722.0499877929688,713.4328002929688,3146984
2023-01-25,-0.00911172921769321,723.0,726.9000244140625,717.0,724.6500244140625,716.0017700195312,1567673
2023-01-27,0.971702023409307,727.7999877929688,728.25,711.5999755859375,721.3499755859375,712.7410888671875,2706934
2023-01-30,0.009744323720224202,725.0,725.0,692.7999877929688,701.7000122070312,693.3256225585938,2277856
2023-01-31,0.20769271850585938,708.7000122070312,719.7999877929688,704.1500244140625,716.4500122070312,707.8995971679688,2294866
2023-02-01,-0.5125158315058798,722.0,738.7000122070312,719.7999877929688,729.7000122070312,720.9915161132812,3271508
2023-02-02,-0.9404708333604503,729.75,736.9000244140625,721.75,727.4000244140625,718.7189331054688,2299091
2023-02-03,0.825061522424221,727.0,734.2999877929688,719.5,731.8499755859375,723.1157836914062,2558496
2023-02-06,-0.5765581563930027,727.8499755859375,731.2999877929688,709.0999755859375,711.0499877929688,702.5640258789062,1202963
2023-02-07,0.004629831644706428,708.0,720.6500244140625,706.0999755859375,714.0999755859375,705.57763671875,1946683
2023-02-08,-0.47340081143192947,717.7999877929688,736.0,712.5499877929688,731.9500122070312,723.214599609375,1793312
2023-02-09,-0.3566774008407568,733.0,737.4000244140625,722.4500122070312,723.75,715.1124877929688,956700
2023-02-10,-0.9948676685453393,722.0,726.6500244140625,712.0,718.9500122070312,710.3698120117188,997205
2023-02-13,-0.33913493119180205,716.0,727.7000122070312,715.0,718.0499877929688,709.48046875,863438
2023-02-14,0.22694315118715166,721.6500244140625,726.0,715.4500122070312,723.8499755859375,715.2112426757812,931784
2023-02-15,0.6661435172349836,720.0999755859375,728.5999755859375,720.0999755859375,727.1500244140625,718.471923828125,859372
2023-02-16,-0.7964467461958217,730.7999877929688,731.4500122070312,723.9500122070312,727.9500122070312,719.2623901367188,649802
2023-02-17,0.3330238914738099,726.0,735.9000244140625,725.4000244140625,728.4000244140625,719.7069702148438,1142716
2023-02-20,0.4752332626376301,728.4000244140625,733.0,721.4000244140625,723.3499755859375,714.7172241210938,606435
2023-02-21,0.7113609933039697,730.0,736.0,717.2999877929688,720.0999755859375,711.5060424804688,1749017
2023-02-22,-0.43350916415511165,720.0999755859375,723.25,695.0,699.9500122070312,691.5964965820312,1810091
2023-02-23,0.4026114416815939,701.9000244140625,714.2999877929688,700.0999755859375,701.2999877929688,692.9303588867188,1824396
2023-02-24,0.06992940900090616,705.0,706.75,677.2000122070312,685.0,676.824951171875,2142286
2023-02-27,-0.3287178079869288,684.5,685.0,665.8499755859375,680.5,672.378662109375,1814311
2023-02-28,-0.9954234671749873,683.9500122070312,683.9500122070312,664.9000244140625,667.2000122070312,659.2373657226562,1915622
2023-03-02,0.015543008300786218,680.1500244140625,683.7000122070312,673.5999755859375,675.0999755859375,667.0430908203125,1091983
2023-03-03,-0.39941126853227615,681.5,686.0,676.0499877929688,682.2999877929688,674.1571044921875,1084202
2023-03-06,0.23408280703733908,683.5,683.7999877929688,673.3499755859375,674.25,666.2031860351562,1215223
2023-03-08,-0.4229131992906332,670.0,677.0,664.0,675.4000244140625,667.3394775390625,1539129
2023-03-09,-0.11113041522299968,677.0999755859375,691.9500122070312,672.5499877929688,680.2000122070312,672.082275390625,6336933
2023-03-10,-0.25148551499296445,668.25,681.3499755859375,666.0999755859375,679.4000244140625,671.291748046875,5369878
2023-03-13,-0.5536155037407298,682.7999877929688,691.4500122070312,673.0499877929688,675.5999755859375,667.537109375,1602921
2023-03-14,0.03253825529827736,678.0,682.7999877929688,667.7000122070312,672.0499877929688,664.0294799804688,1555671
2023-03-15,0.9984345519915223,681.0,684.7999877929688,674.7000122070312,679.6500244140625,671.538818359375,1173429
2023-03-16,-0.24653392952750436,675.2000122070312,675.7000122070312,649.0499877929688,662.4000244140625,654.4946899414062,2512474
2023-03-17,-0.19513053380485093,670.0,678.0,664.5,676.4000244140625,668.32763671875,1667707
2023-03-20,-0.48179524480032604,672.9000244140625,672.9000244140625,660.0,668.1500244140625,660.1760864257812,1480884
2023-03-21,0.29287268335853395,671.5,671.5,662.0,665.75,657.8046875,1133592
2023-03-28,0.999418636172777,662.1500244140625,662.9500122070312,655.9500122070312,660.0,652.123291015625,1190600
2023-03-29,-0.30309709689269465,663.2999877929688,685.4500122070312,658.5999755859375,678.9000244140625,670.7977905273438,2208428
2023-04-03,0.19047987026472887,690.4000244140625,691.6500244140625,676.1500244140625,682.2000122070312,674.058349609375,1335604
2023-04-05,0.11076140037870832,678.5,690.0,675.0499877929688,686.5499877929688,678.3564453125,1188370
2023-04-06,-0.9895388449755652,688.0,688.0,680.25,682.7000122070312,674.5524291992188,726290
2023-04-10,-0.28028788531876425,684.0499877929688,693.25,682.7999877929688,688.5,680.2831420898438,600036
2023-04-11,0.4592722545018081,693.75,715.0,688.5,713.5999755859375,705.0835571289062,4076632
2023-04-12,0.8982507971280332,719.9000244140625,722.5,711.4000244140625,718.25,709.6781616210938,1810361
2023-04-17,0.7178183868527412,714.0,723.6500244140625,714.0,721.2000122070312,712.5929565429688,1253589
2023-04-19,-0.1879630251399552,715.3499755859375,733.7000122070312,715.3499755859375,722.3499755859375,713.7291870117188,2268330
2023-04-20,0.47363170608005023,726.0,727.0,712.7000122070312,715.7999877929688,707.25732421875,1033900
2023-04-21,-0.001239278237335384,719.0,719.0,703.0999755859375,710.6500244140625,702.1688232421875,1416385
2023-04-24,0.19762358895968646,708.5499877929688,723.9000244140625,705.1500244140625,720.3499755859375,711.7529907226562,729151
2023-04-25,0.14959129132330418,720.3499755859375,730.5999755859375,717.7999877929688,725.0,716.3475952148438,1079227
2023-04-26,-0.5887788411928341,720.0,724.6500244140625,712.0,723.4500122070312,714.8160400390625,1277410
2023-04-27,0.9962571903597564,723.0,734.75,717.5999755859375,732.0999755859375,723.36279296875,1247848
2023-04-28,-0.01788020960520953,736.0,736.0,721.5499877929688,725.2999877929688,716.6439819335938,1593083
2023-05-02,-0.06476197040562208,731.9500122070312,746.5,728.5,737.9000244140625,729.0936279296875,1965606
2023-05-03,-0.3672844754931118,731.0,735.5,725.9000244140625,732.4500122070312,723.7086791992188,1215913
2023-05-04,-0.3714311420917511,733.9500122070312,742.0,730.25,738.7000122070312,729.884033203125,1464468
2023-05-08,-0.7144191509578377,735.5999755859375,741.0,730.0499877929688,732.7999877929688,724.054443359375,1132367
2023-05-09,-0.34610574024069746,733.5999755859375,740.5,722.5,724.5999755859375,715.9522705078125,1179219
2023-05-10,-0.3029239245079225,725.0,729.5999755859375,719.4000244140625,724.3499755859375,715.7052612304688,919645
2023-05-11,0.68030832282966,727.5,729.4000244140625,708.5,710.5999755859375,702.119384765625,1284636
2023-05-12,-0.43778378874828505,699.9000244140625,708.9000244140625,691.1500244140625,702.6500244140625,694.2643432617188,1499306
2023-05-15,0.019339985214173794,701.9000244140625,710.5,697.0,705.5499877929688,697.129638671875,998259
2023-05-16,-0.9253927990794182,710.4500122070312,711.0499877929688,700.5499877929688,702.75,694.3630981445312,874913
2023-05-17,-0.3978372539471214,701.3499755859375,701.3499755859375,691.7999877929688,695.0999755859375,686.8043823242188,1686465
2023-05-18,0.893836143729277,700.7999877929688,709.5,689.25,692.0499877929688,683.790771484375,3667407
2023-05-19,0.37790995725775317,696.0,696.5999755859375,681.0499877929688,693.8499755859375,685.5692749023438,2329260
2023-05-22,-0.14911253564475505,692.0,707.7999877929688,687.4500122070312,704.5999755859375,696.1910400390625,2182824
2023-05-23,0.27547327304879826,710.0,711.9000244140625,702.5,704.0999755859375,695.6969604492188,2324758
2023-05-24,-0.9490921999483058,700.0,706.5499877929688,694.5,696.0,687.6936645507812,1185182
2023-05-25,-0.45436518285423516,693.0,702.6500244140625,690.0,696.6500244140625,688.3359375,1213068
2023-05-26,0.3756362552133699,696.6500244140625,705.4500122070312,694.1500244140625,701.7000122070312,693.3256225585938,1461749
2023-05-29,-0.00030358450021594763,703.25,708.9500122070312,701.0999755859375,702.2000122070312,693.8197021484375,1467219
2023-05-30,0.0019264014554210007,701.0999755859375,717.9000244140625,697.9000244140625,704.5999755859375,696.1910400390625,3317461
2023-05-31,0.13606035397388042,701.1500244140625,704.9500122070312,691.0,696.2999877929688,687.9900512695312,14943096
2023-06-01,0.9827862715465017,698.9000244140625,701.9000244140625,691.1500244140625,693.8499755859375,685.5692749023438,1995511
2023-06-02,0.18805026514455675,698.0,709.0499877929688,695.75,706.5999755859375,698.1671142578125,3405152
2023-06-05,-0.351582198869437,708.9500122070312,714.0,703.0,712.1500244140625,703.6509399414062,2454283
2023-06-06,-0.11068239233766992,714.0,717.5,708.7999877929688,712.8499755859375,704.342529296875,2436996
2023-06-07,0.4032595303870039,715.25,732.2000122070312,714.0,729.75,721.0408325195312,3667486
2023-06-08,0.10254258059430868,729.75,764.4500122070312,727.8499755859375,748.7999877929688,739.863525390625,9618332
2023-06-09,-0.4920998019515537,751.5,756.9500122070312,741.5,748.5,739.567138671875,2408734
2023-06-12,0.9860486099108433,754.5999755859375,757.9500122070312,744.6500244140625,747.2999877929688,738.3814086914062,1703619
2023-06-13,0.27000004761309054,755.0,762.5999755859375,751.1500244140625,756.6500244140625,747.619873046875,3419413
2023-06-14,-0.0487460145886871,761.5499877929688,779.0,759.1500244140625,772.8499755859375,763.62646484375,4758206
2023-06-15,0.0013074975577183068,778.0,778.0,768.5,770.5999755859375,761.4033203125,2222061
2023-06-16,0.027228996623307467,776.9500122070312,781.7999877929688,772.7000122070312,776.0999755859375,766.8377075195312,2285788
2023-06-19,-0.07560262084007263,780.5,782.0,767.8499755859375,771.6500244140625,762.4408569335938,1422461
2023-06-20,0.5452399721123382,772.2000122070312,786.5,768.5499877929688,773.1500244140625,763.9229736328125,2282549
2023-06-21,0.06873577564692823,773.1500244140625,774.0,752.0499877929688,758.75,749.6947631835938,2768203
2023-06-22,-0.34426777095844346,754.2000122070312,763.75,745.9500122070312,752.3499755859375,743.37109375,1972478
2023-06-23,0.2650774232111871,750.0,758.7000122070312,743.8499755859375,746.5,737.5909423828125,1704679
2023-06-26,0.9330903179943562,749.9000244140625,751.3499755859375,737.1500244140625,748.7999877929688,739.863525390625,1602537
2023-06-27,-0.5821266068815021,750.0,765.0,749.0499877929688,762.5,753.4000244140625,2783577
2023-06-28,0.7517515988874948,768.0,791.4500122070312,762.0,783.4000244140625,774.0505981445312,8340755
2023-07-03,0.36817732440041645,788.0,808.2999877929688,787.0499877929688,794.0,784.5241088867188,4781944
2023-07-04,-0.7487021991983056,798.0,802.75,789.2999877929688,796.6500244140625,787.1425170898438,2473106
2023-07-05,-0.20502606240916066,796.7000122070312,803.5999755859375,788.0999755859375,791.9000244140625,782.4491577148438,2526894
2023-07-06,0.40689740491171295,804.4500122070312,804.5499877929688,789.0,795.5499877929688,786.0555419921875,3316923
2023-07-07,0.27992681227624416,796.0,801.9000244140625,784.4000244140625,788.4000244140625,778.990966796875,2547821
2023-07-10,0.9790540286339819,789.0,813.7999877929688,787.75,810.5999755859375,800.9259643554688,4777540
2023-07-11,0.49815441052487586,815.5499877929688,815.7000122070312,793.2999877929688,797.4000244140625,791.2022094726562,3085989
2023-07-12,-0.8979195915162563,804.5,814.7999877929688,788.6500244140625,805.7000122070312,799.4376831054688,25929716
2023-07-13,0.4888032446615398,810.7000122070312,814.2000122070312,796.7999877929688,802.1500244140625,795.915283203125,3049961
2023-07-14,-0.9793529009912163,807.9000244140625,807.9000244140625,792.0999755859375,804.8499755859375,798.59423828125,2011903
2023-07-17,0.3890211944429514,805.6500244140625,812.0,797.0,798.1500244140625,791.9463500976562,1769593
2023-07-18,0.20043952198466286,799.7999877929688,801.0,788.5,790.9000244140625,784.752685546875,1527919
2023-07-19,0.3385164668628325,796.0,797.8499755859375,789.0499877929688,791.9000244140625,785.7449340820312,1563134
2023-07-20,0.6929333112992546,795.0,801.4500122070312,785.75,799.0499877929688,792.8392944335938,1780010
2023-07-21,0.0780436127766734,798.0,823.3499755859375,782.5999755859375,786.4500122070312,780.3372802734375,8469798
2023-07-24,-0.27037198257166895,789.0,789.0,773.2000122070312,775.6500244140625,769.6212158203125,2710762
2023-07-25,-0.5414495530530985,778.0,805.5,777.0,800.5499877929688,794.32763671875,4850069
2023-07-26,-0.9438616805477068,807.4500122070312,809.0,800.0999755859375,805.4500122070312,799.1895751953125,3062011
2023-07-27,-0.9902848787855224,806.0,814.5,791.0,793.75,787.5805053710938,2865447
2023-07-28,-0.48428265121765435,795.0,806.0,786.0,804.1500244140625,797.8997192382812,2111325
2023-07-31,-0.45260069862706587,806.2000122070312,821.2000122070312,806.2000122070312,816.75,810.4017333984375,4226070
2023-08-01,-0.248234678292647,823.0,825.0,816.9500122070312,820.9000244140625,814.51953125,2406158
2023-08-02,-0.6620205645352447,817.0,817.8499755859375,798.3499755859375,804.25,797.9989013671875,1975596
2023-08-03,-0.19566097957015569,804.25,809.0,794.2000122070312,804.4500122070312,798.1973876953125,1829238
2023-08-04,0.6366686654121926,808.0,814.7999877929688,802.7999877929688,805.9500122070312,799.6857299804688,1275614
2023-08-07,-0.185087388753891,808.0,816.5999755859375,803.5499877929688,813.0499877929688,806.7305297851562,1422051
2023-08-08,-0.641173047747644,815.0499877929688,816.5,799.5,801.2999877929688,795.0718383789062,933777
2023-08-09,-0.6258760153432377,801.7000122070312,828.9000244140625,801.3499755859375,823.4500122070312,817.0496826171875,3133311
2023-08-10,-0.26043440503001747,825.0,835.0,819.25,831.5,825.037109375,6313077
2023-08-11,-0.5927192911040038,830.0,831.3499755859375,815.5999755859375,820.6500244140625,814.271484375,3239511
2023-08-14,-0.6916441007448487,815.0,815.0,793.5499877929688,799.4500122070312,793.2362060546875,1866848
2023-08-16,-0.35781218332704157,803.7000122070312,803.7000122070312,789.0,795.2999877929688,789.1184692382812,1317570
2023-08-17,-0.24327497074211185,794.8499755859375,796.6500244140625,783.5999755859375,789.75,783.6116333007812,1434401
2023-08-18,0.06914599166096498,789.9000244140625,793.9000244140625,783.2999877929688,787.0999755859375,780.982177734375,1546387
2023-08-21,0.09962803140349154,793.0,797.5999755859375,787.7999877929688,794.75,788.57275390625,1033216
2023-08-22,0.8320403827819973,799.9000244140625,799.9500122070312,792.2999877929688,795.2000122070312,789.019287109375,823108
2023-08-24,-0.191566268238239,800.0,806.7000122070312,786.1500244140625,787.9000244140625,781.7760009765625,1726077
2023-08-25,-0.6348629581443674,781.0,787.5499877929688,770.5499877929688,773.1500244140625,767.1406860351562,1502054
2023-08-28,0.9822233128361404,775.5,780.9500122070312,771.0,773.0,766.9918212890625,1769280
2023-08-29,0.5730971399811097,778.9000244140625,785.9000244140625,775.5499877929688,782.6500244140625,776.5668334960938,1807893
2023-08-30,0.028224050998687744,784.7000122070312,791.9500122070312,784.0999755859375,787.1500244140625,781.0318603515625,1978468
2023-08-31,0.9144548326730728,787.1500244140625,791.7999877929688,777.0,779.6500244140625,773.5901489257812,3999415
2023-09-01,0.6639325294017908,779.0,807.7000122070312,778.0,806.4000244140625,800.1322021484375,3513798
2023-09-04,0.7025009882781887,811.9500122070312,826.5999755859375,808.5,809.7999877929688,803.5057373046875,3571051
2023-09-05,0.019588290993124247,808.9500122070312,818.0,800.5,815.9500122070312,809.6079711914062,1770212
2023-09-06,-0.9982153099651138,816.0499877929688,817.5,803.2999877929688,814.9000244140625,808.566162109375,2225037
2023-09-07,0.3916176646744134,812.0499877929688,821.4000244140625,805.5,819.2999877929688,812.9319458007812,2652562
2023-09-08,0.11794409672438633,819.2999877929688,824.0,810.5999755859375,815.75,809.4095458984375,1866220
2023-09-12,0.5459759344133394,833.7999877929688,840.0,811.9000244140625,816.2000122070312,809.8560180664062,2776481
2023-09-13,-0.019234447740018368,818.0,820.1500244140625,808.0,810.7000122070312,804.3988037109375,1380634
2023-09-14,0.20166302619036286,812.9500122070312,825.0,808.8499755859375,810.3499755859375,804.0514526367188,2398032
2023-09-18,-0.4510418472200399,812.8499755859375,814.9500122070312,807.5499877929688,808.7999877929688,802.5135498046875,1335464
2023-09-20,-0.6470283129851201,808.0499877929688,810.7999877929688,785.2000122070312,786.75,780.6349487304688,3359951
2023-09-21,-0.39062356690410527,790.0,791.5999755859375,774.0,778.3499755859375,772.3001708984375,2875491
2023-09-22,0.12638219896083078,780.0,783.7000122070312,772.7000122070312,774.0499877929688,768.0336303710938,2147621
2023-09-25,-0.45796901937997475,776.9500122070312,783.4500122070312,774.3499755859375,779.9000244140625,773.8381958007812,2326745
2023-09-26,-0.9985044842760544,779.9000244140625,788.4000244140625,777.9500122070312,779.6500244140625,773.5901489257812,1727679
2023-09-27,-0.3329471340402961,780.0,785.7000122070312,774.6500244140625,779.5999755859375,773.5404663085938,2612372
2023-09-28,-0.1134956602472812,780.7000122070312,787.4000244140625,764.3499755859375,768.0999755859375,762.1298828125,3157286
2023-09-29,0.5605425770845613,775.8499755859375,783.9000244140625,771.4500122070312,779.5999755859375,773.5404663085938,1704218
2023-10-03,-0.5629416575247888,776.5499877929688,776.5499877929688,768.0,770.25,764.26318359375,1099773
2023-10-04,-0.9972474863170646,767.9500122070312,768.0,753.1500244140625,756.5999755859375,750.71923828125,1654158
2023-10-05,0.1889903433911968,762.0,762.6500244140625,752.9000244140625,755.5,749.6278076171875,1459736
2023-10-06,0.19149100298527627,760.3499755859375,771.1500244140625,758.6500244140625,765.2000122070312,759.25244140625,2026927
2023-10-09,-0.6643032914338013,756.5,761.4000244140625,749.1500244140625,757.5499877929688,751.661865234375,725323
2023-10-10,0.08374348582146922,759.6500244140625,774.2000122070312,757.2999877929688,771.9000244140625,765.900390625,1351582
2023-10-11,0.3439944249888261,776.0,782.5499877929688,774.5499877929688,777.25,771.2088012695312,1841618
2023-10-12,-0.14891226759729242,782.4000244140625,789.9500122070312,779.4500122070312,783.4500122070312,777.360595703125,2139718
2023-10-13,0.6507726418785751,778.0,780.0,773.0,777.25,771.2088012695312,998547
2023-10-16,-0.6926856651968721,777.25,794.3499755859375,773.0,790.7000122070312,784.5542602539062,2157341
2023-10-17,0.9867328372783959,792.7000122070312,796.0,788.1500244140625,790.1500244140625,784.008544921875,1050381
2023-10-18,-0.603624059620779,793.0999755859375,801.0,781.2000122070312,784.4000244140625,778.30322265625,1250892
2023-10-19,-0.4424805304235114,780.1500244140625,782.7000122070312,769.1500244140625,780.4500122070312,774.3839111328125,2130597
2023-10-20,-0.4656158196972683,779.5999755859375,779.75,761.9000244140625,769.4000244140625,763.4197998046875,1501944
2023-10-23,-0.6851207665256326,770.7999877929688,774.7999877929688,746.0999755859375,748.9500122070312,743.1287231445312,1715908
2023-10-25,0.4159642240514846,754.0999755859375,761.8499755859375,741.5,748.2999877929688,742.4837646484375,2417579
2023-10-26,-0.7868451344780624,744.7000122070312,745.0,725.5,728.7000122070312,723.0361328125,2519570
2023-10-27,-0.27852200481574985,729.7000122070312,735.4500122070312,725.25,732.0,726.3104858398438,1588987
2023-10-30,0.9933122891234234,734.7999877929688,736.7999877929688,726.0,734.5,728.7910766601562,1162173
2023-10-31,-0.29857116157654673,737.0,738.5499877929688,727.0,736.3499755859375,730.6266479492188,1363728
2023-11-01,-0.3750079683910978,736.9000244140625,737.2999877929688,723.0,724.4500122070312,718.8191528320312,1845107
2023-11-03,0.25320556851511355,735.9500122070312,748.0,735.0,746.0499877929688,740.2512817382812,2526039
2023-11-06,-0.11628287301088373,748.0999755859375,756.4500122070312,744.9000244140625,754.0,748.1394653320312,2782755
2023-11-07,-0.7120550326944795,757.0,759.5999755859375,746.9500122070312,748.5999755859375,742.7814331054688,2288975
2023-11-08,-0.07213424926158041,750.0,757.75,745.0,756.7000122070312,750.8185424804688,2664277
2023-11-09,-0.24627136093165194,756.7000122070312,759.9000244140625,749.0499877929688,750.8499755859375,745.013916015625,2579350
2023-11-10,-0.034377330186543986,751.9000244140625,759.0,745.0499877929688,754.75,748.8836669921875,1108868
2023-11-13,-0.7390791848883964,756.5499877929688,763.25,753.0,761.0999755859375,755.1842651367188,942603
2023-11-15,0.46662233211547854,769.0,782.5,769.0,772.8499755859375,766.8429565429688,2443652
2023-11-16,0.49291800244245676,770.5,774.2999877929688,763.4000244140625,769.1500244140625,763.1717529296875,1699954
2023-11-17,-0.12245947430427703,772.0,774.9000244140625,766.0,768.7999877929688,762.824462890625,1567731
2023-11-20,-0.9299866333603859,769.9000244140625,772.0,760.6500244140625,761.8499755859375,755.928466796875,1024654
2023-11-21,0.21228013462566125,766.8499755859375,779.5999755859375,765.9500122070312,775.7999877929688,769.77001953125,1846834
2023-11-22,0.4741404670375315,775.7999877929688,776.75,765.5,768.4500122070312,762.4771728515625,1312655
2023-11-23,-0.43453227637898334,771.9500122070312,777.9500122070312,767.1500244140625,775.5499877929688,769.52197265625,1068229
2023-11-24,-0.06039858028712582,779.0,786.25,776.4000244140625,782.0499877929688,775.971435546875,2069730
2023-11-28,0.988260664511472,785.0,785.5499877929688,778.75,782.3499755859375,776.2691040039062,858569
2023-11-29,-0.22345251593651483,783.2000122070312,794.7000122070312,783.2000122070312,793.25,787.0844116210938,1481172
2023-12-01,0.5112451322784182,805.0,815.0,796.9000244140625,810.7999877929688,804.4979858398438,2064512
2023-12-05,0.48323685002105776,816.0,826.0,814.2000122070312,821.7000122070312,815.3132934570312,1338828
2023-12-06,0.041877796640619636,824.9500122070312,833.4000244140625,815.2000122070312,824.7000122070312,818.2899780273438,1543909
2023-12-08,0.5139376550097949,824.7999877929688,853.4500122070312,822.0999755859375,839.3499755859375,832.8260498046875,7142037
2023-12-11,-0.8998566441732692,841.5499877929688,847.0,831.7999877929688,845.0999755859375,838.5313720703125,1630946
2023-12-12,0.39764369565733326,846.5999755859375,862.7999877929688,845.25,853.8499755859375,847.21337890625,2518863
2023-12-13,0.3133842247383048,854.8499755859375,859.2000122070312,840.0,851.4000244140625,844.782470703125,2170707
2023-12-14,0.5965653617604403,860.0,861.5499877929688,845.7999877929688,847.4000244140625,840.8135375976562,2711444
2023-12-15,0.43842756776471753,854.0499877929688,870.5499877929688,851.5999755859375,867.2000122070312,860.4596557617188,4058044
2023-12-18,-0.2446659201061052,844.0,865.5499877929688,836.1500244140625,854.9000244140625,848.2552490234375,4324786
2023-12-19,0.9191563050699187,855.5499877929688,861.5,847.5999755859375,858.7000122070312,852.0256958007812,1285256
2023-12-20,-0.02565387117647333,859.0,863.75,839.7000122070312,842.25,835.7035522460938,1764901
2023-12-21,-0.5040019051666604,830.0,847.6500244140625,820.0999755859375,841.9000244140625,835.3563232421875,2106856
2023-12-22,-0.09331787497891735,845.0,857.5499877929688,843.0999755859375,855.2999877929688,848.652099609375,1846933
2023-12-26,-0.2018131745280698,857.5,863.0,849.9500122070312,852.2999877929688,845.6754150390625,1294151
2023-12-27,0.7584435218304861,858.4500122070312,881.5,855.6500244140625,875.9000244140625,869.092041015625,2466359
2023-12-28,0.7387088645540644,882.9000244140625,895.75,874.0,880.7999877929688,873.9539184570312,4482599
2023-12-29,0.33791330456733704,882.0,887.5,873.2999877929688,880.25,873.408203125,1906630
2024-01-01,-0.7709460447367746,880.25,884.7999877929688,875.0,877.5999755859375,870.7787475585938,778184
2024-01-02,0.9993011978222057,883.8499755859375,883.8499755859375,859.0999755859375,870.2000122070312,863.4363403320312,1615515
2024-01-03,-0.8349118796301939,870.0,870.0,836.0,837.6500244140625,831.1393432617188,3983411
2024-01-04,-0.9808127686070899,840.25,843.7999877929688,835.0,837.0999755859375,830.5935668945312,1878399
2024-01-05,0.5395948360837792,838.9500122070312,845.7999877929688,827.2000122070312,829.4000244140625,822.9534301757812,2060548
2024-01-08,-0.07246308942558244,835.75,836.6500244140625,820.7000122070312,821.9500122070312,815.5613403320312,1107367
2024-01-09,-0.06561094103381038,828.5,831.9500122070312,819.25,821.4000244140625,815.015625,1458862
2024-01-10,-0.5556166551153486,823.8499755859375,831.3499755859375,811.2000122070312,829.7999877929688,823.350341796875,1265739
2024-01-11,0.4773166381637566,834.7999877929688,836.75,820.0999755859375,822.0499877929688,815.6605224609375,1205504
2024-01-12,-0.3161329115682747,824.5,830.7999877929688,821.25,825.7999877929688,819.3814086914062,1326357
2024-01-15,0.8914628252387047,827.7000122070312,830.5,820.0,825.1500244140625,818.7365112304688,1497605
2024-01-16,-0.3959032489510719,827.6500244140625,839.5,819.3499755859375,832.2999877929688,825.8308715820312,1920936
2024-01-17,-0.3409385174413079,830.0,830.0,810.0499877929688,812.6500244140625,806.3336791992188,1433551
2024-01-18,-0.9298053692909889,812.5,814.5,792.5999755859375,803.6500244140625,797.4036254882812,1991900
2024-01-19,-0.2451731569308322,805.25,820.7000122070312,805.25,816.6500244140625,810.3025512695312,1358166
2024-01-23,-0.9607694409787655,808.25,816.0,788.4500122070312,790.4000244140625,784.256591796875,1533222
2024-01-24,0.0015149768183214797,795.0,814.0,784.0,812.2000122070312,805.8871459960938,1490515
2024-01-25,-0.213907988211277,815.0,821.0,792.7999877929688,815.7000122070312,809.3599243164062,3240065
2024-01-29,0.42494673220618795,819.0499877929688,823.5999755859375,804.0,811.7000122070312,805.3909912109375,1574830
2024-01-30,-0.23380643287673591,818.0,829.3499755859375,810.1500244140625,812.0,805.6886596679688,1892910
2024-01-31,-0.4928103660058696,812.0,822.0,808.0499877929688,818.6500244140625,812.2869873046875,1954023
2024-02-01,-0.32046232442371547,822.0,822.0,800.0999755859375,801.7000122070312,795.46875,2287350
2024-02-02,0.2540200724033639,809.25,826.2999877929688,805.0999755859375,823.5499877929688,817.1488647460938,2871131
2024-02-05,-0.5790249493787997,824.1500244140625,834.0,811.0,814.6500244140625,808.318115234375,2056107
2024-02-06,-0.0026271992246620357,814.6500244140625,820.75,805.0999755859375,818.75,812.38623046875,1547506
2024-02-07,-0.30498628720233684,827.4000244140625,842.9000244140625,823.0,836.5999755859375,830.0974731445312,3647454
2024-02-09,0.42213863210054114,824.9000244140625,825.0,800.4500122070312,811.75,805.4406127929688,1396058
2024-02-12,0.524262934923172,818.0,819.5999755859375,802.4500122070312,811.5,805.1925659179688,1408603
2024-02-13,0.6818404602901345,812.9500122070312,814.7000122070312,790.5499877929688,812.6500244140625,806.3336791992188,1675844
2024-02-14,-0.5717084209124247,798.0,815.7999877929688,796.5499877929688,813.25,806.928955078125,1546826
2024-02-15,-0.9956965944729745,818.0,820.75,805.5999755859375,812.3499755859375,806.0359497070312,1482200
2024-02-16,0.5119576938718987,818.1500244140625,824.4000244140625,813.5,819.9500122070312,813.576904296875,1774587
2024-02-19,0.19721221290528773,825.9500122070312,825.9500122070312,814.0,820.2000122070312,813.824951171875,829517
2024-02-20,-0.30965237342752516,825.0,825.0,811.7999877929688,821.2000122070312,814.8171997070312,1384043
2024-02-21,-0.2370654502417892,821.0,850.0,820.9500122070312,828.25,821.8123779296875,6419882
2024-02-22,-0.9569076448096894,831.0,835.1500244140625,820.0499877929688,828.6500244140625,822.2092895507812,2366934
2024-02-23,-0.5711449865387598,835.0,836.2999877929688,819.25,821.0,814.6187133789062,1736000
2024-02-26,-0.9523020051419735,825.2000122070312,827.7999877929688,806.2000122070312,808.75,802.4639282226562,1188689
2024-02-27,0.9874147027730942,808.9500122070312,820.5499877929688,805.7000122070312,818.9500122070312,812.5846557617188,1331211
2024-02-28,-0.4940846781100845,822.7000122070312,822.75,795.0,798.5999755859375,792.392822265625,1851909
2024-02-29,-0.32490515381020185,801.0,805.9000244140625,790.0,800.0999755859375,793.8811645507812,3155812
2024-03-01,0.6601486179988569,804.25,839.7000122070312,804.25,836.2000122070312,829.7006225585938,5377896
2024-03-04,0.08863624206084447,839.0,839.0,818.5,824.2999877929688,817.89306640625,3821690
2024-03-05,-0.4201056865567807,825.0999755859375,826.6500244140625,811.0,819.2999877929688,812.9319458007812,2630517
2024-03-06,0.6262486733467085,820.4000244140625,823.0,800.0,812.9000244140625,806.5817260742188,2041620
2024-03-07,0.220927196330964,820.0,844.9000244140625,818.0499877929688,830.0,823.5487670898438,5074846
2024-03-11,-0.997617918998003,832.0,836.5999755859375,822.1500244140625,829.7999877929688,823.350341796875,1622850
2024-03-12,0.6108286535891239,829.0,829.2999877929688,815.0,817.7999877929688,811.443603515625,1231413
2024-03-13,-0.977442865842022,818.4000244140625,820.5999755859375,788.4500122070312,792.9500122070312,786.7867431640625,3047464
2024-03-14,-0.11073035158915445,792.0,792.9500122070312,761.75,785.4500122070312,779.3450317382812,5262918
2024-03-15,0.7264421020906108,782.0999755859375,790.2000122070312,774.5499877929688,780.6500244140625,774.5823974609375,3992861
2024-03-18,-0.10769091157999355,780.6500244140625,808.5,778.5,804.4000244140625,798.1477661132812,3561533
2024-03-19,-0.5539597556635272,802.0,809.9500122070312,793.75,801.0499877929688,794.8237915039062,2192986
2024-03-20,0.3690969498258912,802.2000122070312,810.0,789.2999877929688,794.6500244140625,788.4735717773438,1538050
2024-03-21,0.9417036027589347,804.0,819.4500122070312,803.0999755859375,812.3499755859375,806.0359497070312,2783067
2024-03-22,0.6660667909309268,808.0,832.9500122070312,806.75,824.7999877929688,818.38916015625,3983433
2024-03-26,0.999321690731449,820.5499877929688,834.0,818.0499877929688,821.9000244140625,815.5117797851562,2454193
2024-03-27,-0.9582264345760146,825.0,832.4000244140625,815.4000244140625,818.0499877929688,811.691650390625,1884038
2024-03-28,0.26935727521777153,827.0,840.8499755859375,820.0,830.2000122070312,823.7472534179688,3722941
2024-04-01,0.10722309376797057,838.0,876.4500122070312,838.0,871.9500122070312,865.1727294921875,6053539
2024-04-02,0.9988274149945937,871.0999755859375,881.8499755859375,861.5499877929688,879.25,872.4159545898438,2784783
2024-04-03,-0.42971311981091276,877.8499755859375,879.5499877929688,867.0999755859375,869.0,862.2456665039062,1980049
2024-04-04,0.7321970792982029,876.2999877929688,878.6500244140625,853.5499877929688,862.5,855.796142578125,2790334
2024-04-05,-0.9237362884159666,860.0,864.5499877929688,846.9500122070312,857.0999755859375,850.4381103515625,1847243
2024-04-08,0.7440182515937421,864.0,878.0,860.25,876.4500122070312,869.6377563476562,2462906
2024-04-09,0.24063936575112166,881.7999877929688,891.4500122070312,870.5499877929688,874.5999755859375,867.8020629882812,2512308
2024-04-10,0.08654207869299821,881.3499755859375,889.0,875.3499755859375,883.9500122070312,877.0794677734375,2519596
2024-04-12,-0.7317905653201576,883.9000244140625,883.9000244140625,862.0,866.4500122070312,859.7154541015625,4129109
2024-04-15,-0.8410451705234924,862.9000244140625,882.0,850.25,860.4500122070312,853.7620849609375,1974756
2024-04-18,-0.8323355093598366,846.0999755859375,858.0,841.7000122070312,844.7999877929688,838.2337036132812,3437879
2024-04-19,0.28808140473556704,842.8499755859375,867.2999877929688,833.2000122070312,864.7999877929688,858.0782470703125,3157898
2024-04-22,0.7933189265313558,867.0999755859375,870.9000244140625,853.4500122070312,854.7999877929688,848.156005859375,1584578
2024-04-23,0.050758250639773905,858.5,865.0,848.5499877929688,851.3499755859375,844.7327880859375,1755588
2024-04-24,0.6121051865872383,851.3499755859375,886.0,850.0,882.7000122070312,875.8391723632812,4257548
2024-04-25,-0.0801313566418165,882.7000122070312,909.4000244140624,874.3499755859375,905.7999877929688,898.7595825195312,4893459
2024-04-26,0.05253447785175273,910.0,914.0,884.6500244140625,887.25,880.3538208007812,3626999
2024-04-29,-0.9954259837977588,898.4000244140625,902.5,886.1500244140625,895.75,888.7877197265625,1956431
2024-04-30,-0.5134783023240743,902.4500122070312,902.75,880.0499877929688,882.2000122070312,875.3430786132812,1831578
2024-05-02,0.0014586783945560455,883.0,894.5999755859375,883.0,890.3499755859375,883.4296875,2448369
2024-05-03,-0.09318143427986393,895.8499755859375,903.7000122070312,866.0,874.2000122070312,867.4052124023438,3672279
2024-05-06,-0.9661397207528353,879.7000122070312,893.0,874.3499755859375,880.6500244140625,873.8051147460938,2556178
2024-05-07,-0.999532359521254,880.6500244140625,881.0499877929688,845.75,857.3499755859375,850.6861572265625,2369111
2024-05-08,-0.6892105152558846,850.4000244140625,866.5999755859375,850.4000244140625,864.6500244140625,857.9295043945312,1849894
2024-05-09,-0.9986433681527463,864.7000122070312,868.7999877929688,831.0499877929688,834.5499877929688,828.0634155273438,2282517
2024-05-10,0.9618488655833062,835.9500122070312,855.9500122070312,835.9500122070312,853.5999755859375,846.96533203125,1947295
2024-05-13,-0.16705221484049357,847.8499755859375,862.5,830.0,860.5999755859375,853.910888671875,1735081
2024-05-14,0.34135206751525404,864.1500244140625,884.9500122070312,861.2000122070312,881.5,874.6484985351562,2706050
2024-05-15,-0.8125295544907983,882.0,883.5,863.4000244140625,870.9500122070312,864.1804809570312,2194086
2024-05-16,0.5113406707532704,872.7999877929688,888.4500122070312,864.4500122070312,886.4000244140625,879.5104370117188,3282175
2024-05-17,0.33951863804314697,888.0,914.9500122070312,878.7000122070312,907.4500122070312,900.3967895507812,4635724
2024-05-21,-0.53507466740557,892.0,928.9500122070312,890.7999877929688,923.4500122070312,916.2724609375,5938708
2024-05-22,0.014889964717440307,925.0,927.2999877929688,906.0499877929688,915.7999877929688,908.681884765625,2938404
2024-05-23,0.7443883102765539,912.0,920.8499755859376,890.7000122070312,917.0,909.87255859375,3800388
2024-05-24,0.11871446979542573,915.0,925.0,906.0499877929688,908.6500244140624,901.5874633789062,2113036
2024-05-27,0.5934245056123473,910.5,919.1500244140624,900.0999755859375,901.9500122070312,894.9395751953125,1893682
2024-05-28,-0.4706680604722351,905.8499755859376,915.8499755859376,901.2000122070312,907.3499755859376,900.2975463867188,1931419
2024-05-29,-0.9670294725219719,899.5999755859375,910.0,896.4500122070312,901.9000244140624,894.8899536132812,1740879
2024-05-30,-0.5727065420942381,900.0,900.7999877929688,873.25,883.7000122070312,876.8314208984375,3993159
2024-05-31,0.4167472043385108,892.0,895.4500122070312,877.0,880.5499877929688,873.7058715820312,5249761
2024-06-03,-0.45224905014038086,912.0,917.7000122070312,897.7999877929688,915.2999877929688,908.1857299804688,2541803
2024-06-04,-0.957808171515353,914.0,914.0,823.7999877929688,841.8499755859375,835.306640625,4022430
2024-06-05,-0.004898444632999599,857.0,881.7000122070312,829.1500244140625,878.4000244140625,871.5726318359375,1969854
2024-06-06,-0.9688936155289412,884.0,892.9000244140625,877.5,888.0999755859375,881.1971435546875,3095781
2024-06-07,0.9990629930107389,888.0999755859375,915.4000244140624,877.0999755859375,912.1500244140624,905.060302734375,3609817
2024-06-10,0.10199638970079832,907.0,920.0,900.75,915.9000244140624,908.7811279296876,1765715
2024-06-11,-0.5477224081299606,915.9500122070312,918.7999877929688,905.0499877929688,910.0999755859376,903.0261840820312,2003998
2024-06-12,0.9927992671728134,910.0499877929688,924.2999877929688,908.0499877929688,916.9000244140624,909.7733764648438,1782777
2024-06-13,0.9767767558805645,917.5499877929688,925.0499877929688,908.0499877929688,915.75,908.6322631835938,1788757
2024-06-14,-0.6772842582625648,914.0,923.5,903.5999755859376,921.1500244140624,913.9903564453124,2625892
2024-06-18,0.8374890704581048,921.1500244140624,927.4500122070312,914.2999877929688,925.3499755859376,918.1576538085938,2395045
2024-06-19,0.5962755001848563,929.0,936.9000244140624,913.2999877929688,914.9500122070312,907.8385009765624,1793533
2024-06-20,0.06076377842691727,914.9500122070312,938.0,911.2999877929688,929.6500244140624,922.4242553710938,3120339
2024-06-21,-0.027973188989562914,929.0,944.0,923.1500244140624,936.9000244140624,929.617919921875,4299319
2024-06-24,-0.9970143843675032,936.0,941.6500244140624,922.0,935.3499755859376,928.0798950195312,1857847
2024-06-25,0.30139337398213684,936.9000244140624,940.0,927.9500122070312,929.9000244140624,922.6723022460938,1733931
2024-06-26,-0.5005527290340979,930.9000244140624,932.4500122070312,918.0999755859376,919.2000122070312,912.0554809570312,1341496
2024-06-27,-0.01680250794015592,916.2000122070312,945.5999755859376,915.2999877929688,943.1500244140624,935.8193359375,4700053
2024-06-28,0.2953144263359718,943.1500244140624,949.4000244140624,928.75,931.5,924.2598266601562,2402672
2024-07-01,0.12990336656512227,935.0,947.5,931.5999755859376,943.9000244140624,936.5634765625,2562034
2024-07-03,0.4482495828997344,939.5,953.4000244140624,939.0499877929688,950.4000244140624,943.0130004882812,1369238
2024-07-04,0.9911600276827812,950.4000244140624,959.4000244140624,943.0,944.3499755859376,937.0099487304688,1384884
2024-07-05,-0.8680001953034662,948.0,956.0,945.2000122070312,954.0499877929688,946.6345825195312,1583550
2024-07-08,-0.9775489148580365,955.9000244140624,955.9000244140624,934.0499877929688,939.2000122070312,931.9000244140624,1569620
2024-07-09,0.3383210629367063,939.0,940.7999877929688,932.2999877929688,935.2999877929688,935.2999877929688,1489629
2024-07-10,-0.6482179506367954,931.0,935.2999877929688,918.9000244140624,925.4000244140624,925.4000244140624,1483892
2024-07-11,0.9980959011008963,927.1500244140624,932.0,915.4500122070312,925.0,925.0,2348723
2024-07-12,0.9985887980437838,929.9500122070312,937.75,924.0,934.4000244140624,934.4000244140624,1498780
2024-07-15,0.48536887269001455,937.9500122070312,938.7000122070312,926.1500244140624,931.7000122070312,931.7000122070312,1337839
2024-07-18,-0.9928330678667407,934.3499755859376,935.3499755859376,921.3499755859376,931.4500122070312,931.4500122070312,1812254
2024-07-19,-0.6040391010663007,927.0,927.5,886.5499877929688,889.4500122070312,889.4500122070312,3001973
2024-07-22,-0.01621976145543158,875.5,893.4000244140625,865.1500244140625,888.5499877929688,888.5499877929688,2725373
2024-07-23,-0.22409097012132406,890.0,896.1500244140625,872.0,893.9500122070312,893.9500122070312,1640412
2024-07-24,-0.9695411049760878,895.0,895.0,880.0,881.3499755859375,881.3499755859375,1519772
2024-07-25,-0.9955313669440026,870.0,880.0,862.4000244140625,874.5,874.5,1636466
2024-07-26,0.4203169993790133,880.0,908.7999877929688,875.2999877929688,900.5499877929688,900.5499877929688,2056457
2024-07-30,0.4675823177676648,895.0499877929688,907.9500122070312,890.1500244140625,902.0999755859376,902.0999755859376,979026
2024-07-31,0.13315263064578176,908.9500122070312,936.3499755859376,902.7000122070312,928.25,928.25,2716481
2024-08-01,0.5266972498618998,937.5499877929688,957.9500122070312,927.75,934.5499877929688,934.5499877929688,4039078
2024-08-02,-0.6643444318906404,919.9000244140624,923.8499755859376,896.0,899.5499877929688,899.5499877929688,3306705
2024-08-05,-0.6054220603371505,884.0,884.0,854.1500244140625,863.7999877929688,863.7999877929688,4059902
2024-08-06,-0.00012826778402086347,867.0499877929688,893.0499877929688,867.0499877929688,884.0,884.0,2665068
2024-08-07,-0.12818317711353303,899.0,910.6500244140624,895.0,906.4500122070312,906.4500122070312,2262055
2024-08-08,-0.8131418384922048,900.0,902.9500122070312,883.4000244140625,887.5499877929688,887.5499877929688,2796559
2024-08-09,-0.023843240358733704,896.0499877929688,914.75,889.0,905.0999755859376,905.0999755859376,1722454
2024-08-12,0.097539796581259,904.7999877929688,926.2000122070312,898.0999755859375,917.3499755859376,917.3499755859376,3822527
2024-08-13,0.19796527231422564,925.0,927.5,905.0,907.8499755859376,907.8499755859376,1329629
2024-08-14,-0.5286881982465275,911.9500122070312,911.9500122070312,885.4000244140625,890.2999877929688,890.2999877929688,2024615
2024-08-16,-0.36250359906504553,900.0,910.7000122070312,882.5499877929688,908.4500122070312,908.4500122070312,2208842
2024-08-19,-0.3324636808780876,910.0,920.0,903.9000244140624,917.75,917.75,847523
2024-08-20,-0.2640801298742493,923.9000244140624,923.9000244140624,910.7999877929688,917.1500244140624,917.1500244140624,696605
2024-08-21,-0.14581956454951847,910.0,927.0,908.0999755859376,925.7999877929688,925.7999877929688,1600466
2024-08-22,0.9174961360792319,927.0499877929688,934.8499755859376,924.7999877929688,933.25,933.25,1073406
2024-08-23,-0.849425844475627,934.5999755859376,943.9500122070312,929.1500244140624,941.0499877929688,941.0499877929688,1441218
2024-08-26,-0.5100930919870734,945.5,968.9000244140624,937.2000122070312,963.5,963.5,2364465
2024-08-27,-0.3698571795684984,963.4500122070312,966.9500122070312,942.75,944.0,944.0,2480788
2024-08-28,-0.8205519488595504,947.5,951.5,935.0,949.25,949.25,2285575
2024-08-29,0.20045406290446408,945.0,950.5,930.7999877929688,939.7000122070312,939.7000122070312,2233515
2024-08-30,-0.9965476979268715,947.9000244140624,954.75,938.6500244140624,941.0999755859376,941.0999755859376,2896103
2024-09-02,-0.3197624880510072,941.0999755859376,951.4500122070312,936.1500244140624,940.4500122070312,940.4500122070312,1316611
2024-09-03,-0.5431366383563727,937.0999755859376,941.5499877929688,929.9500122070312,930.9500122070312,930.9500122070312,1116938
2024-09-04,-0.9720542144703879,920.0,934.7000122070312,912.0,933.0499877929688,933.0499877929688,3020790
2024-09-05,-0.6492556412316238,934.5499877929688,944.5499877929688,923.75,925.4500122070312,925.4500122070312,1482001
2024-09-06,-0.993555545475101,925.4500122070312,939.4000244140624,911.7000122070312,932.7999877929688,932.7999877929688,1984209
2024-09-09,0.1732790907844901,923.0,936.7000122070312,919.0499877929688,934.25,934.25,1793548
2024-09-10,0.2454265058040619,934.0999755859376,948.5,929.7999877929688,938.75,938.75,1388455
2024-09-11,-0.8548844071143927,941.0499877929688,944.2999877929688,924.25,927.75,927.75,1087490
2024-09-12,0.2326826029872921,935.7999877929688,957.5999755859376,929.0,954.7999877929688,954.7999877929688,3061006
2024-09-13,-0.33336975426451926,958.0,972.4500122070312,951.3499755859376,954.5499877929688,954.5499877929688,2445329
2024-09-16,0.8320478016859851,961.4000244140624,978.5499877929688,957.0999755859376,971.0,971.0,2186706
2024-09-17,-0.9184050264302641,971.0,974.5499877929688,961.7000122070312,964.25,964.25,543055
2024-09-18,0.8605368608608842,962.0499877929688,970.9500122070312,950.0,956.7000122070312,956.7000122070312,644373
2024-09-19,0.004751372180180624,960.0,965.9500122070312,944.0,948.4000244140624,948.4000244140624,1278919
2024-09-20,0.3786870308686048,970.0,988.0,965.2000122070312,981.5499877929688,981.5499877929688,8035572
2024-09-23,-0.3118916768580675,986.0,987.9500122070312,976.2000122070312,982.0999755859376,982.0999755859376,1714600
2024-09-24,0.6603091177620137,991.2999877929688,1009.7999877929688,985.1500244140624,989.7000122070312,989.7000122070312,5545642
2024-09-25,0.002537538719479926,996.0,998.6500244140624,972.7000122070312,982.6500244140624,982.6500244140624,1309311
2024-09-26,0.9958162578404881,984.0,1007.9500122070312,975.4500122070312,1005.5499877929688,1005.5499877929688,2706617
2024-09-27,0.3325540052319411,1008.0,1018.9000244140624,997.5,1001.5499877929688,1001.5499877929688,2757284
2024-09-30,-0.4217943761655728,1004.0,1032.9000244140625,1004.0,1030.050048828125,1030.050048828125,4250590
2024-10-01,0.4854436830210034,1029.0,1029.949951171875,1014.4000244140624,1027.300048828125,1027.300048828125,1392457
2024-10-03,-0.681402622726247,1028.0,1060.0,1025.449951171875,1039.0999755859375,1039.0999755859375,6615927
2024-10-04,0.24632407307702428,1042.0,1063.0,1027.300048828125,1033.75,1033.75,4855592
2024-10-07,-0.19764507208019494,1039.949951171875,1044.0999755859375,1012.5,1018.75,1018.75,2708970
2024-10-08,0.07073010297277836,1014.4000244140624,1014.4000244140624,984.0,998.2000122070312,998.2000122070312,4115797
2024-10-09,-0.4104694467193137,999.9000244140624,1011.5,985.0,994.5,994.5,2138939
2024-10-10,0.14844925313567123,999.0,1012.9500122070312,996.75,1007.4000244140624,1007.4000244140624,1368830
2024-10-11,-0.5698360349141205,1007.2999877929688,1025.949951171875,1006.0,1012.0499877929688,1012.0499877929688,1957211
2024-10-14,0.993221234496256,1017.0,1032.0,1009.4000244140624,1012.5,1012.5,1831080
2024-10-15,-0.11992435536992091,1012.5,1020.5999755859376,992.0,1000.8499755859376,1000.8499755859376,1444250
2024-10-16,-0.6638758484429369,995.0,1004.7999877929688,982.0499877929688,989.3499755859376,989.3499755859376,1248745
2024-10-18,0.9724632451543584,978.5,998.25,973.0999755859376,992.5999755859376,992.5999755859376,1291683
